answer_id,department,orig_is_multi,dragonkue/snowflake-arctic-embed-l-v2.0-ko,Snowflake/snowflake-arctic-embed-l-v2.0,telepix/PIXIE-Rune-v1.0,nlpai-lab/KURE-v1,BAAI/bge-m3,Alibaba-NLP/gte-multilingual-base
9cc895b8-f03e-11ef-b7c9-010101010000,치과,1,2,1,2,3,1,1
9cc91eea-f03e-11ef-a3dd-010101010000,내과,0,1,1,1,1,1,1
9cc945eb-f03e-11ef-9e94-010101010000,외과,1,1,1,1,2,1,1
9cca3051-f03e-11ef-85a0-010101010000,피부과,0,1,1,1,1,1,1
9ccb1aae-f03e-11ef-8255-010101010000,내과,1,142,187,158,161,217,209
9ccb41bf-f03e-11ef-9a93-010101010000,내과,0,3,4,7,16,22,120
9cce00e0-f03e-11ef-8bfe-010101010000,외과,1,3,4,5,8,2,1
9ccec434-f03e-11ef-b209-010101010000,외과,1,96,446,69,36,78,7
9cd15c42-f03e-11ef-b4e4-010101010000,치과,0,2,3,2,4,4,3
9cd21f96-f03e-11ef-8c18-010101010000,내과,0,5,3,4,8,9,10
9cd309eb-f03e-11ef-9b31-010101010000,외과,1,10,8,10,43,34,1
9cd44270-f03e-11ef-afae-010101010000,내과,1,4,4,6,8,3,1
9cd4697c-f03e-11ef-8daf-010101010000,내과,0,73,101,63,72,81,50
9cd68c9f-f03e-11ef-9099-010101010000,내과,1,111,81,94,112,69,266
9cd6daaf-f03e-11ef-8c55-010101010000,내과,0,22,33,18,15,44,766
9cd79e0b-f03e-11ef-92ce-010101010000,내과,0,1,1,1,1,1,1
9cdbd0bb-f03e-11ef-9573-010101010000,피부과,1,3,3,3,1,1,2
9cdbf7ca-f03e-11ef-8996-010101010000,내과,1,67,28,40,39,13,18
9cdcbb26-f03e-11ef-8e3e-010101010000,내과,0,1,1,1,1,1,1
9ce08baf-f03e-11ef-ba87-010101010000,내과,1,1,1,1,1,1,1
9ce17611-f03e-11ef-a638-010101010000,외과,1,9,7,10,32,92,26
9ce1eb2b-f03e-11ef-b723-010101010000,외과,1,1,1,4,8,7,659
9ce2ae8a-f03e-11ef-a2c8-010101010000,내과,1,1,2,3,4,10,16
9ce594f1-f03e-11ef-9025-010101010000,내과,0,1,1,1,5,3,19
9ce67f45-f03e-11ef-8d9e-010101010000,외과,1,1,1,1,3,2,19
9ce84105-f03e-11ef-abc8-010101010000,외과,0,1,1,1,2,2,4
9ce92b6b-f03e-11ef-a6cb-010101010000,내과,0,1,1,2,3,2,3
9ce9eeb8-f03e-11ef-8fec-010101010000,외과,1,18,8,17,28,32,3
9cea63ea-f03e-11ef-bc3c-010101010000,내과,0,3,1,5,5,6,4
9cead91e-f03e-11ef-b517-010101010000,내과,0,1,1,1,1,3,1
9cebc376-f03e-11ef-9534-010101010000,내과,1,20,14,24,54,25,12
9cebeaa4-f03e-11ef-b0c5-010101010000,내과,0,1,1,1,2,2,1
9ced7120-f03e-11ef-a200-010101010000,내과,1,10,3,7,7,4,2
9ceed0bb-f03e-11ef-950c-010101010000,외과,0,6,4,6,6,3,14
9cefe221-f03e-11ef-8890-010101010000,내과,1,1,1,1,5,5,1
9cf05758-f03e-11ef-8aaf-010101010000,내과,1,1,1,1,1,1,4
9cf6ace1-f03e-11ef-a727-010101010000,외과,1,2,2,2,2,2,1
9cf74961-f03e-11ef-915d-010101010000,내과,0,15,7,11,51,19,25
9cfa7da5-f03e-11ef-84b4-010101010000,내과,1,1,1,1,1,1,1
9cfaf2e9-f03e-11ef-b008-010101010000,외과,0,2,1,2,1,2,12
9cfb19ec-f03e-11ef-aa81-010101010000,외과,1,2507,3375,3463,4870,4164,1237
9cfceec2-f03e-11ef-8daf-010101010000,내과,0,461,1838,383,1365,1356,2044
9cfe7554-f03e-11ef-81c9-010101010000,외과,1,30,30,33,8,4,6
9cfeea95-f03e-11ef-887e-010101010000,피부과,1,1,1,2,2,1,34
9d01a99c-f03e-11ef-8122-010101010000,피부과,1,3,3,3,2,2,1
9d02e22e-f03e-11ef-8420-010101010000,피부과,0,1,1,1,1,1,1
9d03ccb5-f03e-11ef-9964-010101010000,치과,0,1,1,1,1,1,1
9d0678eb-f03e-11ef-b27b-010101010000,내과,0,12,8,8,4,6,9
9d08c2d1-f03e-11ef-8f45-010101010000,외과,1,117,154,106,159,212,138
9d0a4983-f03e-11ef-9195-010101010000,내과,0,1,1,1,1,2,1
9d0bf72d-f03e-11ef-8dd9-010101010000,피부과,1,702,1547,865,2415,1632,2504
9d0cba7b-f03e-11ef-abc3-010101010000,외과,0,1,1,1,1,1,222
9d0ce187-f03e-11ef-a588-010101010000,내과,1,1,1,1,2,3,2
9d0da4d1-f03e-11ef-b1b7-010101010000,내과,0,1,1,1,1,1,1
9d0e8f42-f03e-11ef-8569-010101010000,피부과,0,3,2,4,4,6,8
9d0f7998-f03e-11ef-9a9f-010101010000,내과,0,1,1,1,1,2,2
9d1238af-f03e-11ef-9711-010101010000,내과,0,1,1,1,1,1,1
9d134a64-f03e-11ef-8858-010101010000,외과,0,1,1,1,1,1,1
9d158132-f03e-11ef-8e86-010101010000,피부과,0,1,1,1,4,4,1
9d1a1504-f03e-11ef-be2a-010101010000,내과,0,6,5,7,22,51,17
9d1d9785-f03e-11ef-a02b-010101010000,내과,1,4,3,5,4,2,1
9d1de5a1-f03e-11ef-a2c7-010101010000,외과,1,2,2,2,2,2,3
9d2119ee-f03e-11ef-a278-010101010000,외과,0,20,8,26,59,25,3
9d222b9d-f03e-11ef-9dfc-010101010000,내과,0,29,50,24,17,8,23
9d2279ca-f03e-11ef-becb-010101010000,내과,0,74,99,97,359,493,9
9d24276e-f03e-11ef-bfde-010101010000,내과,0,2,2,1,2,2,1
9d246240-f03e-11ef-9490-010101010000,외과,0,1,1,1,2,1,2
9d288137-f03e-11ef-8117-010101010000,내과,0,8,10,11,24,16,15
9d29b9b8-f03e-11ef-b060-010101010000,내과,1,2,1,4,7,2,1
9d2a07ca-f03e-11ef-a115-010101010000,피부과,1,3,3,4,40,20,11
9d2aa419-f03e-11ef-b5e5-010101010000,내과,0,84,62,102,292,226,1086
9d2acb1b-f03e-11ef-a97a-010101010000,피부과,0,3,2,3,7,7,5
9d2e74a6-f03e-11ef-8e30-010101010000,외과,1,1,1,1,1,1,1
9d3133c6-f03e-11ef-bf33-010101010000,안과,0,1,1,2,2,5,1
9d332fcd-f03e-11ef-aab0-010101010000,내과,1,146,69,146,60,22,49
9d347c52-f03e-11ef-8aef-010101010000,내과,0,1,1,1,1,1,2
9d395e4d-f03e-11ef-a9fb-010101010000,안과,1,8,5,8,45,40,149
9d3cb9b4-f03e-11ef-b9c5-010101010000,내과,0,1,1,1,1,1,1
9d3da415-f03e-11ef-adab-010101010000,내과,0,1,1,1,1,1,3
9d3eb57c-f03e-11ef-b7bc-010101010000,내과,1,2,3,2,6,37,2
9d408a40-f03e-11ef-93f8-010101010000,피부과,0,16,12,21,33,25,36
9d44bd19-f03e-11ef-abeb-010101010000,내과,0,1,1,1,1,1,2
9d4691d8-f03e-11ef-8831-010101010000,외과,0,1,1,2,2,2,8
9d475534-f03e-11ef-a4e9-010101010000,외과,0,4,3,8,6,7,8
9d49510a-f03e-11ef-9d3b-010101010000,내과,0,2,2,2,2,2,2
9d4ad7ab-f03e-11ef-ba02-010101010000,피부과,0,2,1,2,2,2,2
9d4c1029-f03e-11ef-9661-010101010000,내과,0,3,4,3,13,13,9
9d4e330e-f03e-11ef-90c4-010101010000,피부과,1,84,60,115,123,57,174
9d52ac87-f03e-11ef-a559-010101010000,내과,0,5,4,7,20,31,22
9d5321b1-f03e-11ef-881e-010101010000,내과,1,29,30,28,37,24,57
9d5396e0-f03e-11ef-bdad-010101010000,내과,0,1,1,2,3,4,91
9d54cf63-f03e-11ef-b9a6-010101010000,내과,1,1,1,1,1,1,4
9d565607-f03e-11ef-a419-010101010000,내과,1,1,1,1,1,1,2
9d57b594-f03e-11ef-b45c-010101010000,내과,0,1,1,1,2,4,2
9d57dcb8-f03e-11ef-9fce-010101010000,내과,0,40,43,24,43,29,5
9d591528-f03e-11ef-b718-010101010000,외과,1,2,2,4,3,3,16
9d591529-f03e-11ef-976b-010101010000,내과,1,1,1,1,3,2,4
9d593c3f-f03e-11ef-b2d4-010101010000,내과,0,1,1,1,1,1,3
9d5a269b-f03e-11ef-8e51-010101010000,내과,1,2,4,1,3,1,4
9d5a9bc2-f03e-11ef-a643-010101010000,외과,0,6,4,12,36,32,501
9d5e9369-f03e-11ef-b93e-010101010000,내과,1,1,1,1,1,1,1
9d5ee189-f03e-11ef-9ac8-010101010000,내과,0,1,1,1,1,1,1
9d60b688-f03e-11ef-91e3-010101010000,내과,0,1,1,1,1,1,1
9d61d730-f03e-11ef-824e-010101010000,내과,1,1,1,1,1,1,1
9d624c6d-f03e-11ef-a747-010101010000,외과,1,1,1,1,1,1,3
9d68b502-f03e-11ef-8e8a-010101010000,피부과,0,2,1,3,3,3,14
9d699f66-f03e-11ef-bdf2-010101010000,외과,0,2,2,2,1,1,1
9d6be956-f03e-11ef-98e7-010101010000,내과,0,2,2,5,5,7,25
9d6cfac3-f03e-11ef-b944-010101010000,내과,1,8,28,17,7,5,1
9d6d48e0-f03e-11ef-86d7-010101010000,내과,0,6,6,7,8,6,3
9d6e3349-f03e-11ef-87ef-010101010000,외과,1,1,1,1,1,1,4
9d6f92ff-f03e-11ef-b07d-010101010000,내과,0,1,1,1,1,1,1
9d705657-f03e-11ef-9943-010101010000,외과,0,637,719,705,323,271,721
9d70dfb4-f03e-11ef-9930-010101010000,외과,0,2,1,2,2,2,3
9d732994-f03e-11ef-901f-010101010000,내과,0,1,1,1,3,4,1
9d75e8bb-f03e-11ef-b736-010101010000,피부과,1,65,136,59,44,11,90
9d76ac0d-f03e-11ef-81fd-010101010000,내과,0,2,2,2,6,7,2
9d776f57-f03e-11ef-8d00-010101010000,외과,0,2,9,2,3,2,1
9d7c033a-f03e-11ef-9055-010101010000,내과,0,11,15,8,490,1543,6656
9d7c786c-f03e-11ef-b52d-010101010000,피부과,0,28,34,25,53,44,15
9d7c9f75-f03e-11ef-a87e-010101010000,내과,0,1,1,1,1,1,1
9d7cc67f-f03e-11ef-ad91-010101010000,외과,0,1,1,1,3,1,10
9d7ee98f-f03e-11ef-850d-010101010000,내과,1,1,2,1,2,2,2
9d7fd3e6-f03e-11ef-a802-010101010000,치과,0,1,1,1,1,1,1
9d8034d6-f03e-11ef-ab5b-010101010000,피부과,0,1,1,1,1,1,1
9d805beb-f03e-11ef-9b72-010101010000,피부과,0,1,1,1,1,1,11
9d827ebf-f03e-11ef-9563-010101010000,외과,0,4,3,2,1,1,2
9d847a93-f03e-11ef-8487-010101010000,피부과,1,4,15,8,4,2,18
9d8516dc-f03e-11ef-9d42-010101010000,내과,0,3,6,1,1,1,1
9d858c08-f03e-11ef-a007-010101010000,외과,1,15,31,12,15,16,21
9d89358d-f03e-11ef-bf66-010101010000,내과,0,1,1,1,2,3,49
9d8b7f7c-f03e-11ef-ac57-010101010000,내과,0,1,1,1,1,1,1
9d946d83-f03e-11ef-b868-010101010000,내과,1,844,829,767,5811,4710,1859
9d96de76-f03e-11ef-8773-010101010000,내과,1,1,1,1,1,3,4
9d977abd-f03e-11ef-aa64-010101010000,내과,1,1,1,1,1,1,1
9d992865-f03e-11ef-84b4-010101010000,외과,0,9,6,6,8,6,34
9d9cf92b-f03e-11ef-a1dc-010101010000,외과,1,1,1,1,1,1,1
9d9d4755-f03e-11ef-abff-010101010000,외과,0,1,1,1,1,1,4
9d9d6e58-f03e-11ef-a662-010101010000,피부과,0,1,1,2,3,1,4
9da0688b-f03e-11ef-b270-010101010000,치과,0,19,29,28,9,9,26
9da52373-f03e-11ef-9cd3-010101010000,외과,0,3,3,3,26,17,9
9db05b15-f03e-11ef-ab5b-010101010000,외과,0,1,1,1,2,2,2
9db27dfc-f03e-11ef-8bd3-010101010000,외과,1,3,2,3,3,1,2
9db4a0eb-f03e-11ef-9c4a-010101010000,치과,0,1,1,1,1,2,1
9dba4626-f03e-11ef-8829-010101010000,피부과,0,4,3,4,12,26,9
9dbd67c6-f03e-11ef-a043-010101010000,외과,1,2,1,2,3,6,28
9dc779e0-f03e-11ef-983c-010101010000,외과,0,16,25,22,8,7,2
9dc99cc0-f03e-11ef-b6a4-010101010000,외과,1,7,8,7,24,26,60
9dcaae5c-f03e-11ef-8f4e-010101010000,안과,0,1,1,1,1,1,7
9dcbe6de-f03e-11ef-9f36-010101010000,외과,1,605,529,691,2398,2202,1917
9dcce53d-f03e-11ef-ae77-010101010000,외과,1,2,2,2,3,1,2
9dce6bfb-f03e-11ef-8d51-010101010000,치과,0,29,24,19,13,8,24
9dcf5639-f03e-11ef-92ce-010101010000,안과,1,1,1,1,1,1,1
9dd08ed0-f03e-11ef-9821-010101010000,외과,0,1,2,2,7,4,20
9dd76c80-f03e-11ef-8bef-010101010000,외과,0,760,735,1375,1450,953,339
9dd9689e-f03e-11ef-9cb2-010101010000,피부과,1,4,4,5,11,6,26
9de192f3-f03e-11ef-a3bf-010101010000,외과,1,6,8,10,19,14,11
9de674e7-f03e-11ef-a148-010101010000,외과,0,1,1,1,1,1,3
9deb923c-f03e-11ef-a3ad-010101010000,외과,0,1,1,1,1,2,1
9ded6715-f03e-11ef-bb3b-010101010000,외과,1,47,77,43,33,33,53
9ded8e04-f03e-11ef-a281-010101010000,피부과,0,1,1,1,2,2,2
9dee2a55-f03e-11ef-9f69-010101010000,내과,1,105,69,194,72,45,4449
9df3cf92-f03e-11ef-a5e8-010101010000,외과,1,3,2,8,69,25,19
9dfd0b6e-f03e-11ef-a753-010101010000,외과,1,12,6,14,23,15,11
9dfe43e4-f03e-11ef-aa95-010101010000,외과,0,853,1303,653,1067,1759,298
9e02b0b8-f03e-11ef-bc91-010101010000,외과,1,13,13,18,45,49,46
9e03e940-f03e-11ef-9ce0-010101010000,안과,1,36,28,13,11,16,26
9e0548ce-f03e-11ef-b45f-010101010000,외과,1,2,1,1,1,1,2
9e306527-f03e-11ef-88a7-010101010000,안과,1,1,1,1,1,1,1
9e3ea9e7-f03e-11ef-9b9b-010101010000,외과,1,659,559,897,931,269,218
9e3fbb50-f03e-11ef-81ed-010101010000,외과,0,1,1,2,2,2,2
9e419012-f03e-11ef-b6d9-010101010000,피부과,0,1,1,1,8,5,1
9e41de34-f03e-11ef-be53-010101010000,외과,0,4,2,4,4,6,1
9e496c97-f03e-11ef-a55e-010101010000,외과,1,22,13,66,57,76,2
9e4e75b4-f03e-11ef-882b-010101010000,내과,1,3,5,6,64,23,5
9e50e6ab-f03e-11ef-92f6-010101010000,외과,0,1,1,1,1,1,1
9e526d63-f03e-11ef-8c53-010101010000,외과,1,5,4,7,1,1,4
9e640543-f03e-11ef-afec-010101010000,안과,0,1,1,2,4,8,4
9e64a172-f03e-11ef-84dd-010101010000,치과,0,1,1,1,2,1,6
9e6523d6-f03e-11ef-aabb-010101010000,피부과,0,2,1,3,1,1,11
9e67e2f6-f03e-11ef-a9f5-010101010000,외과,0,334,519,337,464,427,5630
9e6f0eea-f03e-11ef-80df-010101010000,외과,1,1,1,1,1,1,1
9e71ce12-f03e-11ef-a937-010101010000,외과,1,16,40,15,15,32,4
9e7a6dc2-f03e-11ef-adde-010101010000,외과,1,3,8,4,3,10,20
9e7bcd57-f03e-11ef-931b-010101010000,외과,0,1,1,1,1,1,1
9e7c1b73-f03e-11ef-b507-010101010000,외과,1,1,1,1,1,1,1
9e7e3e5c-f03e-11ef-8a36-010101010000,외과,1,1,2,3,14,13,4
9e7e8c77-f03e-11ef-9cef-010101010000,외과,1,11,19,22,5,2,28
9e7f76dc-f03e-11ef-96b9-010101010000,피부과,0,1,2,1,1,11,1
9e82ab6a-f03e-11ef-a1a1-010101010000,피부과,0,1,1,1,1,2,1
9e848485-f03e-11ef-b241-010101010000,외과,1,6,4,6,6,7,6
9e8a02c5-f03e-11ef-8033-010101010000,외과,1,2,2,2,1,1,58
9e8e4888-f03e-11ef-bafc-010101010000,외과,1,29,169,27,36,29,264
9e92406c-f03e-11ef-92f7-010101010000,피부과,0,1,1,1,4,5,4
9e94ec58-f03e-11ef-970f-010101010000,내과,1,4,3,4,5,4,3
9e98209f-f03e-11ef-878e-010101010000,외과,1,1,1,1,1,1,2
9e9a4399-f03e-11ef-8d03-010101010000,피부과,1,1,1,1,1,1,1
9e9dc5f2-f03e-11ef-93dc-010101010000,외과,0,1,2,2,2,1,1
9e9e3b1d-f03e-11ef-b72e-010101010000,외과,0,1,1,1,1,1,1
9ea41bc2-f03e-11ef-bafe-010101010000,외과,1,31,30,35,14,20,11
9ea469d7-f03e-11ef-bbe6-010101010000,내과,0,1,1,1,1,1,1
9ea55436-f03e-11ef-b06e-010101010000,치과,0,1,1,1,1,1,1
9ea5a25b-f03e-11ef-9d74-010101010000,피부과,1,2,1,2,7,4,6
9eab2096-f03e-11ef-80b1-010101010000,피부과,1,19,48,18,7,2,1
9eb029e6-f03e-11ef-817b-010101010000,안과,1,3,2,4,39,34,77
9eb2a413-f03e-11ef-8b55-010101010000,외과,0,142,97,222,199,132,681
9eb78615-f03e-11ef-ba60-010101010000,외과,0,1,1,1,1,1,1
9eb9f712-f03e-11ef-bc62-010101010000,치과,1,3,4,5,12,8,26
9ec0e13a-f03e-11ef-903f-010101010000,외과,0,19,6,17,49,65,9
9ec219b4-f03e-11ef-8229-010101010000,안과,0,1,1,1,1,1,1
9ec35231-f03e-11ef-a48e-010101010000,안과,1,1,1,1,1,2,3
9ec4b1c8-f03e-11ef-9267-010101010000,외과,0,1,1,1,1,1,1
9ec5c331-f03e-11ef-add5-010101010000,피부과,1,20,14,53,62,43,3
9ec61155-f03e-11ef-8fcb-010101010000,내과,1,1,1,1,1,1,1
9ec8f787-f03e-11ef-9e2b-010101010000,치과,1,3,5,7,15,13,7
9ecec410-f03e-11ef-b661-010101010000,외과,0,1,1,1,1,1,1
9eceeb21-f03e-11ef-9b6d-010101010000,안과,0,38,43,33,8,15,45
9ed4f27f-f03e-11ef-a3a7-010101010000,외과,0,1,1,1,1,1,1
9ed7b186-f03e-11ef-9549-010101010000,외과,1,11,11,7,7,4,3
9edcbaa8-f03e-11ef-96df-010101010000,내과,1,1,1,1,1,1,1
9edf3ff3-f03e-11ef-bdee-010101010000,외과,0,1,1,1,1,1,1
9ee0ed9a-f03e-11ef-a3e4-010101010000,내과,0,3,2,9,12,2,40
9ee31074-f03e-11ef-b219-010101010000,외과,1,1,1,1,1,1,10
9ee5f6a6-f03e-11ef-a682-010101010000,외과,0,3,3,3,3,3,4
9ee72f2b-f03e-11ef-92a1-010101010000,치과,1,1,2,1,1,1,1
9ee9791d-f03e-11ef-8a39-010101010000,외과,1,1,1,1,1,2,3
9eec1132-f03e-11ef-973e-010101010000,내과,1,1,1,1,1,1,1
9eed70e4-f03e-11ef-a731-010101010000,외과,1,22,36,17,12,6,52
9ef12e55-f03e-11ef-b331-010101010000,외과,1,256,134,288,797,383,84
9ef6ac9f-f03e-11ef-b903-010101010000,외과,1,2,13,2,6,4,12
9ef8f68a-f03e-11ef-876d-010101010000,안과,1,12,18,10,11,12,39
9ef9b9dd-f03e-11ef-a95e-010101010000,치과,1,1,1,1,2,1,4
9efa07fe-f03e-11ef-8516-010101010000,외과,1,3,11,1,1,1,1
9efa7d2d-f03e-11ef-942b-010101010000,외과,1,2,2,2,10,6,1
9efc522d-f03e-11ef-8bff-010101010000,외과,1,1,1,1,1,1,1
9effc1a5-f03e-11ef-adf3-010101010000,외과,1,3,7,5,10,26,10
9f005de9-f03e-11ef-aac1-010101010000,외과,0,1,1,1,1,1,1
9f02329f-f03e-11ef-aa1f-010101010000,외과,1,4,5,2,16,26,325
9f0259b3-f03e-11ef-8621-010101010000,안과,1,2,1,10,34,23,173
9f05dc20-f03e-11ef-b84d-010101010000,안과,0,1,1,1,3,10,20
9f0714a1-f03e-11ef-8f06-010101010000,피부과,1,18,18,18,3,2,54
9f09859d-f03e-11ef-ba93-010101010000,안과,0,1,1,1,1,1,1
9f0d0d0b-f03e-11ef-9eb2-010101010000,치과,0,1,1,1,1,1,21
9f0d3417-f03e-11ef-8c55-010101010000,외과,0,1,1,1,1,1,1
9f0d5b27-f03e-11ef-a28a-010101010000,외과,1,190,210,216,457,160,2571
9f0d5b28-f03e-11ef-9c13-010101010000,외과,0,41,59,47,2,1,74
9f0ff323-f03e-11ef-abfc-010101010000,외과,0,1,1,1,1,1,30
9f101a33-f03e-11ef-b1d2-010101010000,외과,1,1,1,1,4,1,9
9f12d973-f03e-11ef-b09f-010101010000,치과,1,8,18,14,10,10,157
9f1375b3-f03e-11ef-bea8-010101010000,외과,0,28,26,40,90,72,14
9f13c3e3-f03e-11ef-8816-010101010000,안과,1,1,1,1,1,1,41
9f1438f2-f03e-11ef-a814-010101010000,외과,0,1,1,1,1,1,1
9f14ae1b-f03e-11ef-ab4e-010101010000,피부과,0,1,1,2,3,3,2
9f176d4e-f03e-11ef-bf16-010101010000,외과,0,2,1,2,3,2,5
9f17bb5e-f03e-11ef-95bb-010101010000,내과,0,2,1,2,1,1,30
9f1941f5-f03e-11ef-a2ea-010101010000,안과,0,1,1,1,1,1,1
9f1b1725-f03e-11ef-942f-010101010000,외과,0,1,1,1,2,5,1
9f1db13e-f03e-11ef-a75d-010101010000,외과,0,1,1,1,1,1,4
9f1fad09-f03e-11ef-9766-010101010000,외과,0,1,1,1,1,1,2
9f1ffb2a-f03e-11ef-bf58-010101010000,외과,1,3,2,3,2,2,3
9f20e58d-f03e-11ef-b9ae-010101010000,외과,1,1,1,4,1,1,8
9f22ba3b-f03e-11ef-8281-010101010000,피부과,1,3,3,3,3,3,4
9f230853-f03e-11ef-86b3-010101010000,외과,0,4,7,3,11,19,292
9f230854-f03e-11ef-baf1-010101010000,피부과,1,1,1,3,2,4,112
9f2440ee-f03e-11ef-8e31-010101010000,외과,0,2,1,2,2,2,10
9f263c9c-f03e-11ef-b873-010101010000,외과,0,32,41,21,22,25,49
9f26b1ca-f03e-11ef-8570-010101010000,외과,0,1,1,1,3,4,2
9f277523-f03e-11ef-92cb-010101010000,외과,0,1,1,1,1,1,1
9f2a829e-f03e-11ef-8172-010101010000,외과,1,10,20,16,50,24,39
9f2af7ee-f03e-11ef-a514-010101010000,피부과,0,1,1,1,1,1,1
9f2e2f09-f03e-11ef-b72d-010101010000,외과,0,1,1,1,1,1,3
9f3226bb-f03e-11ef-a1ff-010101010000,안과,1,9,10,17,42,52,173
9f32c2dc-f03e-11ef-bdfe-010101010000,외과,0,2,2,2,4,2,34
9f36ba86-f03e-11ef-b72b-010101010000,안과,1,5,3,8,6,4,40
9f37f317-f03e-11ef-b206-010101010000,외과,0,26,32,27,60,99,80
9f38b691-f03e-11ef-85d6-010101010000,피부과,0,14,12,13,20,32,1
9f3979b6-f03e-11ef-a879-010101010000,외과,1,2,2,2,2,2,2
9f39a0cc-f03e-11ef-a4d7-010101010000,외과,1,1,1,2,1,1,1
9f3f0bfb-f03e-11ef-8937-010101010000,외과,1,2,13,3,5,5,456
9f3fa83b-f03e-11ef-b892-010101010000,안과,1,1,1,1,1,1,21
9f401d6f-f03e-11ef-a425-010101010000,내과,0,1,1,1,1,1,1
9f412ede-f03e-11ef-8fc0-010101010000,외과,0,1,1,1,2,3,3
9f45c2be-f03e-11ef-a6ca-010101010000,내과,0,4,4,3,1,1,19
9f48a918-f03e-11ef-809b-010101010000,피부과,0,1,2,1,1,1,1
9f491e54-f03e-11ef-9cc7-010101010000,피부과,1,2,2,2,4,6,14
9f496c6a-f03e-11ef-8a47-010101010000,피부과,0,1,1,1,10,6,77
9f49ba86-f03e-11ef-9cdb-010101010000,피부과,1,6,7,7,5,3,410
9f4a91b2-f03e-11ef-8ec3-010101010000,피부과,0,17,19,17,17,17,18
9f4ba31d-f03e-11ef-9534-010101010000,외과,0,2,2,2,3,3,2
9f4cb490-f03e-11ef-8398-010101010000,외과,0,2,2,3,1,1,3
9f519690-f03e-11ef-b492-010101010000,안과,0,9,6,11,9,19,116
9f51bdbc-f03e-11ef-a870-010101010000,외과,1,98,66,63,99,106,11
9f528105-f03e-11ef-82c2-010101010000,외과,0,1,1,1,9,6,18
9f5455ce-f03e-11ef-9a13-010101010000,외과,1,1,3,1,1,1,14
9f547cda-f03e-11ef-bcdb-010101010000,피부과,0,1,1,1,1,1,1
9f547cdc-f03e-11ef-ab33-010101010000,치과,1,18,16,25,5,2,19
9f56eddf-f03e-11ef-95e5-010101010000,외과,0,1,1,2,4,5,346
9f571538-f03e-11ef-a603-010101010000,외과,0,12,9,10,10,4,173
9f594baf-f03e-11ef-8126-010101010000,외과,0,44,27,36,42,27,17
9f5b20b5-f03e-11ef-9869-010101010000,외과,1,5,13,12,17,13,12
9f5b47c3-f03e-11ef-b3d0-010101010000,외과,1,1,1,1,1,1,4
9f6050df-f03e-11ef-98a9-010101010000,외과,1,1,1,1,1,1,1
9f6532bf-f03e-11ef-ae8c-010101010000,외과,0,2,1,5,25,28,16
9f67f225-f03e-11ef-9b8e-010101010000,외과,0,2,2,3,11,6,16
9f69659c-f03e-11ef-a914-010101010000,외과,1,498,352,448,87,179,68
9f6ac53d-f03e-11ef-95f0-010101010000,외과,1,464,796,406,716,857,284
9f6bfd9e-f03e-11ef-9960-010101010000,외과,1,22,28,28,42,36,104
9f6c24ae-f03e-11ef-bc91-010101010000,외과,0,1,6,1,3,5,9
9f6ce81d-f03e-11ef-b13c-010101010000,외과,0,1,1,1,1,1,1
9f6d362a-f03e-11ef-9a4b-010101010000,외과,0,1,1,1,1,1,1
9f6d5d2f-f03e-11ef-8023-010101010000,외과,1,1,1,1,1,1,1
9f6dd25b-f03e-11ef-b23c-010101010000,외과,0,1,1,1,1,1,1
9f6df98a-f03e-11ef-ae5b-010101010000,외과,0,28,17,25,29,25,8
9f6ebcda-f03e-11ef-b4df-010101010000,외과,1,1,1,1,1,1,1
9f6ebcdb-f03e-11ef-bbb3-010101010000,외과,0,5,4,6,5,1,8
9f6f591c-f03e-11ef-855d-010101010000,외과,1,8,6,11,46,42,16
9f701c4e-f03e-11ef-af75-010101010000,외과,0,1,1,1,1,1,2
9f754c71-f03e-11ef-8489-010101010000,치과,0,24,17,28,9,9,197
9f76850f-f03e-11ef-9699-010101010000,피부과,0,2,3,3,1,1,155
9f781340-f03e-11ef-a329-010101010000,외과,0,15,5,11,29,48,102
9f78af7e-f03e-11ef-8369-010101010000,피부과,1,17,31,21,23,17,63
9f7b6ea2-f03e-11ef-96bb-010101010000,외과,1,21,11,21,14,14,10
9f7d1c4b-f03e-11ef-adb8-010101010000,외과,0,2,2,2,31,20,4
9f822558-f03e-11ef-8c49-010101010000,외과,0,8,9,6,6,14,7
9f838502-f03e-11ef-9c6a-010101010000,피부과,1,1,1,1,1,1,1
9f8532f5-f03e-11ef-87f8-010101010000,외과,1,1,1,1,4,27,2
9f892ed4-f03e-11ef-886a-010101010000,피부과,0,1,2,1,1,2,1
9f897cf3-f03e-11ef-8194-010101010000,외과,1,3,11,2,2,27,9
9f89f222-f03e-11ef-beb1-010101010000,외과,0,1,1,1,1,1,121
9f8a8e44-f03e-11ef-95cf-010101010000,외과,0,4,2,2,54,95,68
9f9081cd-f03e-11ef-b61d-010101010000,외과,0,13,2,12,7,2,1
9f9319df-f03e-11ef-9804-010101010000,외과,1,1,1,1,1,1,1
9f947996-f03e-11ef-ba23-010101010000,내과,0,1,1,1,1,1,27
9f94a0b2-f03e-11ef-8fdb-010101010000,외과,0,1,1,1,1,2,14
9f94eec6-f03e-11ef-9099-010101010000,외과,1,1,1,1,1,1,1
9f964e77-f03e-11ef-a17b-010101010000,외과,1,61,47,121,567,367,114
9f969ec5-f03e-11ef-8ed4-010101010000,내과,0,2,1,3,42,49,8
9f96c5d0-f03e-11ef-be37-010101010000,내과,0,1,1,1,1,1,1
9f9761fc-f03e-11ef-b0c9-010101010000,내과,0,1,1,1,1,2,2
9f978910-f03e-11ef-9f59-010101010000,피부과,0,1,1,2,3,2,235
9f97b019-f03e-11ef-b5e8-010101010000,내과,0,1,1,1,1,1,1
9f984c5c-f03e-11ef-8dec-010101010000,외과,0,3,2,4,6,5,13
9f9a213c-f03e-11ef-9cec-010101010000,외과,0,1,1,1,1,2,1
9f9abd65-f03e-11ef-a5ef-010101010000,내과,1,1,1,1,2,2,1
9f9b0b8a-f03e-11ef-93fe-010101010000,외과,1,19,6,64,362,142,77
9f9bced2-f03e-11ef-834c-010101010000,외과,1,17,37,17,99,47,1
9f9d074d-f03e-11ef-9ed8-010101010000,내과,1,1,1,1,6,6,1
9f9dcaab-f03e-11ef-bafe-010101010000,내과,0,1,1,1,1,1,2
9f9e66ee-f03e-11ef-8197-010101010000,내과,0,1,1,1,1,1,1
9fa01c1a-f03e-11ef-86a7-010101010000,내과,0,1,2,1,1,1,1
9fa3c602-f03e-11ef-aacf-010101010000,외과,0,3,4,1,2,3,942
9fa3c604-f03e-11ef-93c3-010101010000,내과,0,1,1,1,1,1,1
9fa3ed1f-f03e-11ef-8a5a-010101010000,내과,1,2,2,1,4,8,32
9fa4140d-f03e-11ef-bc6e-010101010000,외과,0,1,1,1,1,1,1
9fa4fe84-f03e-11ef-a739-010101010000,피부과,1,1,2,1,4,4,3
9fa54c8d-f03e-11ef-b10f-010101010000,내과,0,1,1,1,1,1,1
9fa5c48f-f03e-11ef-8a8d-010101010000,내과,0,1,1,1,1,1,17
9fa7c05c-f03e-11ef-a746-010101010000,치과,1,36,1313,18,9,3,14
9fa92001-f03e-11ef-b097-010101010000,외과,1,1,1,1,1,1,7
9faa316b-f03e-11ef-97e1-010101010000,내과,0,1,1,1,1,1,4
9faaf4b5-f03e-11ef-a059-010101010000,내과,1,181,223,266,367,286,255
9fac0621-f03e-11ef-8d48-010101010000,내과,0,12,12,16,25,30,32
9fac546b-f03e-11ef-bf9d-010101010000,외과,0,1,1,1,1,1,1
9fac7b51-f03e-11ef-9b0e-010101010000,내과,0,1,1,1,1,1,9
9faca25d-f03e-11ef-b97b-010101010000,내과,1,52,142,38,110,133,91
9facf0a8-f03e-11ef-ac3c-010101010000,내과,0,1,1,1,1,1,1
9fad43c4-f03e-11ef-947a-010101010000,내과,0,1,1,1,1,1,1
9fae7721-f03e-11ef-98e9-010101010000,내과,0,1,1,1,1,1,1
9fae9e30-f03e-11ef-9d93-010101010000,내과,1,1,1,1,1,1,1
9faf3a76-f03e-11ef-85e0-010101010000,내과,0,1,1,1,1,1,1
9faf8891-f03e-11ef-8c25-010101010000,외과,0,1,1,1,1,1,1
9fafd6a7-f03e-11ef-b446-010101010000,외과,0,1,1,1,1,1,1
9fb1ab73-f03e-11ef-8518-010101010000,내과,0,1,1,1,1,1,1
9fb30b25-f03e-11ef-9595-010101010000,외과,1,2,5,4,4,4,3
9fb41c93-f03e-11ef-8f6d-010101010000,내과,0,1,1,1,2,3,1
9fb46aab-f03e-11ef-b337-010101010000,외과,1,3,7,3,2,2,2
9fb6680d-f03e-11ef-8395-010101010000,외과,0,1,1,1,1,1,1
9fb6b62f-f03e-11ef-bced-010101010000,외과,1,2,291,2,1,1,4
9fb70454-f03e-11ef-9d45-010101010000,안과,0,1,1,1,1,1,1
9fb7c7c2-f03e-11ef-8178-010101010000,안과,0,4,6,13,25,22,194
9fb8d931-f03e-11ef-a247-010101010000,피부과,0,1,1,1,1,1,1
9fba11b1-f03e-11ef-b09a-010101010000,내과,0,1,1,1,1,1,2
9fbb7149-f03e-11ef-beab-010101010000,안과,1,1,1,1,1,1,1
9fbc0d82-f03e-11ef-ac22-010101010000,내과,0,1,1,1,1,1,1
9fbf1ad7-f03e-11ef-9b72-010101010000,내과,1,336,343,259,263,467,1178
9fbf41d3-f03e-11ef-a473-010101010000,내과,0,2,2,2,5,6,7
9fbf68e2-f03e-11ef-a346-010101010000,외과,0,1,1,1,1,1,1
9fbfb709-f03e-11ef-8eb0-010101010000,외과,1,2,6,4,3,3,4
9fc07a54-f03e-11ef-9206-010101010000,내과,1,2,2,2,1,1,111
9fc0a16d-f03e-11ef-b55b-010101010000,치과,0,1,1,1,1,1,1
9fc1d9e5-f03e-11ef-b5d2-010101010000,내과,0,1,5,1,1,1,51
9fc2c489-f03e-11ef-88ba-010101010000,내과,0,1,1,1,1,1,1
9fc312a8-f03e-11ef-9320-010101010000,내과,0,1,1,1,1,1,1
9fc3fd0c-f03e-11ef-9a07-010101010000,내과,0,1,1,1,1,1,1
9fc49c48-f03e-11ef-8fd8-010101010000,내과,1,137,189,122,193,177,95
9fc4ea68-f03e-11ef-87ac-010101010000,내과,0,1,1,1,1,2,1
9fc893ce-f03e-11ef-b67d-010101010000,내과,0,1,1,1,1,1,1
9fc8bada-f03e-11ef-8ed1-010101010000,내과,0,1,1,1,2,5,1
9fc908f8-f03e-11ef-aafd-010101010000,내과,1,1,1,1,1,1,10
9fcb2be3-f03e-11ef-b5c5-010101010000,외과,1,14,12,9,14,11,30
9fcc8b79-f03e-11ef-bcb7-010101010000,외과,1,1,1,1,1,1,2
9fcc8b7a-f03e-11ef-a6f8-010101010000,내과,0,1,1,3,16,3,1
9fce391f-f03e-11ef-8d0a-010101010000,외과,0,33,47,30,49,62,530
9fce6031-f03e-11ef-afb5-010101010000,내과,0,167,239,251,1869,282,99
9fceae4c-f03e-11ef-ac63-010101010000,외과,1,8,6,10,2,1,85
9fd00dd7-f03e-11ef-8120-010101010000,내과,0,95,110,102,28,19,5670
9fd0830c-f03e-11ef-ba89-010101010000,내과,0,12,14,6,5,5,3
9fd0d129-f03e-11ef-8539-010101010000,외과,1,6,3,38,32,14,98
9fd1e2bd-f03e-11ef-8ec0-010101010000,내과,1,2,1,2,1,1,1
9fd394bd-f03e-11ef-b520-010101010000,외과,1,3,2,2,2,1,5
9fd3e2cf-f03e-11ef-8f65-010101010000,내과,1,111,114,76,378,100,24
9fd56997-f03e-11ef-bef1-010101010000,피부과,0,1,1,5,1,1,1
9fd5dec7-f03e-11ef-b7c4-010101010000,외과,0,1,1,1,1,1,132
9fd605e2-f03e-11ef-9211-010101010000,외과,0,1,1,1,1,1,2
9fd7da97-f03e-11ef-8189-010101010000,내과,0,1,1,1,2,2,1
9fd801a2-f03e-11ef-be39-010101010000,내과,0,9,3,11,5,7,167
9fd876bc-f03e-11ef-889f-010101010000,외과,0,1,1,1,1,1,24
9fd89dd0-f03e-11ef-b42b-010101010000,내과,1,1,1,1,1,1,1
9fd8c4e2-f03e-11ef-947d-010101010000,치과,1,1,1,1,2,1,15
9fda2466-f03e-11ef-834f-010101010000,외과,1,247,310,177,30,53,204
9fda9997-f03e-11ef-87b4-010101010000,외과,1,2,16,1,1,1,1
9fdb0ec9-f03e-11ef-ad2d-010101010000,내과,0,1,1,1,1,1,1
9fdd58c7-f03e-11ef-b807-010101010000,내과,0,2,2,5,8,10,37
9fdda6d1-f03e-11ef-8673-010101010000,외과,1,1,5,1,1,1,1
9fde6a2c-f03e-11ef-aad1-010101010000,안과,1,5,7,12,16,7,12
9fdf7b95-f03e-11ef-96b2-010101010000,내과,1,1,1,1,2,2,3
9fdff0ca-f03e-11ef-b784-010101010000,안과,1,15,17,37,13,12,18
9fe03eea-f03e-11ef-b270-010101010000,내과,1,1,1,1,3,2,6
9fe0b44f-f03e-11ef-8978-010101010000,외과,0,1,1,1,1,1,3
9fe1297f-f03e-11ef-8732-010101010000,안과,0,2,2,4,3,2,29
9fe17797-f03e-11ef-ad2f-010101010000,내과,0,1,1,1,14,30,14
9fe1c5c4-f03e-11ef-a5f1-010101010000,내과,1,1,1,1,1,1,2
9fe2890c-f03e-11ef-8cfe-010101010000,안과,1,3,4,3,7,12,1
9fe32d55-f03e-11ef-badb-010101010000,내과,0,1,1,1,33,34,3
9fe35467-f03e-11ef-9186-010101010000,내과,0,4,6,3,5,4,10
9fe417ab-f03e-11ef-b6a0-010101010000,외과,1,9,4,9,17,11,7
9fe6d6cf-f03e-11ef-8028-010101010000,안과,1,95,38,70,48,41,61
9fe6fdde-f03e-11ef-ac07-010101010000,내과,0,1,1,1,1,1,1
9fe80f45-f03e-11ef-a410-010101010000,외과,1,4,3,4,3,1,4
9fe8849e-f03e-11ef-92fb-010101010000,내과,0,1,1,1,2,1,1
9fe8d2bc-f03e-11ef-899b-010101010000,내과,1,1,1,1,1,1,1
9feca346-f03e-11ef-b739-010101010000,내과,0,2,2,2,2,4,7
9fed1875-f03e-11ef-8a8c-010101010000,외과,1,1,4,2,4,12,10
9fed3f89-f03e-11ef-a029-010101010000,안과,1,1,1,1,1,1,1
9fee02c1-f03e-11ef-ac0f-010101010000,내과,0,3,2,3,6,6,2
9fef895c-f03e-11ef-969a-010101010000,피부과,1,1,1,1,1,1,1
9feffeb0-f03e-11ef-9680-010101010000,치과,0,2,2,2,3,6,100
9ff1ac5c-f03e-11ef-9d61-010101010000,내과,0,1,1,1,1,1,1
9ff1d36c-f03e-11ef-90b3-010101010000,치과,1,1,1,1,1,1,12
9ff2e68d-f03e-11ef-97da-010101010000,외과,0,1,1,1,1,1,1
9ff3f7fb-f03e-11ef-8301-010101010000,내과,0,28,21,29,23,63,69
9ff55796-f03e-11ef-8e99-010101010000,내과,1,2,3,2,6,48,9
9ff5a5a7-f03e-11ef-983e-010101010000,내과,1,1,1,1,1,1,10
9ff5ccb9-f03e-11ef-8873-010101010000,피부과,1,1,1,1,1,1,1
9ff69007-f03e-11ef-aefe-010101010000,외과,0,1,1,1,1,1,1
9ff77a6a-f03e-11ef-910b-010101010000,외과,0,26,26,19,32,169,21
9ff7c88d-f03e-11ef-a679-010101010000,내과,1,1,1,1,1,1,1
9ff864c7-f03e-11ef-be4e-010101010000,내과,0,1,1,1,1,1,4
9ff8b2eb-f03e-11ef-ac8c-010101010000,내과,0,1,2,1,1,1,3
9ff9010a-f03e-11ef-b0a4-010101010000,내과,0,1,1,1,1,1,1
9ff92819-f03e-11ef-919a-010101010000,내과,0,1,1,1,1,1,1
9ff9eb6e-f03e-11ef-9188-010101010000,내과,0,1,1,1,1,1,73
9ffa398b-f03e-11ef-bdc3-010101010000,내과,1,1,1,1,1,1,30
9ffa87b2-f03e-11ef-bc83-010101010000,내과,0,2,2,2,1,2,2
9ffb23e8-f03e-11ef-81da-010101010000,내과,0,89,128,77,170,167,520
9ffc355e-f03e-11ef-b7eb-010101010000,내과,0,2,2,4,7,1,2
9ffc8376-f03e-11ef-bc1e-010101010000,외과,1,38,50,33,41,26,6
9ffd1fba-f03e-11ef-ae23-010101010000,내과,0,1,1,1,1,3,1
9ffde30b-f03e-11ef-b441-010101010000,내과,0,1,1,1,1,1,1
9ffe7f49-f03e-11ef-8d03-010101010000,외과,0,8,6,9,2,2,1
9fff69f6-f03e-11ef-8ad8-010101010000,내과,0,6,5,12,55,45,24
9fff9104-f03e-11ef-afe3-010101010000,내과,0,1,1,1,1,1,1
a0005458-f03e-11ef-a517-010101010000,안과,0,1,1,1,1,1,1
a0013eac-f03e-11ef-890d-010101010000,내과,1,74,98,65,38,51,339
a0019411-f03e-11ef-922a-010101010000,내과,1,1,1,1,1,1,1
a001bb1d-f03e-11ef-82a6-010101010000,내과,0,1,1,1,1,1,1
a0020958-f03e-11ef-86c0-010101010000,내과,1,6,6,7,10,3,40
a0023056-f03e-11ef-a41b-010101010000,피부과,0,1,1,1,1,1,3
a0023057-f03e-11ef-94d6-010101010000,피부과,0,1,1,1,7,4,1
a002575f-f03e-11ef-88bb-010101010000,내과,1,1,1,1,1,1,1
a002a580-f03e-11ef-9d14-010101010000,내과,0,4,3,4,6,9,14
a002cc99-f03e-11ef-8492-010101010000,내과,1,19,6,23,9,6,20
a004a159-f03e-11ef-89e7-010101010000,내과,1,34,15,45,118,121,19
a004c862-f03e-11ef-8cf5-010101010000,내과,0,1,1,1,2,2,2
a0058bb0-f03e-11ef-8e59-010101010000,외과,0,1,1,1,1,1,1
a005b2c0-f03e-11ef-a8f8-010101010000,내과,0,1,1,1,1,1,4
a00823bd-f03e-11ef-a769-010101010000,외과,0,15,2,27,171,132,33
a00c1b46-f03e-11ef-ab6c-010101010000,내과,0,1,1,1,1,1,1
a00f9081-f03e-11ef-af93-010101010000,내과,1,1,3,1,4,4,1
a00fb78e-f03e-11ef-b128-010101010000,내과,1,67,92,46,93,87,151
a0107ae0-f03e-11ef-aa0d-010101010000,피부과,1,1,1,1,1,1,1
a0107ae1-f03e-11ef-9dc5-010101010000,피부과,0,1,1,1,3,2,3
a010cea5-f03e-11ef-90e4-010101010000,내과,0,1,1,1,1,1,1
a010f5b2-f03e-11ef-b53e-010101010000,내과,0,1,1,1,1,1,7
a010f5b3-f03e-11ef-b9db-010101010000,내과,0,1,1,1,1,2,2
a011b930-f03e-11ef-8360-010101010000,내과,1,232,617,327,375,260,1604
a011e016-f03e-11ef-ac66-010101010000,피부과,0,1,1,1,1,1,1
a0122e37-f03e-11ef-9380-010101010000,내과,1,2,4,3,1,3,4
a0125543-f03e-11ef-9d4a-010101010000,내과,1,3275,5346,2688,5303,4947,2925
a0127c56-f03e-11ef-b594-010101010000,내과,0,3,2,5,4,5,1
a012f184-f03e-11ef-843e-010101010000,피부과,0,1,1,1,2,3,46
a0133fa0-f03e-11ef-83b7-010101010000,피부과,0,2,1,1,1,1,9
a013b4db-f03e-11ef-8994-010101010000,내과,1,2,2,3,2,2,1
a014782b-f03e-11ef-83b2-010101010000,내과,0,1,1,1,1,1,1
a01625d1-f03e-11ef-bbcd-010101010000,피부과,0,2553,2853,2333,2282,2662,9047
a0164cf3-f03e-11ef-897d-010101010000,외과,1,125,130,107,214,229,226
a0169b05-f03e-11ef-8587-010101010000,치과,1,14,7,28,16,11,730
a01896dc-f03e-11ef-aaf8-010101010000,안과,1,78,119,65,61,15,160
a0195a29-f03e-11ef-982f-010101010000,외과,1,11,14,20,20,19,8
a01ae0c0-f03e-11ef-9818-010101010000,내과,0,1,2,1,2,4,2
a01b7d04-f03e-11ef-8ebb-010101010000,내과,0,3,35,3,3,2,326
a01c405d-f03e-11ef-9263-010101010000,내과,1,1,7,2,4,5,2
a01c6765-f03e-11ef-aa95-010101010000,내과,0,1,1,1,1,1,1
a01d2ab4-f03e-11ef-a042-010101010000,내과,0,1,1,1,1,1,2
a01d51c2-f03e-11ef-8f5a-010101010000,외과,0,1,1,1,1,1,1
a01ed888-f03e-11ef-84be-010101010000,외과,0,80,74,59,98,63,143
a01f9bdc-f03e-11ef-9d24-010101010000,외과,1,15,28,16,16,4,228
a020b1ab-f03e-11ef-8f54-010101010000,피부과,1,19,6,26,21,38,8
a020d8bb-f03e-11ef-bd1e-010101010000,외과,1,30,48,38,39,78,5
a02126d9-f03e-11ef-862d-010101010000,내과,0,1,3,3,4,13,18
a02126da-f03e-11ef-aa8f-010101010000,외과,0,1,1,1,1,1,1
a0214dec-f03e-11ef-b290-010101010000,내과,1,1,1,1,1,1,42
a021ea2c-f03e-11ef-9b6f-010101010000,내과,0,1,1,1,2,2,13
a02349bb-f03e-11ef-b4d0-010101010000,내과,1,84,76,85,131,159,74
a02370ca-f03e-11ef-ad51-010101010000,내과,1,45,130,14,10,6,2
a023beea-f03e-11ef-a6e8-010101010000,내과,0,1,1,1,1,1,1
a0240d0a-f03e-11ef-a294-010101010000,내과,1,2,18,8,8,6,42
a024341a-f03e-11ef-99c5-010101010000,외과,1,1,1,1,2,2,2
a027dd9b-f03e-11ef-95ad-010101010000,내과,0,1,1,1,2,2,1
a028c7f9-f03e-11ef-b4f9-010101010000,외과,0,1,1,1,2,4,56
a0291619-f03e-11ef-9d31-010101010000,내과,0,1,1,1,1,1,2
a0293d29-f03e-11ef-83d4-010101010000,치과,0,1,1,1,1,1,1
a029643a-f03e-11ef-a5b0-010101010000,내과,0,3,10,4,4,3,10
a029b258-f03e-11ef-8854-010101010000,안과,1,1,1,2,8,12,12
a02a278c-f03e-11ef-a17f-010101010000,내과,0,5,8,8,19,40,85
a02a75a9-f03e-11ef-9e4f-010101010000,내과,0,1,1,1,1,1,1
a02a9cba-f03e-11ef-9d15-010101010000,외과,0,5,6,9,34,52,6
a02bfc4a-f03e-11ef-8f9d-010101010000,내과,0,1,1,1,1,1,44
a02c9888-f03e-11ef-a05e-010101010000,내과,0,3,1,3,4,6,2
a02c9889-f03e-11ef-bd3a-010101010000,피부과,1,1,1,1,1,2,2
a02d0dd3-f03e-11ef-9777-010101010000,내과,0,1,1,1,1,1,1
a02d34e3-f03e-11ef-975a-010101010000,안과,0,1,1,1,2,2,1
a02e946f-f03e-11ef-8785-010101010000,외과,1,1,1,2,4,5,1
a03055d8-f03e-11ef-b6d6-010101010000,외과,1,33,33,35,47,98,215
a030cb11-f03e-11ef-8ce3-010101010000,치과,0,1,1,1,1,1,35
a030f22d-f03e-11ef-b85b-010101010000,내과,1,11,47,17,49,55,87
a0322aa7-f03e-11ef-b381-010101010000,치과,0,1,1,1,1,1,2859
a032c6e3-f03e-11ef-9a55-010101010000,외과,0,66,63,62,45,55,408
a033b146-f03e-11ef-b58a-010101010000,내과,1,39,11,34,101,59,68
a034c2b1-f03e-11ef-ab61-010101010000,외과,1,251,111,234,218,166,97
a035fb37-f03e-11ef-90aa-010101010000,외과,1,144,625,99,97,83,39
a03733a8-f03e-11ef-a0e9-010101010000,치과,1,16,25,24,13,12,38
a0375ab6-f03e-11ef-a588-010101010000,내과,0,1,1,1,1,1,1
a03781c7-f03e-11ef-a438-010101010000,외과,1,14,13,20,29,2,8
a037a8d7-f03e-11ef-abcb-010101010000,내과,0,1,1,1,1,1,1
a0397d97-f03e-11ef-a9ba-010101010000,피부과,0,33,55,22,102,76,36
a03ba091-f03e-11ef-8e48-010101010000,치과,0,8,7,5,2,5,6
a03dea88-f03e-11ef-9d9b-010101010000,내과,0,1,1,1,1,1,1
a03f84f4-f03e-11ef-8da4-010101010000,외과,0,5,4,5,3,5,9
a040965b-f03e-11ef-8424-010101010000,내과,1,3,2,5,2,2,371
a0410b8f-f03e-11ef-9cfc-010101010000,외과,0,32,19,14,16,40,82
a041f5f0-f03e-11ef-831b-010101010000,피부과,1,1,1,2,2,3,31
a042440b-f03e-11ef-adfb-010101010000,내과,1,153,208,105,23,17,403
a0426b20-f03e-11ef-96e4-010101010000,내과,0,2,2,2,11,3,1
a0435577-f03e-11ef-bc52-010101010000,외과,0,1,1,2,4,5,1
a04418d4-f03e-11ef-b0f8-010101010000,안과,1,12,19,16,56,109,159
a0463ba7-f03e-11ef-a7ee-010101010000,외과,1,8,10,5,11,18,34
a046b0db-f03e-11ef-82dd-010101010000,피부과,0,1,1,1,1,1,2
a047742a-f03e-11ef-a316-010101010000,내과,0,1,1,1,1,6,14
a048d3c0-f03e-11ef-8219-010101010000,외과,0,1,1,1,1,3,1
a048fac9-f03e-11ef-9057-010101010000,내과,0,12,47,7,69,111,96
a049be1f-f03e-11ef-a596-010101010000,피부과,0,2,4,1,5,5,4
a04a334d-f03e-11ef-a231-010101010000,내과,0,2,1,3,21,46,1
a04b44bd-f03e-11ef-9c03-010101010000,피부과,0,1,1,2,2,4,17
a04b92fe-f03e-11ef-8336-010101010000,피부과,0,1,1,1,1,1,40
a04c7d82-f03e-11ef-acff-010101010000,내과,1,2,2,2,1,1,1
a0507bce-f03e-11ef-9f2b-010101010000,내과,0,31,38,29,8,24,14
a050c9f0-f03e-11ef-9aca-010101010000,피부과,1,1,1,1,3,2,17
a0516630-f03e-11ef-a461-010101010000,피부과,0,1,1,1,1,2,2
a052c5bc-f03e-11ef-9bb8-010101010000,내과,0,1,1,1,1,1,4
a05361df-f03e-11ef-8dee-010101010000,내과,0,1,1,1,1,1,1
a053b001-f03e-11ef-a3fe-010101010000,피부과,1,2,8,2,48,36,12
a053fe20-f03e-11ef-89ef-010101010000,외과,1,1,1,1,2,1,1
a0550f8d-f03e-11ef-bc07-010101010000,외과,1,13,39,11,2,2,1
a055abd0-f03e-11ef-989d-010101010000,외과,0,5,7,4,10,27,64
a057ceaf-f03e-11ef-9fc4-010101010000,내과,0,10,12,3,1,5,2
a0581cd7-f03e-11ef-bdc5-010101010000,외과,0,1,1,1,3,2,2
a0589203-f03e-11ef-a978-010101010000,내과,0,1,1,1,1,1,1
a059a372-f03e-11ef-9050-010101010000,안과,1,1,1,2,3,5,55
a059f190-f03e-11ef-a427-010101010000,외과,0,1,1,1,1,1,6
a05a189e-f03e-11ef-9271-010101010000,내과,0,1,1,1,1,1,1
a05b0359-f03e-11ef-9a11-010101010000,외과,0,1,1,1,1,1,1
a05bc6a9-f03e-11ef-a18a-010101010000,피부과,1,1,2,1,1,1,2092
a05bc6aa-f03e-11ef-b9bf-010101010000,치과,1,30,75,17,6,14,34
a05d2949-f03e-11ef-ab86-010101010000,외과,0,1,1,1,1,1,1
a05d7764-f03e-11ef-abc1-010101010000,외과,0,1,1,1,1,1,3
a05e61c1-f03e-11ef-b718-010101010000,피부과,0,2,1,2,2,3,2
a05f9a52-f03e-11ef-aca5-010101010000,내과,0,1,1,1,1,1,25
a05fe864-f03e-11ef-aa75-010101010000,내과,0,1,1,1,1,1,1
a0605d8f-f03e-11ef-83d3-010101010000,치과,0,31,59,21,130,984,3791
a061480f-f03e-11ef-9425-010101010000,외과,0,1,1,1,1,1,1
a061e435-f03e-11ef-bb94-010101010000,내과,0,9,6,21,38,37,410
a0620b45-f03e-11ef-92ac-010101010000,내과,0,1,1,1,1,4,1
a0628076-f03e-11ef-ba9f-010101010000,내과,0,103,163,85,139,140,88
a062a799-f03e-11ef-bc5d-010101010000,내과,1,9,18,5,39,26,239
a063b8f6-f03e-11ef-9f19-010101010000,안과,0,11,18,12,9,12,66
a0640716-f03e-11ef-b3e1-010101010000,외과,1,1,2,2,2,6,1
a0651887-f03e-11ef-b5a0-010101010000,내과,0,1,1,1,1,1,1
a0658db6-f03e-11ef-acae-010101010000,내과,1,13,28,27,49,85,18
a06825c3-f03e-11ef-b34a-010101010000,내과,1,433,301,619,560,530,1958
a0689aed-f03e-11ef-a318-010101010000,내과,0,1,1,1,2,4,4
a06a21ba-f03e-11ef-9629-010101010000,외과,0,1,1,1,1,1,1
a06b332b-f03e-11ef-8db1-010101010000,내과,0,1,1,1,1,1,1
a06b332d-f03e-11ef-8d9d-010101010000,내과,0,1,1,1,1,1,6
a06bf676-f03e-11ef-b719-010101010000,내과,1,8,16,13,11,27,105
a06c1d89-f03e-11ef-b330-010101010000,외과,1,39,43,30,48,56,21
a06c6e22-f03e-11ef-a97c-010101010000,외과,0,3,2,5,3,3,3
a06d0a66-f03e-11ef-baa9-010101010000,외과,0,1,1,1,1,1,1
a06e1bee-f03e-11ef-9a1c-010101010000,치과,1,5,27,1,3,4,2
a06e6a0c-f03e-11ef-812e-010101010000,치과,1,50,35,48,101,86,187
a06e9119-f03e-11ef-9364-010101010000,외과,0,1,1,1,1,1,1
a06eb82a-f03e-11ef-86e2-010101010000,내과,0,2,2,3,2,3,4
a06fa28d-f03e-11ef-ad40-010101010000,내과,1,3,6,4,5,4,13
a0708cf1-f03e-11ef-b99a-010101010000,내과,0,1,1,1,1,3,1
a0723a97-f03e-11ef-93fd-010101010000,내과,0,1,1,2,3,3,4
a072afce-f03e-11ef-b052-010101010000,피부과,0,3,3,4,9,11,30
a07324fe-f03e-11ef-9ed2-010101010000,내과,0,1,1,1,3,4,3
a0739a29-f03e-11ef-858f-010101010000,안과,1,26,20,40,90,83,332
a0739a2a-f03e-11ef-9a80-010101010000,내과,0,14,8,15,27,35,18
a07595ff-f03e-11ef-bacb-010101010000,치과,0,1,1,1,1,1,1
a075e416-f03e-11ef-9b82-010101010000,내과,1,1,1,3,3,3,23
a077dfeb-f03e-11ef-a5f9-010101010000,내과,0,17,26,19,4,7,14
a07806f8-f03e-11ef-885a-010101010000,외과,0,51,60,40,15,17,222
a07806fa-f03e-11ef-88f3-010101010000,안과,1,10,3,31,19,18,61
a078f160-f03e-11ef-afe9-010101010000,내과,0,1,1,1,2,11,10
a0791870-f03e-11ef-993d-010101010000,외과,1,2,1,5,4,3,1
a07a2a2c-f03e-11ef-9980-010101010000,내과,0,3,3,3,1,1,8
a07b1484-f03e-11ef-a6ac-010101010000,외과,1,115,65,170,247,135,204
a07bdf79-f03e-11ef-9854-010101010000,내과,0,1,1,1,1,1,1
a07c7bbb-f03e-11ef-8d92-010101010000,치과,0,1,2,2,18,24,1
a07cc9da-f03e-11ef-90b8-010101010000,안과,0,119,68,159,121,249,50
a07db435-f03e-11ef-aa3f-010101010000,피부과,0,12,7,20,5,5,29
a07e0252-f03e-11ef-b1c6-010101010000,내과,0,46,34,50,41,103,209
a07e5074-f03e-11ef-b0c7-010101010000,내과,0,1,3,1,3,1,1
a07f61c2-f03e-11ef-a64c-010101010000,피부과,0,1,1,1,1,1,1
a07f61c3-f03e-11ef-aaa0-010101010000,내과,0,2,2,2,2,4,22
a080733c-f03e-11ef-9edd-010101010000,안과,0,1,1,1,1,1,3
a08247f6-f03e-11ef-af34-010101010000,피부과,0,1,1,1,1,1,1
a0830b49-f03e-11ef-a99e-010101010000,내과,1,133,159,276,390,184,13
a0835963-f03e-11ef-9912-010101010000,내과,0,5,6,5,3,6,5
a084b8f4-f03e-11ef-a055-010101010000,내과,0,1,3,1,1,1,1
a085553a-f03e-11ef-b32c-010101010000,외과,0,8,2,9,13,11,30
a085553b-f03e-11ef-9270-010101010000,외과,1,1,1,1,1,1,4
a085f178-f03e-11ef-b5f9-010101010000,내과,0,3,9,6,5,4,9
a0868dd4-f03e-11ef-bda2-010101010000,내과,1,13,40,4,2,3,2
a0870305-f03e-11ef-9001-010101010000,외과,1,5,1,9,1,1,19
a087ed6a-f03e-11ef-bcc5-010101010000,피부과,0,2,1,6,2,5,1
a0883b86-f03e-11ef-9768-010101010000,내과,0,1,1,1,1,1,1
a0886294-f03e-11ef-9676-010101010000,피부과,1,1,1,2,3,6,1
a088d819-f03e-11ef-8426-010101010000,내과,0,14,9,30,45,28,162
a0897428-f03e-11ef-9348-010101010000,내과,1,1,1,3,4,3,1
a089c24c-f03e-11ef-a014-010101010000,치과,1,23,38,18,14,10,9
a08a1079-f03e-11ef-b91c-010101010000,치과,0,3,1,2,5,5,15
a08a3795-f03e-11ef-b10a-010101010000,내과,1,834,809,758,912,843,13046
a08afff2-f03e-11ef-a2ad-010101010000,안과,0,3,2,3,15,10,2
a08bc342-f03e-11ef-b2b3-010101010000,내과,0,1,1,1,1,13,1
a08c3874-f03e-11ef-b280-010101010000,외과,0,1,1,1,1,1,5
a08c5f7c-f03e-11ef-83d7-010101010000,내과,0,1,1,3,3,6,77
a08c868c-f03e-11ef-9312-010101010000,내과,0,1,1,1,2,2,1
a08dbf0f-f03e-11ef-bff1-010101010000,내과,1,5,5,4,3,5,9
a08e825e-f03e-11ef-bbb1-010101010000,안과,0,1,1,2,2,6,9
a08f45ac-f03e-11ef-a1fe-010101010000,내과,0,9,3,9,14,24,10
a08fe1f3-f03e-11ef-aa64-010101010000,내과,0,2,2,1,1,1,1
a0903010-f03e-11ef-9d90-010101010000,내과,0,1,1,1,1,2,1
a09204d0-f03e-11ef-ad6e-010101010000,외과,1,1,1,1,1,1,8
a09279fd-f03e-11ef-b7fc-010101010000,외과,1,76,139,93,73,85,382
a092a10f-f03e-11ef-99e6-010101010000,내과,1,1,1,1,15,12,1
a092c823-f03e-11ef-a5a7-010101010000,내과,0,1,1,2,1,1,1
a093164c-f03e-11ef-a2ac-010101010000,피부과,1,8,10,24,23,32,165
a0933d50-f03e-11ef-a225-010101010000,피부과,1,1,1,1,2,3,1
a0938b70-f03e-11ef-a542-010101010000,피부과,0,1,1,1,7,14,75
a093d994-f03e-11ef-887b-010101010000,피부과,0,1,1,1,1,2,1
a0944ec1-f03e-11ef-bf8e-010101010000,내과,1,1,1,4,2,1,122
a0956031-f03e-11ef-be8d-010101010000,내과,0,2,1,7,14,10,13
a095ae51-f03e-11ef-8c1b-010101010000,내과,1,14,21,17,33,61,69
a095d562-f03e-11ef-b369-010101010000,피부과,0,1,1,1,1,3,112
a095fc71-f03e-11ef-a4c2-010101010000,내과,0,3,3,5,5,8,8
a0978310-f03e-11ef-91f7-010101010000,외과,1,532,1673,347,451,239,104
a097d17e-f03e-11ef-b66a-010101010000,피부과,0,1,1,1,1,3,14
a09894c8-f03e-11ef-a7ab-010101010000,내과,0,1,1,1,1,4,38
a098e2ec-f03e-11ef-9e70-010101010000,내과,0,1,1,1,3,5,1
a099310c-f03e-11ef-970f-010101010000,내과,0,1,1,1,1,1,1
a099a638-f03e-11ef-bae1-010101010000,내과,0,1,1,1,1,1,1
a09b7f66-f03e-11ef-994d-010101010000,내과,0,2,1,2,3,3,2
a09c42b3-f03e-11ef-b9f8-010101010000,내과,1,3,3,4,8,21,19
a09d7b1e-f03e-11ef-8326-010101010000,내과,1,2,1,3,2,2,1
a09d7b1f-f03e-11ef-b21e-010101010000,내과,0,4,3,4,1,1,2
a0a01345-f03e-11ef-91b9-010101010000,내과,1,5,4,4,3,2,1
a0a199e3-f03e-11ef-b47a-010101010000,내과,1,4,4,3,2,2,273
a0a2d264-f03e-11ef-873d-010101010000,내과,1,1,2,1,2,3,1
a0a36ea2-f03e-11ef-ac03-010101010000,피부과,1,3,2,8,18,20,33
a0a3e3cd-f03e-11ef-8c53-010101010000,내과,0,8,4,16,9,25,14
a0a4ce2f-f03e-11ef-8f69-010101010000,내과,0,1,1,1,1,1,11
a0a4f547-f03e-11ef-ab4b-010101010000,외과,0,1,1,1,1,1,1
a0a4f548-f03e-11ef-9458-010101010000,내과,0,2,2,4,10,8,1
a0a59184-f03e-11ef-82fb-010101010000,치과,1,1,2,2,3,2,1
a0a71859-f03e-11ef-8d62-010101010000,피부과,0,2,6,4,3,3,6
a0a76683-f03e-11ef-9b7c-010101010000,내과,0,1,1,1,1,1,1
a0a89ed8-f03e-11ef-bc69-010101010000,피부과,0,48,37,20,22,54,865
a0a9140c-f03e-11ef-a016-010101010000,안과,1,3,2,3,7,2,14
a0aaee2e-f03e-11ef-a9a9-010101010000,내과,1,1,2,1,9,8,1
a0abff9f-f03e-11ef-9265-010101010000,외과,0,102,182,50,312,429,175
a0acc2f3-f03e-11ef-94ee-010101010000,피부과,0,1,1,1,1,1,1
a0adad53-f03e-11ef-9613-010101010000,외과,1,3,1,4,9,1,7
a0adfb76-f03e-11ef-ae13-010101010000,외과,0,1,1,1,1,1,3
a0ae97b5-f03e-11ef-9dfd-010101010000,내과,1,2,5,3,20,35,15
a0aebec8-f03e-11ef-92c3-010101010000,내과,0,1,1,1,1,1,14
a0afd031-f03e-11ef-a9fe-010101010000,내과,0,1,1,1,1,1,1
a0b09386-f03e-11ef-9227-010101010000,피부과,1,1,1,2,1,1,61
a0b1cc09-f03e-11ef-a84f-010101010000,안과,0,1,1,1,1,1,1
a0b28f56-f03e-11ef-95bd-010101010000,내과,0,1,1,1,1,2,9
a0b32b9a-f03e-11ef-ae98-010101010000,안과,0,17,18,27,81,80,27
a0b3eee4-f03e-11ef-b0fb-010101010000,외과,0,1,1,1,1,1,1
a0b52766-f03e-11ef-8021-010101010000,내과,0,1,8,1,4,7,1
a0b5c3aa-f03e-11ef-90c9-010101010000,안과,0,114,102,184,108,70,282
a0b5ead3-f03e-11ef-83fc-010101010000,치과,0,1,1,1,12,24,7
a0b6875e-f03e-11ef-b7ef-010101010000,내과,0,14,43,7,1,1,29
a0b771bb-f03e-11ef-b9d2-010101010000,피부과,0,1,1,1,1,1,1
a0b798cc-f03e-11ef-9686-010101010000,피부과,1,1,1,1,9,6,14
a0b80dfd-f03e-11ef-8333-010101010000,외과,1,1,2,1,6,2,3
a0b9a8c0-f03e-11ef-83b0-010101010000,피부과,0,53,27,42,51,92,52
a0bae13e-f03e-11ef-be88-010101010000,외과,0,73,51,44,34,32,56
a0bb2f5f-f03e-11ef-8137-010101010000,내과,0,1,1,1,2,1,3
a0bb566d-f03e-11ef-ac8f-010101010000,외과,0,279,230,347,425,552,259
a0bb566e-f03e-11ef-b840-010101010000,내과,0,2,2,2,1,1,1
a0bbf2ac-f03e-11ef-abd2-010101010000,외과,1,1,4,1,2,3,3
a0bc67e2-f03e-11ef-8320-010101010000,내과,0,28,39,47,30,37,82
a0bd041e-f03e-11ef-9a9b-010101010000,내과,1,6,16,12,24,43,389
a0bd794e-f03e-11ef-9221-010101010000,내과,0,1,1,1,1,1,1
a0bdee7d-f03e-11ef-891f-010101010000,내과,0,9,8,23,94,58,1
a0beffca-f03e-11ef-8428-010101010000,내과,1,1,1,1,1,1,1
a0c05f5f-f03e-11ef-a96c-010101010000,내과,0,14,42,16,29,22,890
a0c170cf-f03e-11ef-a5b9-010101010000,내과,1,1,1,1,1,1,1
a0c197d6-f03e-11ef-aae3-010101010000,외과,0,1,2,3,3,6,2
a0c2a950-f03e-11ef-8467-010101010000,피부과,0,1,1,1,2,4,14
a0c7c65c-f03e-11ef-9ef9-010101010000,피부과,0,1,1,1,1,1,1
a0c83c32-f03e-11ef-bcc2-010101010000,피부과,0,4,3,3,2,2,1
a0c92638-f03e-11ef-a45e-010101010000,내과,0,1,1,1,2,3,1
a0c9e989-f03e-11ef-b97f-010101010000,피부과,1,1,1,1,1,2,2
a0ca37a6-f03e-11ef-819f-010101010000,내과,0,29,45,31,58,77,58
a0ca5eb9-f03e-11ef-b235-010101010000,안과,1,4,3,15,4,2,76
a0caacdb-f03e-11ef-be42-010101010000,피부과,0,1,1,1,1,1,10
a0cc0c6b-f03e-11ef-86d4-010101010000,안과,0,1,1,1,1,1,1
a0cd6bfb-f03e-11ef-917e-010101010000,내과,0,1,1,1,1,1,1
a0ce2f4a-f03e-11ef-98ac-010101010000,외과,0,14,8,9,7,4,1
a0cea479-f03e-11ef-9878-010101010000,안과,1,7,4,12,21,26,39
a0cfdcf7-f03e-11ef-8b7a-010101010000,피부과,0,1,1,1,1,1,1
a0cfdcf8-f03e-11ef-81b7-010101010000,내과,0,1,1,1,4,4,69
a0d0793b-f03e-11ef-9fda-010101010000,내과,1,1,1,1,1,1,12
a0d1ffd9-f03e-11ef-9f53-010101010000,외과,1,23,21,32,26,17,11
a0d2ea3b-f03e-11ef-93e5-010101010000,내과,0,1,1,1,1,2,6
a0d4e5e2-f03e-11ef-a396-010101010000,피부과,1,1,1,7,10,5,2
a0d536b3-f03e-11ef-befe-010101010000,내과,0,2,4,2,1,1,17
a0d5fa01-f03e-11ef-ba37-010101010000,안과,1,1,1,1,1,2,1
a0d64828-f03e-11ef-9eeb-010101010000,내과,0,1,1,1,1,1,1
a0d6e462-f03e-11ef-b066-010101010000,외과,0,1,1,1,1,1,1
a0d75c54-f03e-11ef-8b38-010101010000,내과,1,1,1,1,1,1,1
a0d78366-f03e-11ef-bab5-010101010000,내과,1,2,3,4,3,2,24
a0d95828-f03e-11ef-a9ae-010101010000,내과,0,5,6,5,3,4,29
a0da4294-f03e-11ef-b3bf-010101010000,내과,1,2,1,3,7,5,3
a0da90a7-f03e-11ef-b0e9-010101010000,내과,0,1,1,1,1,1,1
a0dc3e50-f03e-11ef-869d-010101010000,내과,0,1,1,1,1,1,2
a0dd76ce-f03e-11ef-8e08-010101010000,내과,0,1,1,1,2,6,1
a0de1310-f03e-11ef-ac43-010101010000,내과,0,1,3,1,1,1,2
a0ded667-f03e-11ef-a575-010101010000,피부과,1,1,1,1,1,1,1
a0dfc0c5-f03e-11ef-8788-010101010000,내과,0,1,1,1,1,1,1
a0dfc0c6-f03e-11ef-8d39-010101010000,내과,0,1,2,2,3,3,21
a0dfe7ce-f03e-11ef-ae6e-010101010000,내과,0,2,4,2,1,1,8
a0e12057-f03e-11ef-b817-010101010000,외과,1,2,7,1,6,12,45
a0e14769-f03e-11ef-bd07-010101010000,내과,1,1,1,1,17,41,1
a0e258eb-f03e-11ef-a470-010101010000,내과,1,1,1,1,1,1,1
a0e2a6f9-f03e-11ef-a9e7-010101010000,외과,0,1,1,1,1,1,1
a0e56656-f03e-11ef-a866-010101010000,내과,0,1,1,1,1,1,1
a0e629a2-f03e-11ef-8d46-010101010000,내과,0,1,1,1,1,1,43
a0e73d5a-f03e-11ef-a09b-010101010000,내과,1,1,1,1,1,1,1
a0e96036-f03e-11ef-acba-010101010000,피부과,0,844,475,867,409,297,1528
a0e98746-f03e-11ef-ad6b-010101010000,내과,1,1,1,2,3,5,1
a0e9ae57-f03e-11ef-a286-010101010000,외과,1,16,24,5,1,2,6
a0e9d569-f03e-11ef-9062-010101010000,안과,0,2,2,2,4,4,8
a0eabfc2-f03e-11ef-9512-010101010000,내과,1,519,421,439,971,1420,1189
a0ec4667-f03e-11ef-affe-010101010000,피부과,0,19,41,28,42,8,160
a0ec9486-f03e-11ef-893a-010101010000,피부과,1,1,2,1,3,3,5
a0eeb763-f03e-11ef-b71c-010101010000,내과,0,1,1,1,1,2,1
a0ef2c98-f03e-11ef-b4bf-010101010000,내과,1,5,6,5,4,4,2
a0efa1bf-f03e-11ef-98e4-010101010000,안과,0,1,1,1,1,1,1
a0f08c1f-f03e-11ef-aa82-010101010000,내과,0,1,1,1,1,1,1
a0f212c3-f03e-11ef-86d6-010101010000,외과,1,15,10,18,27,17,3
a0f239db-f03e-11ef-826a-010101010000,내과,1,3,2,3,5,1,2
a0f260df-f03e-11ef-962b-010101010000,외과,1,3,78,2,6,3,31
a0f2aefd-f03e-11ef-9aba-010101010000,치과,1,43,25,67,88,48,14
a0f2d614-f03e-11ef-872b-010101010000,안과,0,1,1,1,1,1,1
a0f45cee-f03e-11ef-b2b1-010101010000,내과,0,28,49,28,46,102,190
a0f4d213-f03e-11ef-bec9-010101010000,외과,0,1,1,1,1,1,3
a0f7573f-f03e-11ef-bc16-010101010000,내과,0,1,1,1,1,1,1
a0f88fa2-f03e-11ef-8b28-010101010000,내과,1,1,1,2,2,2,2
a0f904cf-f03e-11ef-820a-010101010000,내과,0,32,75,11,4,3,4
a0f97a03-f03e-11ef-8a7a-010101010000,치과,0,2,1,2,2,2,1
a0fa8b74-f03e-11ef-8edc-010101010000,내과,0,9,2,6,9,4,1
a0fb75d0-f03e-11ef-bbfc-010101010000,피부과,0,17,20,31,43,26,50
a0fb75d1-f03e-11ef-b06c-010101010000,내과,0,2,2,2,8,20,14
a0fb9ce0-f03e-11ef-a59e-010101010000,안과,1,1,1,1,1,1,1
a0fe0ddf-f03e-11ef-8b22-010101010000,피부과,1,2,2,1,3,5,19
a0fef839-f03e-11ef-9653-010101010000,내과,0,1,1,1,2,1,12
a0ff947b-f03e-11ef-9d96-010101010000,내과,1,41,24,61,117,58,73
a0ffe29e-f03e-11ef-9217-010101010000,내과,1,111,68,68,100,72,150
a100a5f3-f03e-11ef-9613-010101010000,내과,1,4,5,4,8,14,14
a1014232-f03e-11ef-b320-010101010000,내과,0,5,2,5,2,2,2
a101de70-f03e-11ef-9bde-010101010000,내과,0,1,1,2,6,8,2
a1033e32-f03e-11ef-b423-010101010000,외과,0,1,1,1,1,1,1
a1038c47-f03e-11ef-a988-010101010000,피부과,1,1,1,1,1,1,1
a10428a9-f03e-11ef-bc11-010101010000,내과,0,1,1,1,1,1,1
a1057544-f03e-11ef-92ef-010101010000,외과,0,49,37,48,124,112,85
a105c358-f03e-11ef-9b30-010101010000,외과,0,10,8,13,20,24,36
a105c359-f03e-11ef-b286-010101010000,내과,0,1,1,1,1,1,1
a1065fa3-f03e-11ef-a8fe-010101010000,내과,0,1,1,1,1,1,1
a10686ac-f03e-11ef-ac56-010101010000,피부과,0,1,1,1,6,18,15
a1080d52-f03e-11ef-9eea-010101010000,내과,0,9,12,6,12,11,5
a108345d-f03e-11ef-b8fc-010101010000,내과,0,1,1,1,7,11,4
a1085b6b-f03e-11ef-9b2f-010101010000,피부과,0,19,24,27,26,32,18
a1096cbc-f03e-11ef-867a-010101010000,외과,0,2,2,4,4,7,3
a10a5717-f03e-11ef-987e-010101010000,내과,0,1,1,2,1,1,1
a10a7e39-f03e-11ef-8387-010101010000,내과,0,1,1,1,2,2,1
a10bdddd-f03e-11ef-b119-010101010000,내과,1,1,1,1,3,4,1
a10c04ec-f03e-11ef-9043-010101010000,내과,0,3837,4098,3317,6250,9101,3470
a10d3d6e-f03e-11ef-893b-010101010000,내과,0,1,14,2,1,1,12
a10dd992-f03e-11ef-be32-010101010000,내과,0,1,1,1,2,3,3
a10e009b-f03e-11ef-8da9-010101010000,내과,0,23,24,14,19,19,4
a110719b-f03e-11ef-8685-010101010000,내과,1,295,202,513,369,224,879
a111aa13-f03e-11ef-b777-010101010000,피부과,0,1,1,1,1,1,1
a111aa14-f03e-11ef-b6fa-010101010000,외과,0,1,1,1,1,1,1
a1121f8e-f03e-11ef-9bd8-010101010000,내과,1,221,224,192,144,134,722
a1124689-f03e-11ef-b4e1-010101010000,외과,0,1,1,1,1,1,1
a11330e9-f03e-11ef-8b5b-010101010000,내과,0,1,1,1,1,4,1
a1141b47-f03e-11ef-a18a-010101010000,피부과,0,1,1,1,1,1,1
a1144462-f03e-11ef-969f-010101010000,내과,0,3136,2235,3654,7063,4756,6753
a11507ba-f03e-11ef-98d3-010101010000,내과,0,1,1,1,1,1,1
a115cb04-f03e-11ef-a0fb-010101010000,안과,0,1,1,1,1,1,1
a1179fca-f03e-11ef-8cd9-010101010000,내과,1,4,2,8,16,3,1
a118ff55-f03e-11ef-bb4e-010101010000,내과,0,2,2,2,1,1,1545
a1192666-f03e-11ef-b9a6-010101010000,내과,0,3,4,3,1,1,1
a1194d75-f03e-11ef-8d70-010101010000,외과,0,6,2,11,13,5,2
a119c2b1-f03e-11ef-b766-010101010000,치과,1,5,2,18,8,1,2
a11aad08-f03e-11ef-8ed7-010101010000,내과,0,1,2,1,2,2,2
a11afb26-f03e-11ef-b8ab-010101010000,피부과,0,7,2,7,5,5,3
a11cf6f6-f03e-11ef-bef5-010101010000,내과,0,1,6,1,2,2,15
a11ecbba-f03e-11ef-b601-010101010000,내과,1,1,1,1,1,1,1
a11ef2d0-f03e-11ef-b051-010101010000,외과,1,56,84,39,164,267,1797
a11fb616-f03e-11ef-87ce-010101010000,내과,1,1,2,5,12,18,7
a11fdd27-f03e-11ef-85f5-010101010000,내과,1,2,2,1,12,27,3
a1200438-f03e-11ef-aa9d-010101010000,내과,0,1,1,1,1,1,157
a1224e78-f03e-11ef-a23d-010101010000,내과,1,1,1,1,1,1,2
a1239ac9-f03e-11ef-8354-010101010000,내과,0,2,6,2,2,2,1
a1245e1d-f03e-11ef-86e8-010101010000,내과,0,1,1,1,1,1,1
a124d347-f03e-11ef-b94c-010101010000,내과,0,68,39,71,44,16,69
a124fa5c-f03e-11ef-8ab6-010101010000,내과,0,1,1,1,1,1,2
a12659e8-f03e-11ef-9deb-010101010000,내과,0,1,1,1,1,1,1
a126cf1a-f03e-11ef-b1f9-010101010000,피부과,0,1,1,1,2,3,60
a12e9748-f03e-11ef-afac-010101010000,내과,0,116,166,131,128,98,281
a1301de6-f03e-11ef-bd5f-010101010000,치과,0,1,1,1,1,1,33
a1306c2b-f03e-11ef-9ecb-010101010000,내과,0,1,1,1,1,1,1
a130933a-f03e-11ef-bd33-010101010000,내과,0,13,18,13,21,28,7
a133b446-f03e-11ef-bd9c-010101010000,내과,0,2,2,1,2,7,14
a133db51-f03e-11ef-9549-010101010000,외과,1,175,279,195,43,104,114
a134508c-f03e-11ef-b595-010101010000,내과,1,21,31,17,15,22,9
a1347795-f03e-11ef-bc0b-010101010000,치과,0,1,1,1,1,1,3
a1349ea4-f03e-11ef-bd56-010101010000,외과,0,4,3,8,14,5,49
a134ecc4-f03e-11ef-aacf-010101010000,내과,0,1,1,1,1,1,1
a13561f3-f03e-11ef-99a5-010101010000,내과,0,13,9,9,50,15,2
a135b016-f03e-11ef-8c41-010101010000,내과,0,1,1,1,4,5,2
a13736b2-f03e-11ef-8026-010101010000,내과,1,364,365,363,743,523,379
a13784d5-f03e-11ef-ba81-010101010000,내과,0,5,3,4,9,5,10
a139a7b2-f03e-11ef-b949-010101010000,외과,0,17,5,11,20,12,1
a13a43f1-f03e-11ef-b265-010101010000,내과,0,1,1,1,1,3,1
a13ae039-f03e-11ef-95a3-010101010000,내과,0,2,2,1,3,2,641
a13b556f-f03e-11ef-9a3a-010101010000,피부과,0,1,1,1,1,1,1
a13b7c74-f03e-11ef-9e5f-010101010000,피부과,1,2,2,3,3,5,13
a13c8de2-f03e-11ef-b1d9-010101010000,내과,0,1,1,3,30,20,17
a13dc664-f03e-11ef-896e-010101010000,내과,1,562,833,754,471,139,699
a13ded76-f03e-11ef-ad32-010101010000,내과,0,1,1,1,1,1,1
a13f7414-f03e-11ef-a341-010101010000,내과,1,1,2,1,2,2,6
a140d3c8-f03e-11ef-92ca-010101010000,안과,0,2,4,2,7,12,3
a140fad3-f03e-11ef-aeb4-010101010000,내과,0,1,1,1,1,1,1
a14234cf-f03e-11ef-bc21-010101010000,내과,0,1,1,1,1,1,1
a1431f26-f03e-11ef-8ef0-010101010000,내과,1,9,81,5,9,20,31
a1447ebb-f03e-11ef-97e6-010101010000,외과,1,15,13,15,153,124,30
a144a5cf-f03e-11ef-8a8b-010101010000,피부과,0,1,1,1,4,4,1
a146a196-f03e-11ef-9eba-010101010000,내과,0,29,22,17,6,2,1311
a14716ca-f03e-11ef-a097-010101010000,내과,0,12,26,6,3,1,3
a1484f50-f03e-11ef-95ac-010101010000,외과,0,13,4,17,10,5,21
a148765b-f03e-11ef-8482-010101010000,내과,1,2,2,2,2,2,69
a14987ca-f03e-11ef-a88f-010101010000,내과,0,17,14,15,10,15,6
a14987cb-f03e-11ef-9bd0-010101010000,피부과,0,2,1,2,6,8,23
a149d5ea-f03e-11ef-8a50-010101010000,내과,0,2,1,2,3,2,1
a14b5c88-f03e-11ef-b4ff-010101010000,내과,0,24,23,14,6,5,220
a14bf8cd-f03e-11ef-8fd4-010101010000,내과,0,1,1,1,1,1,1
a14c1fdb-f03e-11ef-bcc6-010101010000,피부과,1,1,1,1,1,1,1
a14cbc1e-f03e-11ef-8091-010101010000,내과,1,1,1,1,1,1,44
a14d5859-f03e-11ef-8180-010101010000,피부과,0,1,1,1,1,1,1
a150179f-f03e-11ef-922e-010101010000,외과,1,1,1,1,2,1,43
a15017a1-f03e-11ef-848f-010101010000,내과,1,13,11,38,17,3,179
a1508cd6-f03e-11ef-b434-010101010000,내과,0,5,7,1,1,1,1
a1512914-f03e-11ef-8827-010101010000,내과,1,2,2,2,3,2,4
a152433b-f03e-11ef-a1af-010101010000,피부과,1,1,1,1,3,2,35
a1530687-f03e-11ef-953d-010101010000,외과,1,1,1,1,7,15,12
a15417f2-f03e-11ef-abe5-010101010000,내과,0,1,1,1,1,1,1
a154b428-f03e-11ef-b25f-010101010000,내과,0,19,21,16,74,86,19
a1552976-f03e-11ef-ae20-010101010000,내과,1,1,1,1,1,1,2
a1555077-f03e-11ef-b7c1-010101010000,내과,0,1,1,2,3,3,6
a1559eb4-f03e-11ef-9404-010101010000,내과,1,1,1,1,1,1,64
a1568914-f03e-11ef-a028-010101010000,내과,0,1,1,1,1,1,1
a156b035-f03e-11ef-8883-010101010000,내과,0,74,99,106,157,155,16
a15836c6-f03e-11ef-9472-010101010000,안과,0,106,149,84,304,552,108
a1585dd8-f03e-11ef-8d02-010101010000,피부과,1,93,4,168,71,11,234
a158abf1-f03e-11ef-be98-010101010000,내과,0,11,12,11,6,2,4
a158fa16-f03e-11ef-a36e-010101010000,외과,0,1,1,1,4,4,3
a15b4404-f03e-11ef-96d5-010101010000,내과,0,1,1,1,1,1,1
a15c7c84-f03e-11ef-9058-010101010000,외과,0,1,1,1,1,1,2
a15ccaa4-f03e-11ef-8ca1-010101010000,내과,1,1,1,1,1,1,1
a15e789d-f03e-11ef-8b17-010101010000,외과,1,3,1,4,4,1,3
a15ec6b2-f03e-11ef-8624-010101010000,내과,0,50,12,98,25,12,142
a15eedc9-f03e-11ef-8a0c-010101010000,내과,0,1,1,1,1,1,1
a15fb115-f03e-11ef-a13e-010101010000,내과,0,1,1,1,1,1,1
a15fff34-f03e-11ef-bab5-010101010000,내과,0,1,1,1,1,1,1
a1602649-f03e-11ef-b5c3-010101010000,내과,1,22,8,25,10,11,23
a1607469-f03e-11ef-b920-010101010000,외과,0,3,2,2,2,2,4
a1633687-f03e-11ef-a8ae-010101010000,내과,0,2,3,4,6,4,194
a163d2c9-f03e-11ef-9b74-010101010000,내과,0,1,1,1,1,1,1
a1649615-f03e-11ef-b0a7-010101010000,내과,0,1,1,1,1,1,7
a164e433-f03e-11ef-89b9-010101010000,내과,1,1,1,1,1,1,1
a1650b49-f03e-11ef-a61c-010101010000,피부과,1,1,1,1,1,1,1
a1655967-f03e-11ef-9df0-010101010000,내과,0,4,2,2,36,59,4
a16706fb-f03e-11ef-8c98-010101010000,내과,1,1,1,1,1,1,16
a1672e0c-f03e-11ef-875f-010101010000,외과,1,1,1,1,1,1,1
a1698eec-f03e-11ef-b803-010101010000,내과,1,1,2,1,1,1,3
a16a0424-f03e-11ef-9cfd-010101010000,내과,1,9,8,13,21,28,12
a16a0425-f03e-11ef-8cc3-010101010000,내과,0,1,1,1,1,1,1
a16a523f-f03e-11ef-a0c0-010101010000,내과,1,9634,13123,11321,9306,4915,345
a16bb1d2-f03e-11ef-a7a1-010101010000,내과,0,3,4,2,2,2,3
a16c4e26-f03e-11ef-81d0-010101010000,내과,0,1,1,1,1,1,2
a16c751c-f03e-11ef-8895-010101010000,치과,1,236,394,216,83,58,71
a16dfbff-f03e-11ef-b347-010101010000,외과,1,1,1,1,1,1,1
a16e22f5-f03e-11ef-9605-010101010000,내과,0,15,22,13,15,16,13
a16f8281-f03e-11ef-928a-010101010000,내과,1,1,1,1,5,3,4
a1714404-f03e-11ef-b51f-010101010000,내과,0,72,56,62,48,42,57
a1719222-f03e-11ef-aa90-010101010000,외과,0,1,1,1,1,1,1
a17366e6-f03e-11ef-ba6f-010101010000,피부과,0,1,1,1,1,1,1
a173dc17-f03e-11ef-bfef-010101010000,내과,1,95,101,108,135,145,159
a1762608-f03e-11ef-9d6f-010101010000,내과,0,2,2,2,34,20,48
a1762609-f03e-11ef-8728-010101010000,내과,0,18,26,14,64,108,4
a1786ff1-f03e-11ef-8638-010101010000,내과,1,2,2,3,1,1,1
a1789703-f03e-11ef-8b2c-010101010000,치과,0,1,1,1,1,1,1
a178e522-f03e-11ef-b3c1-010101010000,외과,0,1,1,1,1,1,1
a1798162-f03e-11ef-bd2b-010101010000,내과,0,1,1,2,7,4,61
a179f692-f03e-11ef-a72f-010101010000,안과,0,20,17,31,7,13,207
a17a1da3-f03e-11ef-8a2b-010101010000,외과,0,1,1,1,1,1,1
a17d03f7-f03e-11ef-9abc-010101010000,내과,0,7,6,6,6,5,3
a17da037-f03e-11ef-890b-010101010000,내과,1,1,2,1,3,3,1
a17e3c73-f03e-11ef-a6cd-010101010000,피부과,0,1,1,3,17,11,6
a17f61c7-f03e-11ef-9e2f-010101010000,내과,0,1,1,1,5,8,1
a181f9db-f03e-11ef-bb1e-010101010000,치과,1,21,23,17,91,152,797
a18220e9-f03e-11ef-9bf4-010101010000,외과,0,190,148,316,1012,448,29
a182e43c-f03e-11ef-97ff-010101010000,외과,1,5,12,5,8,3,43
a1833258-f03e-11ef-bea1-010101010000,내과,1,2,1,3,2,1,6
a1838079-f03e-11ef-9555-010101010000,내과,1,8,1,4,1,1,15
a18443c5-f03e-11ef-a8fb-010101010000,내과,0,1,1,4,11,10,21
a1855545-f03e-11ef-a06a-010101010000,내과,1,55,58,31,25,71,27
a185ca68-f03e-11ef-9b8f-010101010000,피부과,0,1,1,2,2,2,2
a186b4c3-f03e-11ef-a8e9-010101010000,내과,0,1,1,1,1,1,1
a18702ea-f03e-11ef-a9d6-010101010000,외과,0,1,1,1,1,1,1
a18729f5-f03e-11ef-9fa4-010101010000,치과,0,11,8,8,18,15,27
a187c636-f03e-11ef-909c-010101010000,내과,1,29,29,29,38,35,31
a1886276-f03e-11ef-ab93-010101010000,안과,1,1,1,2,2,2,6
a189e915-f03e-11ef-a5fb-010101010000,내과,1,1,1,1,8,10,3
a18b6fb8-f03e-11ef-b1e1-010101010000,피부과,0,1,1,1,1,1,1
a18c5a3e-f03e-11ef-8668-010101010000,안과,0,3,2,3,13,14,14
a18d4499-f03e-11ef-a134-010101010000,외과,1,8,2,3,1,1,3
a18e90d8-f03e-11ef-901c-010101010000,내과,0,5,2,8,31,5,64
a18eb7ea-f03e-11ef-80e3-010101010000,외과,0,1,3,1,1,1,9
a18f5432-f03e-11ef-b79c-010101010000,치과,1,1,2,2,1,1,1
a1919fe2-f03e-11ef-92ec-010101010000,피부과,1,203,130,251,169,153,150
a192b14e-f03e-11ef-a91b-010101010000,외과,0,8,18,6,40,23,58
a1932680-f03e-11ef-9ad2-010101010000,치과,1,1,1,1,1,4,4
a194ad24-f03e-11ef-91db-010101010000,내과,0,1,1,1,1,4,2
a1954965-f03e-11ef-9dc2-010101010000,내과,0,1,1,1,1,2,1
a1957073-f03e-11ef-b201-010101010000,내과,1,2,2,2,5,5,27
a195977f-f03e-11ef-979e-010101010000,피부과,0,2,2,1,1,1,78
a195e5a7-f03e-11ef-bc57-010101010000,내과,1,1,1,1,1,1,8
a19633c0-f03e-11ef-837d-010101010000,외과,0,29,11,19,17,8,3
a1965ae5-f03e-11ef-9491-010101010000,내과,0,36,59,42,65,97,140
a1974545-f03e-11ef-a8b8-010101010000,피부과,0,1,1,1,1,1,11
a1979354-f03e-11ef-8fa4-010101010000,내과,0,2,1,2,3,2,16
a1998f25-f03e-11ef-b5ec-010101010000,내과,0,1,1,2,3,3,1
a19a044f-f03e-11ef-a063-010101010000,피부과,0,1,1,1,1,1,1
a19a5270-f03e-11ef-aac7-010101010000,내과,0,1,2,1,2,2,85
a19b3cd5-f03e-11ef-87d7-010101010000,내과,0,64,27,86,24,39,5
a19c2759-f03e-11ef-809b-010101010000,외과,1,52,79,93,35,8,56
a19c9c90-f03e-11ef-95e5-010101010000,외과,0,2,5,2,42,49,98
a19ddec3-f03e-11ef-b875-010101010000,내과,1,8,8,9,8,9,46
a19e05d7-f03e-11ef-a809-010101010000,외과,0,3,3,2,6,4,19
a19e53e4-f03e-11ef-8150-010101010000,내과,0,1,1,1,1,1,3
a19ea1ff-f03e-11ef-8a2a-010101010000,치과,0,5,3,9,2,1,114
a19f8c5e-f03e-11ef-9dfa-010101010000,안과,0,17,10,19,56,41,40
a1a04fb6-f03e-11ef-a90e-010101010000,내과,0,312,374,265,284,242,1556
a1a09ddc-f03e-11ef-a740-010101010000,내과,1,30,18,24,147,127,16
a1a13a36-f03e-11ef-afe8-010101010000,내과,0,1,1,1,1,1,1
a1a1af45-f03e-11ef-9211-010101010000,내과,0,1,1,1,1,2,3
a1a2e7c6-f03e-11ef-8122-010101010000,치과,1,24,22,20,47,42,23
a1a335e4-f03e-11ef-927e-010101010000,내과,0,9,27,11,11,12,62
a1a35cf0-f03e-11ef-895d-010101010000,내과,0,65,32,71,28,31,11
a1a4bc84-f03e-11ef-9804-010101010000,내과,0,35,310,16,86,174,168
a1a531b9-f03e-11ef-8045-010101010000,피부과,0,1,1,1,1,1,37
a1a5f4fa-f03e-11ef-9df3-010101010000,내과,0,1,1,1,1,7,8
a1a7548f-f03e-11ef-a107-010101010000,외과,1,14,18,14,35,14,281
a1a865fd-f03e-11ef-82af-010101010000,내과,0,71,73,61,73,100,229
a1a90265-f03e-11ef-9c14-010101010000,내과,1,15,6,22,3,5,1
a1a9505c-f03e-11ef-ba88-010101010000,내과,0,1,1,1,1,1,1
a1a99e7d-f03e-11ef-ba07-010101010000,피부과,1,8,8,8,16,12,33
a1aa61c5-f03e-11ef-836b-010101010000,내과,0,3,2,3,6,9,3
a1ac5db6-f03e-11ef-b357-010101010000,내과,0,187,183,173,250,345,197
a1ad248c-f03e-11ef-b5af-010101010000,내과,0,5,5,5,29,22,36
a1ad72b8-f03e-11ef-a534-010101010000,피부과,0,1,1,1,1,1,1
a1ad72b9-f03e-11ef-ba14-010101010000,피부과,0,6,5,9,19,15,60
a1adc0cf-f03e-11ef-8d4b-010101010000,외과,1,12,12,18,9,14,2
a1aef952-f03e-11ef-bc04-010101010000,외과,1,49,21,95,11,5,41
a1b058e2-f03e-11ef-9bc0-010101010000,내과,0,1,1,1,1,2,2
a1b0a712-f03e-11ef-ba52-010101010000,치과,0,1,1,2,1,1,10
a1b1b86c-f03e-11ef-ad65-010101010000,치과,0,1,1,1,1,1,1
a1b33f1d-f03e-11ef-ab65-010101010000,피부과,0,6,5,7,11,3,23
a1b3b43d-f03e-11ef-b617-010101010000,치과,0,4,10,2,5,3,11
a1b4507e-f03e-11ef-99ff-010101010000,내과,0,3,15,2,23,15,5
a1b4778c-f03e-11ef-8469-010101010000,내과,1,3,5,3,3,4,1
a1b4c5ad-f03e-11ef-808f-010101010000,치과,1,8,12,14,4,2,283
a1b4ecc0-f03e-11ef-93a6-010101010000,외과,0,15,16,10,4,5,12
a1b561ee-f03e-11ef-9927-010101010000,피부과,0,1,1,1,1,1,2
a1b561ef-f03e-11ef-bc84-010101010000,내과,0,4,4,5,5,4,18
a1b6c17c-f03e-11ef-9132-010101010000,치과,1,13,12,10,9,7,14
a1b70f9f-f03e-11ef-95c1-010101010000,내과,0,1,1,1,4,5,2
a1b7f9fc-f03e-11ef-8db1-010101010000,내과,0,2,3,3,4,7,6
a1b84830-f03e-11ef-a989-010101010000,내과,0,1,1,1,1,4,1
a1b86f3f-f03e-11ef-9228-010101010000,내과,0,1,1,2,1,3,1
a1bbcad2-f03e-11ef-8b36-010101010000,외과,0,1,1,1,2,2,119
a1bc6c7d-f03e-11ef-93ca-010101010000,외과,1,40,55,26,28,40,60
a1bd2fc8-f03e-11ef-8303-010101010000,내과,1,2,2,2,1,1,2
a1bd56db-f03e-11ef-b031-010101010000,내과,1,1,1,1,11,16,1
a1bd7de5-f03e-11ef-a28c-010101010000,내과,0,1,1,1,3,2,31
a1bda4f6-f03e-11ef-8add-010101010000,외과,0,1,1,2,2,3,6
a1be1a26-f03e-11ef-a934-010101010000,치과,1,2,2,2,2,2,17
a1bf52ae-f03e-11ef-a53a-010101010000,안과,0,1,1,1,1,1,1
a1bfa0c6-f03e-11ef-99f4-010101010000,안과,0,5,8,4,3,3,21
a1c08b20-f03e-11ef-8ba3-010101010000,내과,0,1,1,1,1,1,4
a1c08b21-f03e-11ef-96d4-010101010000,외과,1,10,34,14,45,37,92
a1c12769-f03e-11ef-be17-010101010000,내과,0,2,4,2,23,22,8
a1c1276a-f03e-11ef-9e9d-010101010000,피부과,0,1,1,1,1,1,1
a1c14e6f-f03e-11ef-ae78-010101010000,내과,0,1,1,1,1,4,1
a1c14e70-f03e-11ef-b7c6-010101010000,내과,0,159,95,170,38,14,208
a1c37155-f03e-11ef-98b2-010101010000,치과,0,18,17,19,41,25,17
a1c3e68a-f03e-11ef-823c-010101010000,내과,0,17,59,13,14,25,7
a1c40d9b-f03e-11ef-aaa2-010101010000,외과,1,1655,1257,789,2366,1043,7567
a1c4d0ea-f03e-11ef-8576-010101010000,내과,0,1,1,1,1,1,1
a1c6ccca-f03e-11ef-8db3-010101010000,내과,0,1,1,1,1,1,1
a1c7b71e-f03e-11ef-8688-010101010000,치과,0,1,1,1,1,1,4
a1c80538-f03e-11ef-be6b-010101010000,치과,0,1,1,1,1,1,2
a1c82c47-f03e-11ef-a927-010101010000,내과,0,16,23,12,23,24,98
a1c8535c-f03e-11ef-bc3b-010101010000,내과,1,1,2,1,3,3,3
a1c8ef94-f03e-11ef-b6fd-010101010000,피부과,0,1,1,1,1,1,1
a1ca0138-f03e-11ef-ad31-010101010000,내과,1,847,388,814,900,266,1440
a1ca0139-f03e-11ef-83af-010101010000,외과,0,21,10,12,19,11,11
a1ca4f5c-f03e-11ef-97a5-010101010000,내과,0,11,7,7,3,11,8
a1caeb99-f03e-11ef-892e-010101010000,피부과,0,2,1,1,3,3,4
a1cb9bdb-f03e-11ef-8e43-010101010000,내과,0,1,1,1,1,1,1
a1cc110d-f03e-11ef-a9e0-010101010000,외과,1,59,44,46,32,56,46
a1ccfb6e-f03e-11ef-b316-010101010000,내과,0,1,1,1,1,1,1
a1ccfb6f-f03e-11ef-a324-010101010000,내과,0,5,1,3,14,22,18
a1cd498c-f03e-11ef-8100-010101010000,내과,0,3,1,3,4,4,2
a1ce0ce0-f03e-11ef-84a5-010101010000,외과,0,202,145,93,92,158,19
a1ce33ed-f03e-11ef-a85f-010101010000,내과,0,1,1,1,1,1,1
a1cf6c70-f03e-11ef-b448-010101010000,내과,0,111,100,92,30,31,10
a1cf9382-f03e-11ef-8964-010101010000,내과,0,3,5,1,1,2,13
a1cfe19d-f03e-11ef-a975-010101010000,내과,0,61,92,62,188,212,147
a1d07ddd-f03e-11ef-a4b9-010101010000,내과,0,1,1,1,1,1,1
a1d1683f-f03e-11ef-8103-010101010000,외과,0,1,1,1,1,1,1
a1d1b65e-f03e-11ef-8813-010101010000,외과,0,3,3,3,11,9,4
a1d2529a-f03e-11ef-8b28-010101010000,피부과,1,1,1,2,6,10,2
a1d279ae-f03e-11ef-8e2f-010101010000,내과,0,1,1,1,1,1,1
a1d2eedb-f03e-11ef-a6e9-010101010000,내과,0,1,4,1,1,2,3
a1d33cfd-f03e-11ef-8746-010101010000,외과,1,4,4,4,4,3,51
a1d4275b-f03e-11ef-8f88-010101010000,내과,0,4,6,5,11,17,5
a1d49c89-f03e-11ef-a3c0-010101010000,피부과,1,1,1,1,2,2,1
a1d49c8a-f03e-11ef-9e93-010101010000,피부과,1,1,1,1,1,1,1
a1d6714a-f03e-11ef-afca-010101010000,내과,0,1,2,1,1,1,1
a1d6e67c-f03e-11ef-adc1-010101010000,내과,0,1,1,1,1,1,1
a1d70d8c-f03e-11ef-9b42-010101010000,피부과,1,128,158,229,201,179,1566
a1d7a9cf-f03e-11ef-a16c-010101010000,내과,0,12,17,10,27,69,36
a1d8460e-f03e-11ef-8bee-010101010000,안과,1,17,4,34,82,33,136
a1d8e286-f03e-11ef-b3d7-010101010000,내과,0,109,74,113,251,289,110
a1d9a5ca-f03e-11ef-812d-010101010000,외과,0,1,1,3,2,3,6
a1daf222-f03e-11ef-8592-010101010000,피부과,0,11,6,14,6,14,7
a1db192b-f03e-11ef-9d4e-010101010000,외과,1,4,4,13,11,7,202
a1dc9fca-f03e-11ef-a7cf-010101010000,외과,1,113,84,216,123,41,80
a1dcc6db-f03e-11ef-9049-010101010000,외과,0,3,4,3,48,76,210
a1dd631d-f03e-11ef-94a5-010101010000,내과,1,1,1,1,1,1,1
a1de9b9c-f03e-11ef-aaef-010101010000,피부과,0,1,1,1,2,2,1
a1df37da-f03e-11ef-b305-010101010000,피부과,0,1,1,4,3,3,53
a1dfad08-f03e-11ef-84bd-010101010000,내과,0,1,1,1,1,1,2
a1e0224a-f03e-11ef-bdd4-010101010000,외과,1,13,22,19,12,18,118
a1e0494c-f03e-11ef-831a-010101010000,피부과,0,1,1,1,1,1,1
a1e0976e-f03e-11ef-8016-010101010000,외과,0,1,1,1,1,1,2
a1e0be7d-f03e-11ef-a8a3-010101010000,외과,0,59,34,37,35,20,204
a1e133b2-f03e-11ef-be40-010101010000,내과,0,4,5,1,1,1,2
a1e1f6f5-f03e-11ef-a232-010101010000,외과,0,2,7,1,1,1,1
a1e26c28-f03e-11ef-ba98-010101010000,외과,1,1,1,2,1,1,42
a1e32f80-f03e-11ef-9ed9-010101010000,피부과,0,19,17,23,10,11,10
a1e35687-f03e-11ef-9e96-010101010000,내과,0,4,6,3,1,3,7
a1e3f2cd-f03e-11ef-962d-010101010000,피부과,0,11,10,19,17,20,36
a1e57972-f03e-11ef-bee9-010101010000,내과,0,1,1,1,1,1,1
a1e5c786-f03e-11ef-8929-010101010000,피부과,0,3,3,3,10,9,3
a1e5ee9c-f03e-11ef-8fd2-010101010000,외과,0,1,1,1,1,1,1
a1e7000c-f03e-11ef-8571-010101010000,내과,0,7,8,9,14,13,1
a1e79c48-f03e-11ef-9754-010101010000,피부과,1,2,1,2,1,1,1
a1e7c37f-f03e-11ef-9698-010101010000,외과,1,46,53,31,19,8,20
a1e8add8-f03e-11ef-a1be-010101010000,내과,1,2,1,1,1,1,1
a1e92308-f03e-11ef-bc9b-010101010000,피부과,0,3,5,5,4,7,18
a1e9e65c-f03e-11ef-a69d-010101010000,내과,1,1,1,1,1,1,3
a1e9e65e-f03e-11ef-bf66-010101010000,내과,0,1,1,1,1,1,2
a1ea38e1-f03e-11ef-a115-010101010000,내과,0,431,243,649,687,582,693
a1eaae05-f03e-11ef-b6a5-010101010000,안과,0,1,1,1,1,1,1
a1eaae06-f03e-11ef-8e61-010101010000,치과,1,1,1,1,10,7,1
a1eb233e-f03e-11ef-86d4-010101010000,외과,0,1,1,1,1,1,1
a1eb9868-f03e-11ef-80bc-010101010000,내과,0,3,3,2,3,3,329
a1ecd0ef-f03e-11ef-8fd0-010101010000,외과,0,1,1,1,1,1,2
a1ed6d1e-f03e-11ef-ad17-010101010000,안과,0,1,1,1,1,1,6
a1ef1ad0-f03e-11ef-81e7-010101010000,내과,0,1,1,1,3,6,87
a1ef68ef-f03e-11ef-b7fa-010101010000,내과,0,408,352,387,1313,947,640
a1f0052b-f03e-11ef-9406-010101010000,내과,0,1,1,1,1,1,1
a1f27627-f03e-11ef-af8b-010101010000,내과,0,11,1,9,46,50,278
a1f29d42-f03e-11ef-be56-010101010000,피부과,1,3,3,3,2,3,13
a1f3398a-f03e-11ef-82af-010101010000,내과,0,1,1,1,1,1,17
a1f36098-f03e-11ef-9d35-010101010000,외과,1,162,97,103,180,170,30
a1f387b3-f03e-11ef-a7ac-010101010000,내과,0,6,17,5,10,12,2
a1f3d5c7-f03e-11ef-be06-010101010000,내과,0,3,3,3,2,6,9
a1f49919-f03e-11ef-ac3b-010101010000,내과,0,2,2,3,1,1,2
a1f5d18e-f03e-11ef-81a8-010101010000,외과,1,2,3,6,1,1,1
a1f61fb6-f03e-11ef-8d26-010101010000,외과,0,44,41,33,13,13,12
a1f7a67b-f03e-11ef-9063-010101010000,안과,1,1,1,1,1,1,4
a1f842c1-f03e-11ef-abe5-010101010000,내과,0,1,1,1,1,1,1
a1f92d1c-f03e-11ef-ac60-010101010000,내과,0,234,259,311,544,894,372
a1fb2db9-f03e-11ef-b39f-010101010000,내과,1,2,2,2,6,6,4
a1fb54cb-f03e-11ef-ad85-010101010000,내과,0,225,690,134,61,179,399
a1fc3f29-f03e-11ef-a21e-010101010000,내과,0,352,738,367,210,354,431
a1fc663c-f03e-11ef-a0c6-010101010000,내과,0,2,2,2,3,7,20
a1fc8d4f-f03e-11ef-a596-010101010000,내과,0,1,1,1,1,1,1
a1fcdb64-f03e-11ef-960e-010101010000,내과,0,4,1,2,8,11,1
a1fd027f-f03e-11ef-8168-010101010000,내과,0,7,10,5,6,15,31
a1fd9eb9-f03e-11ef-a704-010101010000,내과,0,1069,3147,950,1921,2368,324
a1fe3afc-f03e-11ef-b8f3-010101010000,외과,0,1,5,1,1,1,615
a1fe891a-f03e-11ef-bb9f-010101010000,내과,0,1,1,1,1,1,1
a1ff255c-f03e-11ef-bb8e-010101010000,외과,0,39,28,54,115,87,169
a1ff737b-f03e-11ef-9735-010101010000,피부과,1,1,1,1,1,1,5
a2000fba-f03e-11ef-bb79-010101010000,피부과,0,1,1,1,1,1,3
a20036ca-f03e-11ef-a33c-010101010000,외과,0,300,286,244,2273,2132,4110
a200d307-f03e-11ef-b346-010101010000,외과,0,37,28,26,15,16,6
a2012130-f03e-11ef-8253-010101010000,내과,1,2,2,2,2,1,4
a2019658-f03e-11ef-9478-010101010000,내과,0,5,3,8,8,6,28
a201e47a-f03e-11ef-8d78-010101010000,외과,1,260,262,668,300,59,371
a20280be-f03e-11ef-9527-010101010000,내과,0,45,51,27,29,54,9
a2042e6c-f03e-11ef-954d-010101010000,내과,0,84,92,67,63,66,19
a2047c8e-f03e-11ef-94f0-010101010000,내과,1,74,50,129,313,215,2634
a204a399-f03e-11ef-9329-010101010000,내과,0,21,24,10,8,3,7
a204f1bd-f03e-11ef-b5c8-010101010000,치과,1,1,1,3,1,1,2
a2062a3d-f03e-11ef-85dc-010101010000,피부과,0,1,1,1,1,1,2
a2067884-f03e-11ef-a360-010101010000,외과,0,1,1,1,1,1,14
a2084d43-f03e-11ef-a1b4-010101010000,외과,0,17,33,18,30,30,50
a20999a8-f03e-11ef-a695-010101010000,내과,0,1,1,1,2,4,53
a209e7d1-f03e-11ef-925e-010101010000,피부과,0,6,6,7,20,4,30
a20a0edd-f03e-11ef-a213-010101010000,피부과,0,2,4,2,2,2,1
a20a8409-f03e-11ef-974d-010101010000,피부과,0,4,3,4,2,7,2
a20b2055-f03e-11ef-914d-010101010000,내과,0,2,2,2,1,1,2
a20b475c-f03e-11ef-ac20-010101010000,안과,0,1,1,1,2,4,1
a20b6e70-f03e-11ef-9753-010101010000,치과,0,32,15,15,12,13,5
a20c7fd9-f03e-11ef-a9f4-010101010000,치과,0,1,2,1,1,1,2
a20ca6ec-f03e-11ef-af09-010101010000,내과,0,1,1,1,1,1,1
a20d432b-f03e-11ef-909f-010101010000,외과,0,24,13,23,44,42,32
a20d6a3d-f03e-11ef-ae11-010101010000,내과,1,59,34,77,13,7,4
a20f6609-f03e-11ef-98ac-010101010000,내과,0,4,7,1,1,1,3
a20fdb40-f03e-11ef-a264-010101010000,피부과,0,13,14,23,37,35,365
a2100249-f03e-11ef-a6c0-010101010000,내과,0,1,1,1,1,6,2
a210c59a-f03e-11ef-99f5-010101010000,내과,1,1,3,2,3,5,1
a210ecad-f03e-11ef-b13c-010101010000,치과,1,1,1,1,1,1,1
a21113c3-f03e-11ef-ba60-010101010000,내과,0,1,1,1,1,1,1
a211affc-f03e-11ef-9d36-010101010000,외과,0,10,17,10,48,68,110
a2129a5a-f03e-11ef-ba9d-010101010000,내과,0,3,2,5,19,2,15
a2129a5b-f03e-11ef-9f1f-010101010000,내과,0,39,12,60,46,67,80
a212c16c-f03e-11ef-b8da-010101010000,외과,1,1,1,1,1,1,1
a214bd3b-f03e-11ef-a9c4-010101010000,치과,0,1,1,1,1,1,1
a2150b62-f03e-11ef-a1c7-010101010000,외과,0,1,1,1,1,1,48
a217074b-f03e-11ef-969e-010101010000,피부과,0,1,1,1,3,6,9
a2172e5e-f03e-11ef-a7db-010101010000,내과,1,125,83,162,165,75,4488
a2175571-f03e-11ef-b76e-010101010000,외과,0,202,229,178,108,84,94
a217b740-f03e-11ef-b938-010101010000,외과,0,1,1,1,1,1,1
a218058d-f03e-11ef-8ce0-010101010000,내과,1,7,9,8,4,5,2
a218a1cf-f03e-11ef-be2d-010101010000,내과,0,1,1,1,1,1,1
a2196548-f03e-11ef-a3f8-010101010000,치과,0,1,1,1,1,1,2
a219b33e-f03e-11ef-b709-010101010000,피부과,0,1,1,1,1,2,1
a21a9db3-f03e-11ef-910e-010101010000,내과,0,1,1,1,1,1,3
a21cc077-f03e-11ef-b17f-010101010000,외과,1,1,1,1,1,1,1
a21d5cb7-f03e-11ef-857a-010101010000,피부과,1,1,1,1,6,5,23
a21e2007-f03e-11ef-8dec-010101010000,내과,0,1,1,1,1,1,1
a21fa6a8-f03e-11ef-b42a-010101010000,외과,0,1,1,1,1,1,1
a2201bd9-f03e-11ef-ad70-010101010000,내과,0,1,1,1,1,1,1
a220910c-f03e-11ef-b5c3-010101010000,피부과,1,1,1,1,1,1,3
a221a284-f03e-11ef-a10a-010101010000,외과,0,30,31,13,5,10,34
a2228cd8-f03e-11ef-b208-010101010000,내과,1,9,7,12,22,13,90
a223502a-f03e-11ef-a354-010101010000,외과,0,27,40,39,21,23,75
a223c559-f03e-11ef-9e85-010101010000,외과,0,4,5,5,5,6,12
a22413a9-f03e-11ef-aa25-010101010000,내과,0,5,10,5,22,21,49
a22488ab-f03e-11ef-9f89-010101010000,외과,1,4,3,3,6,14,6
a224d6ed-f03e-11ef-b37c-010101010000,안과,0,3,4,19,3,3,4
a224fdfd-f03e-11ef-98a6-010101010000,내과,1,1,1,1,4,4,5
a2257325-f03e-11ef-8f6e-010101010000,피부과,0,1,1,1,3,3,1
a2268497-f03e-11ef-8f20-010101010000,외과,0,1,1,1,1,3,1
a226aba9-f03e-11ef-9a00-010101010000,내과,1,2,2,2,4,5,2
a22799f9-f03e-11ef-a357-010101010000,내과,1,2,1,2,2,1,36
a2280f29-f03e-11ef-8d7c-010101010000,피부과,0,2,1,2,1,4,4
a229bcd7-f03e-11ef-95f6-010101010000,피부과,0,33,28,64,73,52,9
a229e409-f03e-11ef-b755-010101010000,내과,1,1,1,2,1,1,75
a22a5917-f03e-11ef-b9bf-010101010000,내과,0,2,2,2,1,2,1
a22b0b84-f03e-11ef-bc5b-010101010000,외과,0,6,6,13,8,5,4
a22b805d-f03e-11ef-b8fb-010101010000,외과,0,3,3,5,1,6,81
a22c1ca9-f03e-11ef-b23a-010101010000,내과,0,1,1,1,1,1,1
a22c91dd-f03e-11ef-8363-010101010000,내과,0,11,9,11,9,20,18
a22d0714-f03e-11ef-b22b-010101010000,내과,0,15,11,18,134,105,9
a22edbcf-f03e-11ef-b4c5-010101010000,내과,0,1,1,1,1,1,4
a22f29f1-f03e-11ef-98eb-010101010000,치과,0,5,4,6,3,1,2
a230146d-f03e-11ef-9474-010101010000,내과,0,10,3,14,22,34,737
a230625f-f03e-11ef-b0c7-010101010000,피부과,0,1,1,2,7,11,18
a230b086-f03e-11ef-a895-010101010000,내과,0,119,90,92,125,159,2
a230b087-f03e-11ef-9a88-010101010000,내과,1,189,150,224,186,128,178
a2325e37-f03e-11ef-a402-010101010000,내과,0,1,1,1,1,1,1
a233bdc6-f03e-11ef-bcd9-010101010000,안과,1,4,6,8,14,19,50
a233e4cf-f03e-11ef-90af-010101010000,내과,1,1,1,1,1,1,5
a2340c08-f03e-11ef-a367-010101010000,내과,0,1,1,1,1,1,1
a234cf5c-f03e-11ef-b418-010101010000,외과,0,1,1,1,1,1,1
a235b9b6-f03e-11ef-b859-010101010000,피부과,1,1,1,1,1,3,5
a235e0c4-f03e-11ef-907c-010101010000,피부과,0,1,1,1,1,1,1
a23669ca-f03e-11ef-b928-010101010000,내과,1,4,3,6,5,3,5
a236df02-f03e-11ef-b24f-010101010000,안과,0,1,1,1,1,1,3
a237a251-f03e-11ef-be09-010101010000,외과,1,9,7,12,8,7,53
a239c52b-f03e-11ef-bf1a-010101010000,외과,0,1,1,1,2,1,1
a23bc100-f03e-11ef-8df5-010101010000,안과,0,18,12,24,87,115,17
a23c5d3a-f03e-11ef-a80f-010101010000,외과,0,82,80,65,98,82,18
a23c5d3b-f03e-11ef-b403-010101010000,안과,1,67,76,94,81,76,83
a23cd269-f03e-11ef-a010-010101010000,내과,0,5,9,7,4,9,17
a23d6ea4-f03e-11ef-aa5c-010101010000,외과,1,154,141,120,144,138,383
a23dbcc6-f03e-11ef-ae51-010101010000,피부과,0,1,1,1,1,1,1
a23e0ae3-f03e-11ef-a0ae-010101010000,피부과,1,1,1,1,1,1,1
a23e320a-f03e-11ef-a586-010101010000,피부과,0,1,1,1,1,1,3
a23ef54d-f03e-11ef-9a6d-010101010000,내과,1,1,2,1,2,6,10
a23f1c53-f03e-11ef-85e7-010101010000,외과,0,79,99,99,31,9,850
a23f1c54-f03e-11ef-b632-010101010000,치과,1,1,11,1,1,2,1
a24006b3-f03e-11ef-bf23-010101010000,피부과,0,4,6,3,7,9,91
a2402dcf-f03e-11ef-83a4-010101010000,내과,1,1,1,1,1,1,1
a240a301-f03e-11ef-8ffc-010101010000,피부과,0,1,1,1,1,1,1
a241664f-f03e-11ef-aaa7-010101010000,내과,1,141,82,154,159,146,47
a2418d61-f03e-11ef-b902-010101010000,안과,0,1,1,1,2,1,1
a242028d-f03e-11ef-813e-010101010000,내과,1,1,4,1,1,1,1
a243895d-f03e-11ef-9d0d-010101010000,내과,0,24,70,9,13,7,10
a2450ffd-f03e-11ef-82dc-010101010000,피부과,1,2,1,10,2,1,116
a2458541-f03e-11ef-a55c-010101010000,피부과,1,2,2,2,1,1,4
a2458542-f03e-11ef-9bc9-010101010000,내과,1,1,2,1,2,2,6
a246598b-f03e-11ef-a365-010101010000,내과,0,110,94,62,145,215,75
a2471cd6-f03e-11ef-9705-010101010000,외과,0,1,1,1,2,2,23
a2476af2-f03e-11ef-bb02-010101010000,내과,1,403,636,324,164,171,46
a2487c75-f03e-11ef-93d2-010101010000,내과,1,1,3,2,2,2,11
a2487c76-f03e-11ef-80a6-010101010000,내과,0,1,1,1,1,1,1
a2493fb6-f03e-11ef-9629-010101010000,외과,1,17,21,26,15,7,151
a249b4e6-f03e-11ef-b1e5-010101010000,피부과,1,1,1,1,1,2,2
a24a512c-f03e-11ef-9bd6-010101010000,외과,0,4,14,4,1,6,1
a24a512d-f03e-11ef-b05f-010101010000,피부과,0,1,3,1,1,1,2
a24b3b90-f03e-11ef-974a-010101010000,외과,1,1,1,1,2,2,1
a24bfeef-f03e-11ef-8b4a-010101010000,피부과,0,30,101,9,7,30,61
a24c740a-f03e-11ef-b555-010101010000,내과,0,1,1,1,2,2,16
a24ce939-f03e-11ef-b5d5-010101010000,외과,0,1,1,1,1,1,2
a24d1049-f03e-11ef-85e8-010101010000,내과,0,43,80,46,89,95,210
a24ebdfa-f03e-11ef-a3e8-010101010000,외과,1,1,1,1,1,1,1
a24fb52f-f03e-11ef-82f1-010101010000,안과,0,1,1,1,1,1,2
a24fdc3e-f03e-11ef-a53f-010101010000,내과,1,1,1,1,1,1,81
a250034f-f03e-11ef-acdb-010101010000,내과,0,1,1,2,2,10,4
a250edb4-f03e-11ef-b88b-010101010000,안과,1,3,5,10,9,9,41
a25189f0-f03e-11ef-a62d-010101010000,내과,1,18,33,27,24,21,83
a252744e-f03e-11ef-aa4b-010101010000,내과,0,1,1,1,6,12,1
a2529b81-f03e-11ef-b819-010101010000,내과,0,4,2,5,31,20,7
a252e99e-f03e-11ef-ae79-010101010000,외과,0,8,13,4,7,28,2232
a254d205-f03e-11ef-87f3-010101010000,내과,1,2,2,3,3,3,3
a2556e6e-f03e-11ef-ac65-010101010000,치과,0,1,1,1,1,1,1
a2556e6f-f03e-11ef-9312-010101010000,외과,1,5,5,5,4,5,132
a2560aac-f03e-11ef-95c0-010101010000,치과,0,4,3,2,3,1,1
a25631c5-f03e-11ef-9dbf-010101010000,피부과,1,9,19,13,3,7,2342
a2567fdb-f03e-11ef-8bde-010101010000,내과,1,142,179,158,80,42,2400
a2571c18-f03e-11ef-ad63-010101010000,내과,0,62,42,40,59,126,80
a257914b-f03e-11ef-a233-010101010000,피부과,0,1,1,1,7,5,2
a258067c-f03e-11ef-ba0f-010101010000,안과,1,3,4,6,3,7,20
a25a0249-f03e-11ef-8286-010101010000,외과,0,1,1,1,1,1,1
a25a9e89-f03e-11ef-9c4a-010101010000,내과,0,68,172,124,750,697,349
a25b13ba-f03e-11ef-b5cd-010101010000,내과,1,177,201,240,305,264,289
a25b61db-f03e-11ef-92c3-010101010000,내과,0,1,1,2,1,1,1
a25bd70b-f03e-11ef-8e59-010101010000,내과,0,3,3,4,11,16,21
a25bfe1b-f03e-11ef-830e-010101010000,피부과,1,17,16,13,5,7,14
a25bfe1c-f03e-11ef-8108-010101010000,외과,0,1,2,2,1,1,4
a25d0f8e-f03e-11ef-b5df-010101010000,외과,0,1,1,1,1,1,1
a25e6f19-f03e-11ef-ac91-010101010000,내과,1,115,141,131,146,115,228
a260e01a-f03e-11ef-84bb-010101010000,내과,0,6,4,9,9,30,1
a2612e3d-f03e-11ef-ba46-010101010000,치과,0,170,166,168,42,11,40
a26218bd-f03e-11ef-9007-010101010000,외과,1,24,34,14,40,4,51
a2628df2-f03e-11ef-93cc-010101010000,내과,0,3,2,3,45,64,19
a262b4fd-f03e-11ef-b11b-010101010000,내과,0,1,1,1,1,1,11
a263031d-f03e-11ef-831c-010101010000,내과,0,3,2,3,3,2,1
a2644f6c-f03e-11ef-a925-010101010000,외과,0,3,3,6,13,12,72
a26587e9-f03e-11ef-a64e-010101010000,내과,0,28,25,28,52,169,23
a2662429-f03e-11ef-a20c-010101010000,내과,0,1,1,2,1,1,1
a2669959-f03e-11ef-9e12-010101010000,치과,0,2,2,1,4,8,6
a2670e93-f03e-11ef-8d1d-010101010000,피부과,0,1,1,1,3,3,28
a2681ffa-f03e-11ef-a165-010101010000,외과,0,1,1,1,1,4,2
a269316b-f03e-11ef-96c1-010101010000,내과,0,203,175,282,337,184,21
a269a69c-f03e-11ef-a9ae-010101010000,외과,0,1,1,1,1,1,1
a26a69eb-f03e-11ef-97e4-010101010000,외과,1,10,6,11,6,7,16
a26c3eb4-f03e-11ef-9b09-010101010000,내과,1,2,2,2,2,2,2
a26c65bc-f03e-11ef-96c6-010101010000,내과,0,248,89,417,667,213,1398
a26d501e-f03e-11ef-b4d1-010101010000,외과,0,1,1,2,8,12,13
a26dec5f-f03e-11ef-8da3-010101010000,내과,0,2,1,4,8,11,6
a26e136e-f03e-11ef-8538-010101010000,피부과,0,1,1,1,1,1,2
a26e136f-f03e-11ef-9d7d-010101010000,외과,1,4,9,6,1,3,3
a26fe82a-f03e-11ef-9e8c-010101010000,외과,0,2,1,2,2,3,1
a2716ef5-f03e-11ef-a48b-010101010000,내과,1,4,10,7,8,5,23
a271bd15-f03e-11ef-8633-010101010000,피부과,1,8,33,3,8,1,3
a271e425-f03e-11ef-9be1-010101010000,안과,0,1,1,1,1,1,1
a272f596-f03e-11ef-af94-010101010000,외과,1,1,1,1,2,1,5
a274de31-f03e-11ef-8e97-010101010000,내과,1,1,1,1,2,1,4
a277010d-f03e-11ef-950d-010101010000,외과,0,1,2,2,2,2,4
a27a0e56-f03e-11ef-8828-010101010000,외과,0,1,1,1,1,1,3
a27a0e57-f03e-11ef-ba0b-010101010000,외과,0,25,20,17,90,126,62
a27a356a-f03e-11ef-838c-010101010000,외과,0,1,1,1,1,1,1
a27a8382-f03e-11ef-84f0-010101010000,내과,1,5,5,10,3,2,4
a27ad19f-f03e-11ef-b3c0-010101010000,내과,0,21,37,12,15,13,45
a27af8b2-f03e-11ef-83b4-010101010000,내과,1,1,1,1,2,1,6
a27b46f0-f03e-11ef-a88e-010101010000,내과,1,3,3,3,4,5,20
a27b46f1-f03e-11ef-948c-010101010000,내과,0,1,1,1,1,1,1
a27bbc04-f03e-11ef-9925-010101010000,안과,0,1,1,1,1,1,4
a27c3138-f03e-11ef-9d2b-010101010000,외과,1,53,46,93,70,84,56
a27ccd6e-f03e-11ef-9791-010101010000,내과,1,1,1,1,1,1,17
a27fdab0-f03e-11ef-b8ba-010101010000,내과,1,35,92,11,10,13,5
a2804fe2-f03e-11ef-8f52-010101010000,내과,1,6,7,14,97,10,6
a28363d6-f03e-11ef-8d27-010101010000,내과,0,1,1,1,1,1,1
a283b1fd-f03e-11ef-bd41-010101010000,외과,0,1,1,1,1,1,1
a283d903-f03e-11ef-896f-010101010000,내과,0,1,1,1,2,1,1
a2847578-f03e-11ef-a5f1-010101010000,피부과,0,72,136,78,50,30,1644
a28586be-f03e-11ef-8300-010101010000,내과,0,4,10,6,4,6,230
a2870d5c-f03e-11ef-902a-010101010000,내과,1,1,2,1,1,2,1
a2881ee7-f03e-11ef-b401-010101010000,안과,0,8,21,2,23,29,152
a2881ee8-f03e-11ef-a72d-010101010000,외과,0,6,5,2,4,6,5
a28845e8-f03e-11ef-90fb-010101010000,외과,1,16,16,14,11,7,9
a28893fd-f03e-11ef-836c-010101010000,피부과,0,1,1,1,2,2,9
a288bb0e-f03e-11ef-960e-010101010000,안과,0,6,6,7,24,25,10
a288e222-f03e-11ef-84e2-010101010000,내과,1,2,2,2,2,3,7
a289303b-f03e-11ef-b70d-010101010000,내과,1,1,1,2,1,5,51
a289f390-f03e-11ef-9354-010101010000,피부과,0,1,1,1,1,1,1
a28a8fd3-f03e-11ef-ab9b-010101010000,외과,1,4,2,5,10,10,83
a28c166a-f03e-11ef-9de7-010101010000,외과,0,2,2,2,1,2,61
a28c3d7e-f03e-11ef-8f62-010101010000,외과,1,6,4,11,17,10,31
a28cd9bf-f03e-11ef-b682-010101010000,내과,0,1,1,1,1,1,1
a28deb2e-f03e-11ef-8467-010101010000,외과,1,82,332,55,24,35,1
a28e394f-f03e-11ef-b948-010101010000,외과,1,3,3,3,1,2,101
a28ed58d-f03e-11ef-900c-010101010000,외과,0,11,2,3,1,4,1
a28fc017-f03e-11ef-88a5-010101010000,외과,0,1,1,1,1,1,1
a2905c55-f03e-11ef-afbf-010101010000,내과,1,1,1,1,1,4,9
a294dd09-f03e-11ef-9131-010101010000,외과,0,1,1,1,1,1,1
a2957948-f03e-11ef-8fbd-010101010000,내과,1,2,3,3,3,3,1
a2961584-f03e-11ef-91f9-010101010000,외과,0,1,1,1,1,1,2
a2968ab8-f03e-11ef-ac2d-010101010000,내과,1,1,1,1,1,1,1
a2968ab9-f03e-11ef-92cb-010101010000,내과,0,9,6,30,6,5,315
a296ffe6-f03e-11ef-9adf-010101010000,내과,1,1,8,1,4,8,1
a296ffe7-f03e-11ef-8c09-010101010000,외과,0,85,157,160,374,293,189
a29726f7-f03e-11ef-b5cb-010101010000,외과,0,1,1,1,1,1,1
a2974e0d-f03e-11ef-b510-010101010000,내과,0,254,222,281,376,155,4486
a2981157-f03e-11ef-825f-010101010000,내과,1,1,1,1,1,1,1
a2985f79-f03e-11ef-ab23-010101010000,피부과,1,1,1,3,2,1,209
a2988685-f03e-11ef-9fda-010101010000,내과,0,33,26,23,107,116,41
a298ad95-f03e-11ef-a9fa-010101010000,내과,0,3,3,3,2,2,5
a29970e8-f03e-11ef-80ed-010101010000,외과,0,1,1,1,2,5,1
a29af787-f03e-11ef-a581-010101010000,내과,0,1,1,1,1,1,1
a29b6cba-f03e-11ef-8fb0-010101010000,외과,0,1,1,1,2,2,1
a29c08f7-f03e-11ef-9d56-010101010000,내과,0,1,1,2,4,5,1
a29dddb7-f03e-11ef-b3c8-010101010000,내과,0,1,1,1,1,1,1
a29e04c6-f03e-11ef-ad1d-010101010000,내과,0,5,6,3,1,1,206
a29e04c7-f03e-11ef-9eec-010101010000,내과,1,33,22,29,44,15,86
a29e52e5-f03e-11ef-b464-010101010000,피부과,1,1,1,1,2,3,1
a29e79f7-f03e-11ef-a2b6-010101010000,내과,0,1,1,1,1,1,1
a29f3d74-f03e-11ef-b5bc-010101010000,내과,0,3,2,2,4,3,3
a2a000c4-f03e-11ef-bcea-010101010000,내과,0,2,1,1,1,1,1
a2a027d0-f03e-11ef-a402-010101010000,치과,1,3,3,3,6,2,19
a2a0c410-f03e-11ef-b990-010101010000,내과,0,314,329,298,287,240,162
a2a25e90-f03e-11ef-83ed-010101010000,내과,0,1,1,1,1,1,14
a2a348f1-f03e-11ef-875f-010101010000,내과,0,1,1,1,1,3,7
a2a4816c-f03e-11ef-99d9-010101010000,외과,0,2,4,3,13,13,440
a2a4816d-f03e-11ef-a525-010101010000,치과,1,109,1333,55,12,22,5
a2a65630-f03e-11ef-be8f-010101010000,피부과,0,1,1,1,1,1,1
a2a7408d-f03e-11ef-8181-010101010000,내과,0,1,1,1,1,1,2
a2a7679d-f03e-11ef-acc3-010101010000,안과,0,1,1,1,1,1,1
a2a78eae-f03e-11ef-8f6c-010101010000,내과,0,10,13,5,3,2,45
a2a8c72e-f03e-11ef-b0f8-010101010000,안과,0,5,4,7,24,15,6
a2a9154e-f03e-11ef-a968-010101010000,피부과,0,1,1,1,1,1,1
a2a98a81-f03e-11ef-a119-010101010000,외과,1,583,769,428,951,3515,485
a2aa26c2-f03e-11ef-a0dc-010101010000,안과,0,1,1,1,3,2,18
a2aa9bec-f03e-11ef-b450-010101010000,내과,0,1,1,1,2,3,42
a2ab111d-f03e-11ef-808d-010101010000,외과,0,1,1,1,1,1,1
a2ab382d-f03e-11ef-9d2b-010101010000,내과,0,1,1,1,1,1,1
a2abad5d-f03e-11ef-80b5-010101010000,외과,1,1,1,1,3,1,5
a2ad33fc-f03e-11ef-8d25-010101010000,내과,0,1,1,1,1,1,1
a2ad5b0e-f03e-11ef-a989-010101010000,내과,0,322,383,435,743,945,1626
a2adf74e-f03e-11ef-9973-010101010000,내과,1,1,1,1,1,1,1
a2af7e17-f03e-11ef-88eb-010101010000,피부과,1,1,1,1,1,1,6
a2afcc35-f03e-11ef-b379-010101010000,내과,1,1,1,2,5,2,2
a2b098a0-f03e-11ef-8582-010101010000,내과,0,8,6,8,18,10,5
a2b15bea-f03e-11ef-9573-010101010000,내과,0,1,1,1,2,1,1
a2b1d11c-f03e-11ef-8d15-010101010000,피부과,0,5,4,5,3,5,126
a2b1f82f-f03e-11ef-a228-010101010000,내과,0,5,2,11,77,160,22
a2b24644-f03e-11ef-ae7f-010101010000,내과,0,1,1,1,20,25,29
a2b2bb77-f03e-11ef-af8a-010101010000,내과,1,47,47,55,86,82,23
a2b44213-f03e-11ef-be40-010101010000,내과,0,1,1,1,2,8,2
a2b4b747-f03e-11ef-a773-010101010000,내과,0,1,1,1,1,1,36
a2b79d7a-f03e-11ef-9c1f-010101010000,내과,0,1,1,1,1,1,1
a2b79d7b-f03e-11ef-950c-010101010000,내과,0,11,30,12,8,17,25
a2b812ad-f03e-11ef-8fc2-010101010000,외과,0,2,8,2,45,220,5
a2b8fd06-f03e-11ef-95ed-010101010000,피부과,1,1,1,1,5,8,1
a2b94b29-f03e-11ef-bf72-010101010000,외과,0,1,1,1,1,1,1
a2b9c057-f03e-11ef-a190-010101010000,외과,1,3,3,4,3,4,3
a2ba83ab-f03e-11ef-8950-010101010000,내과,0,2,3,2,5,2,2
a2baaab9-f03e-11ef-b879-010101010000,외과,0,1,1,1,1,1,1
a2baaaba-f03e-11ef-b02e-010101010000,피부과,0,15,5,49,61,24,11
a2bca688-f03e-11ef-82ef-010101010000,내과,0,1,4,5,7,3,11
a2bd9113-f03e-11ef-97dc-010101010000,내과,0,1,1,1,1,1,1
a2be2d52-f03e-11ef-be47-010101010000,외과,0,1,1,1,3,3,6
a2be545f-f03e-11ef-afc5-010101010000,내과,0,2,3,2,2,3,90
a2be7b74-f03e-11ef-bea4-010101010000,치과,0,1,2,2,4,4,101
a2bf65d6-f03e-11ef-9ac9-010101010000,내과,0,1,1,1,1,1,1
a2c015ee-f03e-11ef-bf1b-010101010000,내과,0,69,456,83,11,51,388
a2c0640a-f03e-11ef-a4c1-010101010000,외과,0,7,2,14,17,21,20
a2c1757d-f03e-11ef-8325-010101010000,치과,0,1,2,1,20,11,4
a2c1c39c-f03e-11ef-afbc-010101010000,외과,0,7,5,7,8,10,171
a2c211ba-f03e-11ef-9001-010101010000,내과,0,1,1,1,2,2,856
a2c238cd-f03e-11ef-8044-010101010000,내과,1,145,166,256,1115,1718,307
a2c2ae00-f03e-11ef-953f-010101010000,치과,1,1,1,1,1,1,1
a2c3bf65-f03e-11ef-8bbf-010101010000,치과,1,1,1,1,1,1,1
a2c4a9cb-f03e-11ef-b498-010101010000,외과,1,15,32,14,16,16,479
a2c54613-f03e-11ef-86bd-010101010000,내과,1,1,1,1,2,3,40
a2c5942b-f03e-11ef-9140-010101010000,치과,0,1,1,1,1,2,1
a2c5e24d-f03e-11ef-abe5-010101010000,내과,0,1,1,1,1,1,1
a2c6f3c4-f03e-11ef-89ec-010101010000,내과,1,8,6,5,57,40,1
a2c7b70c-f03e-11ef-8fad-010101010000,내과,1,1,1,1,4,11,6
a2c85349-f03e-11ef-bf00-010101010000,피부과,1,14,10,16,17,16,630
a2c964c0-f03e-11ef-9c88-010101010000,내과,0,1,1,1,1,1,2
a2c9b2de-f03e-11ef-ad54-010101010000,내과,0,1,1,1,1,1,1
a2cac43b-f03e-11ef-b7da-010101010000,내과,0,1,1,1,1,1,1
a2cb87a0-f03e-11ef-a0bf-010101010000,내과,0,1,1,1,1,1,1
a2cbaeb7-f03e-11ef-8721-010101010000,내과,0,3,4,3,2,3,38
a2cbfccc-f03e-11ef-b9aa-010101010000,치과,1,1,1,1,2,3,1
a2cc23e7-f03e-11ef-a37f-010101010000,외과,0,1,1,1,7,5,10
a2cd9de3-f03e-11ef-9a5d-010101010000,안과,0,2,7,2,2,3,1
a2ce6130-f03e-11ef-9d4e-010101010000,내과,0,1,1,1,2,1,3
a2cf867c-f03e-11ef-811d-010101010000,내과,0,22,18,17,26,49,64
a2d022c0-f03e-11ef-85c9-010101010000,외과,0,1,1,1,1,1,1
a2d097f0-f03e-11ef-96ff-010101010000,안과,0,1,1,1,1,1,2
a2d10d1a-f03e-11ef-9976-010101010000,내과,1,5,2,9,27,43,2
a2d15b3e-f03e-11ef-8ef3-010101010000,외과,1,36,42,30,67,62,23
a2d245a0-f03e-11ef-adab-010101010000,내과,0,1,1,1,1,1,1
a2d26cac-f03e-11ef-9179-010101010000,외과,0,1,1,1,1,1,1
a2d2e1da-f03e-11ef-b52b-010101010000,내과,1,21,8,13,29,21,14
a2d4b69d-f03e-11ef-a2fe-010101010000,외과,0,2,4,2,1,2,1
a2d504be-f03e-11ef-8f9b-010101010000,내과,0,1,1,1,1,1,1
a2d5c80f-f03e-11ef-ba0e-010101010000,외과,0,1,2,1,1,1,3
a2d6162e-f03e-11ef-9d5a-010101010000,외과,1,1,1,1,1,3,1
a2d727a1-f03e-11ef-95a5-010101010000,외과,1,1,1,1,1,1,17
a2d9718e-f03e-11ef-aeae-010101010000,내과,1,1,1,1,1,1,1
a2d9bfad-f03e-11ef-95db-010101010000,피부과,0,1,1,1,1,1,1
a2db9473-f03e-11ef-98d0-010101010000,외과,1,1,1,3,13,7,298
a2dc30d2-f03e-11ef-86cd-010101010000,안과,0,1,1,1,1,1,1
a2dc7ef7-f03e-11ef-baa5-010101010000,외과,1,20,36,25,20,29,1183
a2dd6957-f03e-11ef-8029-010101010000,내과,1,32,12,29,29,32,203
a2ddb776-f03e-11ef-a1dc-010101010000,내과,0,1,1,1,1,1,1
a2de8ea1-f03e-11ef-a8e7-010101010000,내과,0,53,18,73,500,452,1
a2df03cf-f03e-11ef-ae21-010101010000,내과,0,2,2,2,2,3,2
a2e03c4e-f03e-11ef-a493-010101010000,외과,1,6,6,8,6,6,6
a2e19bde-f03e-11ef-a369-010101010000,내과,0,3,2,1,16,8,162
a2e1e9ff-f03e-11ef-8b65-010101010000,내과,0,1,1,1,1,1,2
a2e2110c-f03e-11ef-a85e-010101010000,내과,1,3,6,5,57,25,10
a2e2381c-f03e-11ef-8978-010101010000,내과,0,5,11,4,6,2,9
a2e2863e-f03e-11ef-9bea-010101010000,내과,0,1,4,1,6,10,40
a2e2ad48-f03e-11ef-a420-010101010000,내과,0,12,10,18,33,24,1
a2e2fb7a-f03e-11ef-bb9e-010101010000,외과,1,1,1,1,1,1,1
a2e40cd9-f03e-11ef-bb85-010101010000,외과,1,6,7,6,2,2,2
a2e433ec-f03e-11ef-a04b-010101010000,외과,0,1,1,1,1,1,1
a2e5bad8-f03e-11ef-8a7b-010101010000,내과,1,2,3,2,1,3,6
a2e5e1a8-f03e-11ef-81b7-010101010000,치과,1,37,57,37,23,31,1336
a2e608b4-f03e-11ef-8be9-010101010000,피부과,1,7,6,5,3,3,3
a2e62fd7-f03e-11ef-bacb-010101010000,내과,0,168,110,135,464,825,18
a2e67e59-f03e-11ef-b697-010101010000,내과,0,7,6,6,10,5,5
a2e71a28-f03e-11ef-a568-010101010000,내과,0,11,38,8,14,37,3
a2e8c7e0-f03e-11ef-a4b4-010101010000,외과,0,1,1,1,1,1,1
a2ea2765-f03e-11ef-9874-010101010000,피부과,1,1,1,2,4,7,6
a2eb38e2-f03e-11ef-b944-010101010000,외과,0,1,1,1,1,1,1
a2ebae46-f03e-11ef-b3e9-010101010000,내과,0,1,1,2,2,3,1
a2ec4a88-f03e-11ef-97a0-010101010000,내과,0,1,1,1,1,1,1
a2ede525-f03e-11ef-b91b-010101010000,외과,0,1,1,1,1,1,3
a2eecf7e-f03e-11ef-8e31-010101010000,외과,0,50,38,32,39,9,42
a2eef6a0-f03e-11ef-b08c-010101010000,내과,0,1,1,2,2,1,5
a2f007fe-f03e-11ef-9c8a-010101010000,내과,0,12,25,10,18,41,287
a2f3ff9f-f03e-11ef-ac6a-010101010000,외과,0,1,1,1,1,1,1
a2f55f42-f03e-11ef-9c5e-010101010000,내과,0,4,4,4,8,9,6
a2f6bebe-f03e-11ef-b739-010101010000,내과,0,2,3,2,15,15,3
a2f6e5d1-f03e-11ef-b390-010101010000,내과,0,1,1,1,1,1,1
a2f70ce1-f03e-11ef-b371-010101010000,내과,1,1,1,1,1,1,1
a2f733ed-f03e-11ef-9459-010101010000,외과,1,14,16,12,13,4,868
a2f8937d-f03e-11ef-9a1a-010101010000,외과,0,30,31,27,26,30,56
a2f8e19e-f03e-11ef-92ab-010101010000,내과,0,32,46,24,54,26,106
a2fa8f92-f03e-11ef-81f4-010101010000,내과,1,1,1,1,1,1,1
a2fadda8-f03e-11ef-987b-010101010000,내과,1,1,1,1,2,1,1
a2fba0f4-f03e-11ef-9c55-010101010000,외과,0,1,1,1,2,1,1
a2fbef15-f03e-11ef-84fa-010101010000,외과,0,1,1,1,1,1,3
a2fd3b90-f03e-11ef-bfc5-010101010000,치과,0,2,2,2,3,3,5
a2fe9b16-f03e-11ef-9778-010101010000,내과,0,152,130,235,949,978,1094
a2ff1041-f03e-11ef-b733-010101010000,외과,0,1,1,1,3,1,1
a2ff1042-f03e-11ef-a8b5-010101010000,외과,1,4,6,3,28,41,2
a2fffaae-f03e-11ef-9439-010101010000,내과,0,152,249,61,22,22,379
a30048c7-f03e-11ef-8936-010101010000,내과,1,81,28,349,665,92,7987
a3006fdd-f03e-11ef-a491-010101010000,외과,1,7251,9002,7224,4965,2445,9155
a30096ea-f03e-11ef-94de-010101010000,내과,1,139,244,253,51,42,180
a301a859-f03e-11ef-9a8f-010101010000,외과,0,5,3,5,10,4,39
a302e0da-f03e-11ef-84d4-010101010000,내과,0,1,2,1,2,1,77
a30307eb-f03e-11ef-836a-010101010000,내과,1,28,31,28,4,13,120
a303560a-f03e-11ef-b74b-010101010000,내과,1,195,136,186,473,479,68
a303cb37-f03e-11ef-b42c-010101010000,내과,0,184,250,248,573,549,2505
a304b5a2-f03e-11ef-97ff-010101010000,내과,0,285,109,273,133,29,1098
a3052aca-f03e-11ef-b803-010101010000,내과,1,3,3,3,2,2,11
a30551da-f03e-11ef-a5fe-010101010000,내과,1,385,337,593,1572,1327,209
a30578e8-f03e-11ef-a679-010101010000,내과,1,287,244,321,330,464,285
a3061529-f03e-11ef-9676-010101010000,피부과,0,402,280,343,501,592,156
a3063c3c-f03e-11ef-a66e-010101010000,외과,0,1414,1831,862,692,1273,1667
a3074db7-f03e-11ef-94b2-010101010000,안과,0,30,12,34,63,41,287
a30774be-f03e-11ef-bae2-010101010000,내과,0,139,66,107,235,185,86
a309497d-f03e-11ef-9ca5-010101010000,내과,0,1,1,1,1,1,10
a3099798-f03e-11ef-b642-010101010000,내과,0,10,5,9,11,13,21
a30ad05d-f03e-11ef-a28c-010101010000,내과,0,24,20,19,16,5,17
a30b6c97-f03e-11ef-9cff-010101010000,내과,0,114,50,117,223,169,7113
a30be1d0-f03e-11ef-91a2-010101010000,외과,0,594,335,557,828,1625,458
a30c08df-f03e-11ef-a545-010101010000,내과,1,16,3,18,59,34,3
a30c1ca1-f03e-11ef-ac06-010101010000,내과,0,2,2,4,18,3,182
a30c43fb-f03e-11ef-bdea-010101010000,내과,1,4197,2560,2558,6082,2963,4410
a30cb91a-f03e-11ef-b293-010101010000,내과,1,55,28,46,240,145,90
a30da378-f03e-11ef-b901-010101010000,내과,1,171,416,167,174,234,516
a30f2a1e-f03e-11ef-972b-010101010000,피부과,0,1,4,3,6,1,720
a30f783a-f03e-11ef-be25-010101010000,피부과,1,73,57,62,109,138,240
a30fc65c-f03e-11ef-b368-010101010000,내과,0,728,243,443,441,661,4510
a30fed6b-f03e-11ef-86d2-010101010000,치과,1,18,17,26,204,143,612
a310899c-f03e-11ef-a686-010101010000,내과,0,1,1,1,1,2,39
a3114cee-f03e-11ef-887d-010101010000,내과,1,20,14,12,6,11,1
a313bdfc-f03e-11ef-a397-010101010000,외과,0,1,1,1,3,2,3
a3145a3c-f03e-11ef-8869-010101010000,안과,0,99,130,70,104,34,31
a3145a3d-f03e-11ef-acfd-010101010000,안과,0,25,8,66,334,141,754
a314cf5a-f03e-11ef-a34e-010101010000,외과,1,4,8,5,43,19,5171
a31592c2-f03e-11ef-9407-010101010000,내과,1,42,12,208,35,21,2627
a3165603-f03e-11ef-aa1e-010101010000,내과,0,55,14,121,480,91,3774
a316f237-f03e-11ef-bdad-010101010000,내과,0,261,301,234,380,235,532
a3178e7e-f03e-11ef-9865-010101010000,내과,0,1,1,1,1,1,13
a3193c59-f03e-11ef-8182-010101010000,내과,0,14,20,15,22,31,37
a31aff2a-f03e-11ef-ba22-010101010000,외과,1,2,4,2,4,3,6
a31b4d49-f03e-11ef-abdf-010101010000,외과,0,145,196,142,137,111,4999
a31b7984-f03e-11ef-bab2-010101010000,안과,0,23,22,21,20,14,76
a31d0009-f03e-11ef-b7d0-010101010000,내과,0,143,273,137,4707,1727,512
a31d9c47-f03e-11ef-b109-010101010000,내과,0,13,8,17,15,14,12
a31e5f9d-f03e-11ef-8879-010101010000,내과,0,53,107,19,15,28,1057
a31e86a7-f03e-11ef-a37f-010101010000,내과,0,1,1,1,1,1,1
a31efbe0-f03e-11ef-9ac1-010101010000,외과,0,1075,1035,1028,2690,2970,759
a31f981f-f03e-11ef-84b9-010101010000,내과,0,4038,5270,4948,3679,4931,6014
a3200d4b-f03e-11ef-ac46-010101010000,치과,1,1349,1574,973,698,844,2940
a320d0a8-f03e-11ef-aa4e-010101010000,내과,0,8,6,10,5,3,6
a3227e53-f03e-11ef-a6ca-010101010000,내과,0,90,73,81,74,48,736
a323ddd4-f03e-11ef-ad9e-010101010000,내과,0,159,382,190,615,408,1430
a3258b8b-f03e-11ef-afc0-010101010000,내과,0,22,15,8,16,40,3
a325d9ab-f03e-11ef-b13e-010101010000,내과,0,3,2,3,69,61,2202
a32675f3-f03e-11ef-91b6-010101010000,내과,0,497,686,412,1735,2123,220
a326c407-f03e-11ef-b826-010101010000,내과,1,76,44,35,13,13,490
a3271229-f03e-11ef-b3d0-010101010000,외과,1,32,28,43,34,22,1039
a329d16f-f03e-11ef-bf9b-010101010000,내과,0,4,10,5,4,12,15
a329f87c-f03e-11ef-b0f4-010101010000,내과,1,58,61,104,125,50,352
a32a6db7-f03e-11ef-9155-010101010000,내과,0,3,1,1,1,1,20
a32b0b07-f03e-11ef-a2d4-010101010000,외과,1,371,187,289,38,42,1369
a32bce5f-f03e-11ef-bc18-010101010000,내과,0,17,16,14,161,164,2166
a32c6a8f-f03e-11ef-a10d-010101010000,내과,0,1643,875,1189,1520,1567,179
a32cdfcf-f03e-11ef-b4eb-010101010000,내과,0,1,1,1,1,1,3
a32d2deb-f03e-11ef-b323-010101010000,치과,0,9967,5709,11216,2835,1599,19361
a32da31d-f03e-11ef-9697-010101010000,내과,0,15,26,9,11,8,4044
a32e3f5b-f03e-11ef-ad0a-010101010000,내과,0,4,3,2,1,1,2
a32e8d72-f03e-11ef-a31c-010101010000,내과,0,25,83,15,68,111,324
a3301418-f03e-11ef-9d18-010101010000,내과,0,1068,1251,1071,3313,3128,288
a3308941-f03e-11ef-8774-010101010000,내과,0,25,18,24,38,20,9
a3308943-f03e-11ef-82a9-010101010000,내과,1,1,1,1,6,1,163
a3334868-f03e-11ef-b7b9-010101010000,피부과,0,41,21,44,156,135,529
a3334869-f03e-11ef-a8f7-010101010000,피부과,0,2,2,2,3,3,1
a3339689-f03e-11ef-b590-010101010000,외과,0,926,417,942,1715,817,8540
a33480e4-f03e-11ef-a99e-010101010000,내과,1,181,84,289,701,483,2348
a334cf0c-f03e-11ef-8be1-010101010000,내과,0,89,106,72,271,201,28
a334f621-f03e-11ef-9afd-010101010000,피부과,1,416,226,428,441,472,3316
a3356b41-f03e-11ef-b815-010101010000,내과,0,279,231,378,188,196,259
a335b960-f03e-11ef-8832-010101010000,외과,1,3158,2970,4275,8169,6225,8351
a3367cbb-f03e-11ef-a0e9-010101010000,피부과,0,14,11,15,16,7,42
a336cad8-f03e-11ef-bf40-010101010000,내과,1,2,2,2,3,3,58
a33878c0-f03e-11ef-b5b6-010101010000,내과,0,5221,5872,2887,4851,6152,4884
a3391506-f03e-11ef-be0a-010101010000,안과,1,1,2,1,6,11,36
a339631b-f03e-11ef-b3f4-010101010000,외과,1,4011,5551,2017,5773,4894,8634
a339b146-f03e-11ef-8d9c-010101010000,내과,1,18,4,21,35,29,17
a33b392b-f03e-11ef-a055-010101010000,내과,1,6090,4966,4573,9022,3075,6292
a33b602c-f03e-11ef-a943-010101010000,내과,1,6044,6537,5356,7823,9142,2302
a33bd55c-f03e-11ef-b34e-010101010000,내과,1,980,1078,1037,1694,921,2501
a33c71a0-f03e-11ef-a105-010101010000,외과,1,471,1265,397,586,717,2881
a33d830a-f03e-11ef-ad39-010101010000,내과,1,7296,8033,4979,7879,6583,5189
a33daa23-f03e-11ef-b1df-010101010000,치과,0,3950,3075,1947,3037,3577,669
a33df837-f03e-11ef-b378-010101010000,외과,0,15,55,16,272,206,72
a33e4661-f03e-11ef-b6c8-010101010000,치과,0,3388,2635,1970,6347,4978,7539
a33ebb81-f03e-11ef-a170-010101010000,내과,0,170,83,126,252,511,529
a33f57c6-f03e-11ef-a4c2-010101010000,안과,1,19,13,20,17,7,54
a33f57c7-f03e-11ef-8766-010101010000,내과,1,4,4,3,3,3,20
a3404226-f03e-11ef-a059-010101010000,내과,1,656,804,353,380,199,7426
a340de65-f03e-11ef-890a-010101010000,내과,1,1219,2325,1411,1485,780,108
a3417aa8-f03e-11ef-b0b9-010101010000,치과,0,1017,355,366,375,484,2161
a3423df9-f03e-11ef-9e8b-010101010000,외과,0,1584,1491,1129,6497,6047,7877
a343c49c-f03e-11ef-bdbd-010101010000,치과,0,304,200,162,315,300,1644
a343c49d-f03e-11ef-a205-010101010000,내과,1,7,7,6,12,13,2
a34460e7-f03e-11ef-b760-010101010000,피부과,1,334,109,214,273,66,3529
a344fd16-f03e-11ef-9bda-010101010000,내과,1,92,66,67,802,678,3213
a34683b8-f03e-11ef-8802-010101010000,내과,1,1154,531,1361,1762,719,135
a34a078b-f03e-11ef-9e34-010101010000,내과,1,315,306,364,1264,638,134
a34a7c9a-f03e-11ef-8ffd-010101010000,내과,1,24,30,9,42,29,38
a34bb522-f03e-11ef-ba98-010101010000,치과,1,2717,10388,1600,3254,6102,11381
a34bb524-f03e-11ef-b020-010101010000,내과,1,498,841,360,854,572,3574
a34c2a51-f03e-11ef-96c1-010101010000,치과,0,298,354,166,70,109,413
a34d14b1-f03e-11ef-adb5-010101010000,치과,1,616,314,659,329,153,483
a34d62d0-f03e-11ef-a114-010101010000,내과,1,783,1162,1039,3135,5162,9272
a34d89e2-f03e-11ef-b9d4-010101010000,외과,1,120,155,126,81,46,941
a34d89e3-f03e-11ef-91e6-010101010000,외과,1,196,53,164,100,55,633
a34db0f0-f03e-11ef-ad7c-010101010000,내과,1,366,345,349,282,225,390
a34dd804-f03e-11ef-9641-010101010000,내과,1,290,559,214,301,286,1511
a34ec25f-f03e-11ef-8492-010101010000,외과,1,10,9,14,6,3,4
a34f10bd-f03e-11ef-ba0e-010101010000,안과,0,60,35,33,250,93,80
a34f3797-f03e-11ef-ab8d-010101010000,내과,1,4,5,5,5,5,5
a3526be3-f03e-11ef-8d51-010101010000,내과,1,2394,3510,1939,2287,2694,1543
a3530820-f03e-11ef-9f16-010101010000,외과,1,4516,12996,3471,10802,8332,1633
a3532f33-f03e-11ef-9971-010101010000,치과,1,934,773,185,1566,2368,749
a353f283-f03e-11ef-9f16-010101010000,외과,1,580,3217,337,295,224,871
a3548ec4-f03e-11ef-bac2-010101010000,내과,1,1116,1082,349,1296,479,6735
a35503f5-f03e-11ef-9e9b-010101010000,내과,1,163,63,197,1067,907,3482
a355c740-f03e-11ef-9bf7-010101010000,내과,1,1070,791,734,1414,738,57
a3561560-f03e-11ef-8dd6-010101010000,내과,1,2418,2112,1732,8445,6885,5678
a357ea40-f03e-11ef-8842-010101010000,외과,1,2,1,2,4,3,2
a3585f79-f03e-11ef-ad84-010101010000,피부과,1,862,351,1650,382,253,993
a358c178-f03e-11ef-ac87-010101010000,내과,1,269,318,525,1668,584,425
a35b0b79-f03e-11ef-b0e3-010101010000,내과,1,22,38,5,231,355,322
a35bf5c5-f03e-11ef-9d49-010101010000,외과,1,1749,1845,1873,10612,4933,2912
a35bf5c6-f03e-11ef-adaf-010101010000,내과,1,524,359,608,1327,441,288
a35d2e4c-f03e-11ef-9f57-010101010000,내과,1,3,3,5,13,22,5
a35df19a-f03e-11ef-a382-010101010000,외과,1,403,1186,204,278,306,3146
a3603b8b-f03e-11ef-a591-010101010000,치과,1,1,1,1,1,1,1
a360629a-f03e-11ef-9b1e-010101010000,내과,1,2,2,2,1,1,4
a360b0ac-f03e-11ef-b8e0-010101010000,외과,0,19,11,23,9,18,3
a3623758-f03e-11ef-9cf9-010101010000,내과,1,2,3,3,4,3,8
a36321b6-f03e-11ef-8fb2-010101010000,피부과,0,2,1,2,12,11,1
a363bdf7-f03e-11ef-b551-010101010000,내과,0,11,6,14,11,7,3
a3643326-f03e-11ef-b33a-010101010000,안과,0,3,2,4,9,9,33
a3665638-f03e-11ef-8267-010101010000,피부과,0,45,31,91,139,135,176
a3669c41-f03e-11ef-8418-010101010000,피부과,0,1,1,1,1,1,1
a366ea85-f03e-11ef-837f-010101010000,내과,1,26,26,22,9,6,91
a366ea86-f03e-11ef-9851-010101010000,피부과,1,50,33,39,22,45,10
a36738a8-f03e-11ef-b75c-010101010000,외과,1,57,17,143,106,90,18
a3675fb2-f03e-11ef-85cf-010101010000,내과,1,1,2,1,1,1,5
a3675fb3-f03e-11ef-a902-010101010000,내과,0,2,2,1,1,1,1
a36786c7-f03e-11ef-bdc4-010101010000,내과,1,1,1,2,2,2,4
a367add4-f03e-11ef-bd0a-010101010000,피부과,0,1,1,1,1,2,20
a368265b-f03e-11ef-83b9-010101010000,내과,0,2,2,1,4,4,3
a3695ee2-f03e-11ef-9fbd-010101010000,내과,1,1,1,1,5,22,190
a369fb20-f03e-11ef-8251-010101010000,내과,0,2,2,2,2,2,2
a36a704e-f03e-11ef-882d-010101010000,내과,1,761,1241,618,236,413,1301
a36a9760-f03e-11ef-a803-010101010000,내과,1,1180,937,1165,810,539,335
a36abe70-f03e-11ef-8e9b-010101010000,내과,1,2,2,2,11,11,13
a36b5ab0-f03e-11ef-9e56-010101010000,내과,1,16,9,18,8,15,6
a36ba8cd-f03e-11ef-a98f-010101010000,외과,1,13,32,10,8,21,305
a36ba8ce-f03e-11ef-9fd0-010101010000,내과,1,2,2,2,3,2,7
a36c4516-f03e-11ef-a806-010101010000,내과,1,19,66,16,60,39,1021
a36c4517-f03e-11ef-90c9-010101010000,내과,0,1,1,1,1,1,2
a36c6c20-f03e-11ef-b1fc-010101010000,피부과,0,11,7,19,57,18,202
a36d0862-f03e-11ef-95ba-010101010000,피부과,1,2,1,5,7,1,276
a36d569c-f03e-11ef-9db5-010101010000,내과,0,2,2,4,1,1,1
a36e19cd-f03e-11ef-af19-010101010000,내과,0,2,1,3,21,4,99
a36e40dd-f03e-11ef-be77-010101010000,내과,0,154,77,182,532,245,238
a36e40de-f03e-11ef-9221-010101010000,내과,1,3,4,4,2,3,5
a3719c41-f03e-11ef-b789-010101010000,내과,1,1,1,1,21,4,31
a3725f90-f03e-11ef-aa88-010101010000,내과,1,1,1,1,1,1,1
a37286a0-f03e-11ef-935a-010101010000,피부과,1,1,1,1,1,6,7
a372adb1-f03e-11ef-ab18-010101010000,외과,0,1,1,1,1,1,2
a372d4c6-f03e-11ef-a46b-010101010000,내과,1,1,1,2,3,3,13
a3743451-f03e-11ef-acd1-010101010000,외과,0,1,1,1,1,1,1
a374a97b-f03e-11ef-9d76-010101010000,내과,0,1,2,1,1,1,13
a377e15d-f03e-11ef-8c6f-010101010000,외과,1,2,2,3,2,2,10
a377e15e-f03e-11ef-aa86-010101010000,외과,0,174,130,284,76,56,189
a3798f06-f03e-11ef-b84e-010101010000,안과,0,1,1,1,1,1,1
a3798f08-f03e-11ef-be86-010101010000,외과,1,1,1,1,1,1,1
a37a2b48-f03e-11ef-ab0c-010101010000,치과,0,71,100,56,379,378,637
a37b15a4-f03e-11ef-8163-010101010000,피부과,1,2,2,2,3,2,3
a37b3cb6-f03e-11ef-8165-010101010000,외과,1,1,1,1,1,1,4
a37b63c6-f03e-11ef-8dfb-010101010000,내과,1,1,1,1,3,4,1
a37c2718-f03e-11ef-bf8f-010101010000,외과,0,1,1,1,1,1,1
a37c7534-f03e-11ef-8795-010101010000,외과,0,4,4,6,17,11,33
a37c9c43-f03e-11ef-bc2a-010101010000,내과,0,1,1,1,1,1,1
a37c9c44-f03e-11ef-800a-010101010000,안과,0,14,18,15,1,2,230
a37cea65-f03e-11ef-bf6a-010101010000,내과,1,1,1,3,5,2,85
a37d86ad-f03e-11ef-82eb-010101010000,외과,0,1,3,3,2,5,85
a37e22ed-f03e-11ef-9fc0-010101010000,피부과,1,77,57,106,111,143,350
a3810927-f03e-11ef-be12-010101010000,외과,0,1,1,1,1,1,1
a381cc72-f03e-11ef-a94d-010101010000,내과,1,2,2,2,7,9,4
a383050b-f03e-11ef-805a-010101010000,내과,1,1,3,2,5,13,24
a38416e2-f03e-11ef-bb08-010101010000,외과,1,3,2,4,3,7,3
a3843de9-f03e-11ef-a876-010101010000,피부과,0,1,1,1,1,1,1
a385013c-f03e-11ef-9d31-010101010000,피부과,1,18,46,9,6,3,9
a386c30f-f03e-11ef-bf37-010101010000,외과,0,4,6,6,5,3,6
a387112c-f03e-11ef-bd1b-010101010000,외과,0,1,1,3,3,2,1
a387ad72-f03e-11ef-a167-010101010000,외과,1,483,859,413,407,378,963
a387ad73-f03e-11ef-aa0d-010101010000,내과,0,6,7,5,3,5,6
a3890d07-f03e-11ef-bb25-010101010000,내과,0,2,2,2,2,1,2
a3895b21-f03e-11ef-867b-010101010000,내과,0,1,1,1,1,1,1
a38ae1b9-f03e-11ef-b548-010101010000,내과,1,430,610,354,1484,3872,570
a38b56f1-f03e-11ef-a571-010101010000,피부과,1,5,3,4,3,7,2
a38c414c-f03e-11ef-bb24-010101010000,내과,0,1,1,2,23,26,6
a38c685a-f03e-11ef-ba12-010101010000,치과,0,16,51,11,488,460,13
a38fc3c6-f03e-11ef-866a-010101010000,내과,0,22,26,20,62,108,86
a390fc36-f03e-11ef-9010-010101010000,내과,0,7,3,5,6,4,4
a393945e-f03e-11ef-ba28-010101010000,내과,1,16,21,12,16,17,50
a3968e6d-f03e-11ef-85bc-010101010000,내과,1,2,4,3,2,2,5
a396b57f-f03e-11ef-bef2-010101010000,외과,0,1,1,2,2,1,1
a397c6f3-f03e-11ef-b36c-010101010000,내과,0,4,3,3,4,6,1
a3981515-f03e-11ef-ae8c-010101010000,외과,0,1,2,1,1,1,1
a3986331-f03e-11ef-a748-010101010000,외과,0,2,2,2,2,9,2
a398ff75-f03e-11ef-8ca1-010101010000,내과,0,2,2,2,2,2,2
a39a37f1-f03e-11ef-a0fa-010101010000,내과,1,1,3,1,14,12,102
a39cf70b-f03e-11ef-a0a8-010101010000,외과,0,13,15,25,105,119,26
a39cf70d-f03e-11ef-b987-010101010000,외과,0,3,2,3,1,2,4
a39d1e2c-f03e-11ef-b0c9-010101010000,내과,0,29,29,21,5,16,15
a39f4105-f03e-11ef-878a-010101010000,내과,0,1,1,1,1,1,1
a39f6815-f03e-11ef-8bf1-010101010000,내과,1,4,4,5,24,30,815
a39f8f38-f03e-11ef-935c-010101010000,내과,0,17,23,18,1,4,50
a39fb639-f03e-11ef-9033-010101010000,내과,1,1,1,1,1,1,2
a39fdd4a-f03e-11ef-83fc-010101010000,내과,0,23,34,38,40,60,61
a3a44a33-f03e-11ef-a493-010101010000,외과,1,1,1,1,2,2,1
a3a44a34-f03e-11ef-bacf-010101010000,외과,0,1,1,1,1,1,1
a3a4fa5d-f03e-11ef-8eed-010101010000,내과,1,190,120,127,43,26,54
a3a52169-f03e-11ef-8049-010101010000,내과,1,194,172,246,1007,85,217
a3a56f7e-f03e-11ef-ab45-010101010000,내과,0,38,25,38,12,21,20
a3a60bca-f03e-11ef-a42a-010101010000,내과,0,137,115,52,143,115,1
a3a632d1-f03e-11ef-a78d-010101010000,내과,0,31,57,27,16,7,468
a3a6cf0b-f03e-11ef-acc1-010101010000,내과,0,1,1,1,3,3,4
a3a6f61b-f03e-11ef-ada7-010101010000,내과,0,32,23,9,23,8,72
a3a87cd1-f03e-11ef-9e5a-010101010000,내과,0,1,1,1,1,1,1
a3a94020-f03e-11ef-b2c6-010101010000,피부과,1,353,395,283,138,31,12
a3aaedc2-f03e-11ef-bf05-010101010000,외과,1,26,29,12,3,3,20
a3ab3be7-f03e-11ef-96c0-010101010000,내과,1,1,1,1,1,1,1
a3abff3a-f03e-11ef-b286-010101010000,내과,1,3,1,7,47,23,47
a3ace994-f03e-11ef-aad3-010101010000,외과,1,1,1,2,1,1,2
a3af3386-f03e-11ef-abd9-010101010000,내과,0,3,3,3,3,9,5
a3b09311-f03e-11ef-a7ac-010101010000,외과,1,5,3,8,13,4,29
a3b12f52-f03e-11ef-a423-010101010000,내과,0,4,9,3,1,1,59
a3b219e4-f03e-11ef-a3bf-010101010000,내과,0,1,1,1,2,4,21
a3b240f4-f03e-11ef-9ab4-010101010000,피부과,1,4,3,4,4,2,20
a3b26800-f03e-11ef-bfe8-010101010000,내과,1,2,1,5,31,9,26
a3b35264-f03e-11ef-991b-010101010000,피부과,0,1,1,1,1,1,1
a3b35265-f03e-11ef-9513-010101010000,내과,0,44,78,27,13,24,60
a3b58922-f03e-11ef-ac61-010101010000,내과,0,1,1,1,1,1,1
a3b5b03b-f03e-11ef-8772-010101010000,외과,1,1,1,1,1,2,5
a3b6737d-f03e-11ef-bff9-010101010000,외과,0,93,90,92,83,80,159
a3b69abf-f03e-11ef-afd4-010101010000,외과,1,185,94,336,63,45,1292
a3b6e8b6-f03e-11ef-9418-010101010000,외과,1,344,339,328,32,76,490
a3b8bd76-f03e-11ef-a6e0-010101010000,외과,1,56,49,31,53,12,21
a3bab9a2-f03e-11ef-b8a0-010101010000,외과,1,4,5,3,3,2,1
a3bc8dff-f03e-11ef-afd1-010101010000,내과,0,1,1,1,1,1,1
a3bcdc22-f03e-11ef-9276-010101010000,내과,0,1,1,1,4,3,5
a3bcdc23-f03e-11ef-8e63-010101010000,내과,0,7,5,13,5,5,55
a3bd2a3f-f03e-11ef-8dbc-010101010000,외과,0,6,2,4,1,1,92
a3bd9f66-f03e-11ef-bc54-010101010000,외과,1,1,3,1,4,1,6
a3be149e-f03e-11ef-923d-010101010000,내과,1,911,407,1407,969,458,316
a3be89cf-f03e-11ef-8087-010101010000,외과,1,525,1923,296,754,738,2273
a3beb0fc-f03e-11ef-b30b-010101010000,피부과,1,1,1,1,1,1,1
a3c0377c-f03e-11ef-94e4-010101010000,외과,0,7,16,22,8,9,20
a3c05e8f-f03e-11ef-ab03-010101010000,내과,1,1,1,1,1,1,1
a3c20c63-f03e-11ef-94e2-010101010000,내과,0,322,361,539,706,1267,2221
a3c395d2-f03e-11ef-b176-010101010000,내과,1,1600,2035,1331,3715,2593,2271
a3c3e3f8-f03e-11ef-93ac-010101010000,안과,0,37,9,51,152,147,173
a3c40b08-f03e-11ef-8ee4-010101010000,치과,0,365,433,436,941,377,1215
a3c4ce4d-f03e-11ef-b465-010101010000,안과,0,30,21,49,43,42,342
a3c4f5a0-f03e-11ef-aa78-010101010000,피부과,0,3,2,2,4,3,3
a3c51c74-f03e-11ef-88c6-010101010000,내과,0,6,5,4,16,16,1
a3c54380-f03e-11ef-9036-010101010000,내과,0,24,22,26,9,13,312
a3c5dfd6-f03e-11ef-8e15-010101010000,외과,0,1,2,2,2,1,12
a3c5dfd7-f03e-11ef-b15b-010101010000,피부과,0,8,7,11,23,21,9
a3c6a31b-f03e-11ef-8a17-010101010000,외과,0,1,1,1,1,1,1
a3c6ca2a-f03e-11ef-8e23-010101010000,외과,0,1,1,1,1,1,1
a3c78d75-f03e-11ef-a126-010101010000,피부과,1,2,10,3,21,57,1505
a3c877f4-f03e-11ef-81e5-010101010000,외과,0,3,1,6,8,1,68
a3c89ee9-f03e-11ef-95b5-010101010000,내과,0,13,22,13,3,2,3
a3c9141b-f03e-11ef-a784-010101010000,내과,0,2,3,4,7,1,3
a3cae8d7-f03e-11ef-8985-010101010000,외과,0,1,1,1,1,1,2
a3cb36f3-f03e-11ef-9c67-010101010000,안과,0,26,30,45,46,60,28
a3cb5e06-f03e-11ef-a720-010101010000,외과,0,3,2,4,4,3,5
a3cbfa46-f03e-11ef-abca-010101010000,외과,1,2,2,2,1,1,208
a3cd32c4-f03e-11ef-a5bd-010101010000,내과,0,6,7,3,4,4,7
a3cdcf07-f03e-11ef-9805-010101010000,외과,1,2,2,3,3,4,13
a3ce4432-f03e-11ef-b771-010101010000,외과,0,11,23,7,11,18,3
a3cee075-f03e-11ef-8dd2-010101010000,외과,1,6,5,7,2,2,57
a3cfcad4-f03e-11ef-8227-010101010000,외과,1,137,178,123,148,122,112
a3cfcad6-f03e-11ef-af31-010101010000,내과,1,3,1,1,1,1,27
a3d06739-f03e-11ef-abf9-010101010000,내과,1,468,458,463,413,577,40
a3d0dc6b-f03e-11ef-899f-010101010000,외과,0,3,4,4,1,1,16
a3d15199-f03e-11ef-8b93-010101010000,내과,0,112,64,61,80,104,18
a3d55d1c-f03e-11ef-a21c-010101010000,피부과,1,2,2,2,2,2,156
a3d5842c-f03e-11ef-b4a7-010101010000,안과,0,3,6,4,4,2,2
a3d6959c-f03e-11ef-ab13-010101010000,내과,0,38,20,49,14,8,16
a3d731db-f03e-11ef-b09f-010101010000,내과,0,1057,1055,696,2333,2113,8427
a3d758e7-f03e-11ef-b3c8-010101010000,치과,1,23,26,27,16,8,124
a3d7a70b-f03e-11ef-9f31-010101010000,내과,0,5,19,3,10,13,41
a3d9c9eb-f03e-11ef-83a0-010101010000,외과,1,29,33,41,69,42,22
a3da180d-f03e-11ef-b409-010101010000,외과,1,30,31,28,31,26,64
a3da6630-f03e-11ef-a2eb-010101010000,내과,0,7,8,6,3,2,15
a3da8d3b-f03e-11ef-bc52-010101010000,외과,1,2,1,2,3,2,52
a3dab448-f03e-11ef-8de5-010101010000,외과,0,660,596,591,1092,657,504
a3db026b-f03e-11ef-ae40-010101010000,내과,1,2,2,2,2,2,2
a3dd736b-f03e-11ef-9326-010101010000,내과,0,1,2,1,2,2,1
a3ddc18b-f03e-11ef-a955-010101010000,외과,1,3,4,3,7,3,13
a3e032b9-f03e-11ef-8ef9-010101010000,내과,0,1,1,1,1,1,1
a3e24269-f03e-11ef-a37b-010101010000,내과,0,45,32,40,121,138,66
a3e26977-f03e-11ef-bbdd-010101010000,내과,0,1,1,1,1,1,1
a3e29088-f03e-11ef-92e8-010101010000,치과,0,1,1,1,1,1,1
a3e305b6-f03e-11ef-9897-010101010000,외과,0,16,8,17,113,41,406
a3e32cc8-f03e-11ef-955e-010101010000,내과,0,2,2,2,4,3,2
a3e353d9-f03e-11ef-a116-010101010000,내과,1,41,9,62,65,68,588
a3e54fa4-f03e-11ef-ab19-010101010000,내과,0,4,3,4,2,2,20
a3e5c4d9-f03e-11ef-965a-010101010000,내과,0,9,11,8,7,6,65
a3e612f4-f03e-11ef-8535-010101010000,내과,0,77,39,80,679,193,3012
a3e63a08-f03e-11ef-8f93-010101010000,내과,0,189,123,162,434,174,830
a3e66116-f03e-11ef-9905-010101010000,내과,0,125,140,132,68,42,42
a3e6fd57-f03e-11ef-8486-010101010000,피부과,0,79,45,73,332,194,45
a3e94745-f03e-11ef-997e-010101010000,외과,1,15,14,17,51,13,1351
a3e96e57-f03e-11ef-8022-010101010000,치과,0,8,7,9,3,2,33
a3ea0a95-f03e-11ef-8748-010101010000,피부과,0,1,1,1,1,1,1
a3ecc9d1-f03e-11ef-84e2-010101010000,외과,0,2,2,2,2,2,32
a3ecf0e2-f03e-11ef-9474-010101010000,내과,0,4,2,4,9,11,3
a3ed660e-f03e-11ef-859e-010101010000,내과,1,2,2,2,1,2,5
a3ef1400-f03e-11ef-9021-010101010000,내과,0,204,171,252,327,304,200
a3ef6222-f03e-11ef-830f-010101010000,외과,0,1,2,4,7,5,1
a3f09aa2-f03e-11ef-9bf1-010101010000,외과,1,4,2,4,2,3,3
a3f10fd4-f03e-11ef-8812-010101010000,내과,1,153,190,82,148,183,42
a3f171fc-f03e-11ef-aa0e-010101010000,외과,1,1,1,1,1,1,1
a3f1c01e-f03e-11ef-a806-010101010000,내과,0,2,2,2,4,2,2
a3f20e3d-f03e-11ef-a985-010101010000,외과,0,3,1,2,2,2,65
a3f23555-f03e-11ef-8bcd-010101010000,내과,1,207,742,245,222,117,2299
a3f2f89c-f03e-11ef-9046-010101010000,피부과,1,13,7,14,6,1,210
a3f346bc-f03e-11ef-bf30-010101010000,내과,0,1,1,1,1,1,1
a3f36dd4-f03e-11ef-861a-010101010000,외과,0,2,1,2,6,9,26
a3f394df-f03e-11ef-b2ce-010101010000,내과,1,1,1,1,5,3,6
a3f3bbfc-f03e-11ef-8857-010101010000,외과,0,4,10,5,7,17,5
a3f4cd5d-f03e-11ef-bceb-010101010000,내과,1,1,3,1,1,5,1
a3f590b7-f03e-11ef-9935-010101010000,외과,1,10,14,8,3,4,92
a3f5ded7-f03e-11ef-a424-010101010000,내과,1,1,1,1,1,1,1
a3f6c99d-f03e-11ef-953c-010101010000,내과,1,6,7,5,3,3,1
a3f73e7b-f03e-11ef-8b31-010101010000,내과,1,925,672,914,1471,1192,52
a3f78c88-f03e-11ef-a65f-010101010000,내과,0,1,2,1,4,10,40
a3f828c7-f03e-11ef-b765-010101010000,외과,0,775,255,516,2439,2425,1149
a3f876e6-f03e-11ef-8041-010101010000,내과,0,35,39,23,36,52,54
a3f89df6-f03e-11ef-ac13-010101010000,피부과,1,160,24,145,282,194,129
a3f98857-f03e-11ef-8cbb-010101010000,내과,0,693,951,393,3046,2992,1231
a3f9d676-f03e-11ef-9faf-010101010000,내과,0,44,36,76,193,84,460
a3fc2067-f03e-11ef-bc4f-010101010000,피부과,0,34,25,30,60,66,19
a3fda704-f03e-11ef-82f3-010101010000,외과,0,4,3,14,205,264,388
a3fdf516-f03e-11ef-a25c-010101010000,외과,1,6,13,6,20,10,609
a3fe4358-f03e-11ef-bb1e-010101010000,피부과,1,69,29,84,118,123,158
a3feb885-f03e-11ef-b524-010101010000,외과,0,40,10,27,200,76,498
a3ff06aa-f03e-11ef-b1c9-010101010000,치과,1,1911,2201,1694,816,1998,3809
a3ff7bd9-f03e-11ef-856e-010101010000,외과,1,21,67,22,95,33,340
a3ffa2ea-f03e-11ef-aab8-010101010000,내과,1,2296,1248,2016,7771,7263,217
a3ffc9f7-f03e-11ef-b3a0-010101010000,피부과,1,237,215,219,399,339,269
a3fff102-f03e-11ef-8f41-010101010000,내과,1,154,139,203,158,84,92
a4001818-f03e-11ef-9cd0-010101010000,외과,0,6,12,6,4,4,7
a4018b8e-f03e-11ef-9fa4-010101010000,내과,0,430,349,460,1583,1528,562
a4029d13-f03e-11ef-bde4-010101010000,내과,0,5,5,3,5,5,1
a402eb1f-f03e-11ef-8c4c-010101010000,외과,1,307,215,345,468,352,118
a4031224-f03e-11ef-86e3-010101010000,외과,1,2,2,2,2,1,2
a4036043-f03e-11ef-99c5-010101010000,내과,1,705,450,821,736,487,285
a4042394-f03e-11ef-bc37-010101010000,외과,1,268,363,186,1035,1068,537
a40471b3-f03e-11ef-b7f2-010101010000,내과,1,114,65,175,292,183,4
a4053501-f03e-11ef-9ca1-010101010000,외과,1,114,209,132,221,607,10524
a405834e-f03e-11ef-bc47-010101010000,치과,1,587,467,1013,3534,1353,7097
a405834f-f03e-11ef-b583-010101010000,외과,0,3,3,2,6,6,5
a405f854-f03e-11ef-b2c9-010101010000,피부과,0,240,129,383,487,462,3364
a4064676-f03e-11ef-b97c-010101010000,내과,1,89,41,120,1887,2813,553
a406e2ac-f03e-11ef-abd7-010101010000,내과,1,15903,15362,13588,15962,14280,14812
a40730cb-f03e-11ef-be85-010101010000,내과,0,76,45,77,168,157,34
a4077eed-f03e-11ef-835f-010101010000,피부과,0,65,51,26,225,140,10
a4081b34-f03e-11ef-896f-010101010000,내과,1,2,2,5,8,8,4
a4084242-f03e-11ef-a44d-010101010000,내과,0,314,234,310,505,526,154
a40a1716-f03e-11ef-af2d-010101010000,내과,0,38,53,26,419,1656,194
a40a3e13-f03e-11ef-b089-010101010000,치과,0,9036,5536,4438,1743,870,5963
a40b9daa-f03e-11ef-8cbd-010101010000,내과,0,465,574,429,1053,1201,754
a40d9999-f03e-11ef-8293-010101010000,내과,1,588,405,697,1588,683,6
a40f9566-f03e-11ef-8bc0-010101010000,외과,0,2,2,2,2,2,1
a410fa87-f03e-11ef-8923-010101010000,내과,1,17,18,18,25,71,23
a41196ca-f03e-11ef-a52d-010101010000,내과,1,46,12,98,392,50,400
a411e4eb-f03e-11ef-bae6-010101010000,치과,0,11,11,18,27,18,754
a411e4ed-f03e-11ef-9471-010101010000,피부과,0,167,93,186,246,255,29
a4125a1d-f03e-11ef-8d66-010101010000,외과,1,1,1,1,2,1,104
a41392a3-f03e-11ef-93f4-010101010000,외과,0,2,2,1,9,5,1
a4147cfb-f03e-11ef-9d3f-010101010000,외과,0,2,2,2,2,2,3
a414cb30-f03e-11ef-b242-010101010000,내과,0,1,2,1,1,1,22
a415dc8a-f03e-11ef-be20-010101010000,외과,0,2,2,2,2,2,3
a4169fda-f03e-11ef-815a-010101010000,내과,0,2,2,2,5,9,2
a4178a3d-f03e-11ef-b8be-010101010000,내과,0,3,5,6,2,1,17
a417d862-f03e-11ef-9d72-010101010000,내과,0,6,6,6,6,3,3
a417d863-f03e-11ef-9198-010101010000,피부과,1,12,9,26,37,23,110
a417ff6e-f03e-11ef-a197-010101010000,내과,0,42,34,38,121,246,28
a4189bb2-f03e-11ef-b10b-010101010000,외과,1,8,17,22,12,8,28
a4195eff-f03e-11ef-b4f8-010101010000,내과,1,1,2,1,1,1,2
a419d432-f03e-11ef-8220-010101010000,외과,0,1,1,1,1,1,1
a419fb45-f03e-11ef-b21e-010101010000,내과,1,1844,874,2253,3985,2740,2026
a41abe8f-f03e-11ef-885f-010101010000,내과,0,1,1,1,2,2,1
a41f66b0-f03e-11ef-8af2-010101010000,외과,0,1,2,1,1,1,1
a41f8dc4-f03e-11ef-ae45-010101010000,내과,1,22,21,28,25,5,46
a422c215-f03e-11ef-8db4-010101010000,외과,1,1,2,1,1,1,1
a423fa9a-f03e-11ef-8d4f-010101010000,안과,0,9,10,8,16,5,2
a4246fc3-f03e-11ef-be72-010101010000,내과,0,5,4,6,3,3,59
a424e4f5-f03e-11ef-9289-010101010000,내과,1,1060,1239,1360,911,565,383
a424e4f6-f03e-11ef-ad39-010101010000,내과,0,17849,12420,18174,13333,10908,10709
a4250c03-f03e-11ef-95f7-010101010000,피부과,0,3,2,4,4,4,2
a4253317-f03e-11ef-aebf-010101010000,내과,1,350,267,392,1085,446,388
a4258131-f03e-11ef-b6ff-010101010000,외과,1,316,462,143,612,778,271
a425cf54-f03e-11ef-9ca8-010101010000,치과,0,99,133,59,84,312,3142
a4272ee6-f03e-11ef-b16a-010101010000,외과,0,3,3,5,3,3,28
a428b584-f03e-11ef-ab79-010101010000,내과,1,2,2,2,1,2,3
a42951c6-f03e-11ef-bc8b-010101010000,외과,1,267,208,204,458,299,100
a42ad867-f03e-11ef-a1e2-010101010000,외과,0,295,185,263,380,351,148
a42b267d-f03e-11ef-be62-010101010000,외과,0,27,48,27,34,9,123
a42b4d95-f03e-11ef-9269-010101010000,외과,0,2,3,4,9,8,3
a42bc2cc-f03e-11ef-b264-010101010000,외과,0,1,1,1,1,1,1
a42c864a-f03e-11ef-a1dc-010101010000,외과,0,71,71,84,102,71,299
a42d97bc-f03e-11ef-94d1-010101010000,외과,0,12,17,7,7,12,6
a42e20ab-f03e-11ef-ba96-010101010000,내과,0,35,40,26,47,28,600
a42ebd24-f03e-11ef-9d27-010101010000,내과,0,18,16,11,34,32,1870
a430b8fd-f03e-11ef-b2b8-010101010000,내과,1,1,1,1,1,1,1
a430e00a-f03e-11ef-9500-010101010000,내과,0,16,5,15,5,4,32
a4312e21-f03e-11ef-88b4-010101010000,외과,0,2,2,1,1,1,1
a4315532-f03e-11ef-ae49-010101010000,피부과,0,1,1,1,1,1,1
a431a358-f03e-11ef-90c5-010101010000,내과,0,19,17,46,150,33,149
a431ca67-f03e-11ef-888c-010101010000,외과,0,179,54,187,428,275,913
a4328db3-f03e-11ef-bf0d-010101010000,내과,0,282,340,225,333,354,148
a433511e-f03e-11ef-905a-010101010000,내과,0,1,1,1,1,1,1
a4339f24-f03e-11ef-bcca-010101010000,내과,0,1,1,1,1,1,1
a4341453-f03e-11ef-9678-010101010000,외과,0,1,1,1,1,1,6
a434d79f-f03e-11ef-904f-010101010000,외과,0,17,18,16,24,26,36
a4354cd4-f03e-11ef-aa70-010101010000,내과,0,540,206,625,524,551,104
a436373a-f03e-11ef-a2a7-010101010000,외과,0,1,1,1,1,1,1
a436ac65-f03e-11ef-8db1-010101010000,내과,1,170,81,242,48,43,633
a438a83b-f03e-11ef-9917-010101010000,피부과,0,1,1,2,1,1,4
a438cf49-f03e-11ef-b735-010101010000,내과,0,2688,2078,1621,233,462,4691
a43992a0-f03e-11ef-bc17-010101010000,내과,1,45,21,47,38,13,136
a43c51ef-f03e-11ef-b611-010101010000,내과,1,254,211,116,108,239,161
a43c7901-f03e-11ef-8f27-010101010000,내과,1,93,35,195,3288,587,362
a43deca9-f03e-11ef-acb8-010101010000,내과,0,2,2,1,3,3,4
a43e88e5-f03e-11ef-9174-010101010000,내과,0,5,6,7,10,9,7
a43f9a5e-f03e-11ef-8209-010101010000,외과,0,1,1,1,1,1,1
a43fc16b-f03e-11ef-868f-010101010000,내과,0,50,39,45,143,140,249
a43fe87a-f03e-11ef-b85e-010101010000,피부과,1,1,1,1,1,1,3
a44120f3-f03e-11ef-acc9-010101010000,내과,1,2339,3361,1961,1692,3098,10267
a4425975-f03e-11ef-a8d5-010101010000,내과,1,8,2,35,57,30,14
a4436ae6-f03e-11ef-9483-010101010000,내과,1,10,7,11,48,99,6
a444a34b-f03e-11ef-b72c-010101010000,내과,1,73,347,36,142,40,126
a444f17a-f03e-11ef-bf4d-010101010000,치과,0,291,339,213,1035,2161,17242
a445dbda-f03e-11ef-aad1-010101010000,내과,0,92,343,40,30,36,1024
a44602ee-f03e-11ef-87e1-010101010000,피부과,0,214,130,286,163,42,17
a4471461-f03e-11ef-bc5e-010101010000,치과,0,10,6,17,14,15,6
a4495e5c-f03e-11ef-92dc-010101010000,내과,0,1,1,1,2,3,17
a449d379-f03e-11ef-b24d-010101010000,내과,0,1288,771,1349,960,973,1884
a44a2199-f03e-11ef-a1a3-010101010000,피부과,0,4,6,4,4,5,3
a44b8152-f03e-11ef-b7a9-010101010000,내과,0,11,16,9,12,10,41
a44bf67f-f03e-11ef-8269-010101010000,치과,0,1,1,1,1,1,1
a44c6bb0-f03e-11ef-bbf4-010101010000,내과,1,2,1,2,3,5,2
a44ea268-f03e-11ef-8c62-010101010000,외과,1,2,1,2,1,1,1
a44ec976-f03e-11ef-95b3-010101010000,외과,1,2,2,2,2,2,2
a4622bf7-f03e-11ef-b155-010101010000,내과,0,1,1,3,4,6,4
a4622bf8-f03e-11ef-97b8-010101010000,외과,0,20,13,13,39,72,314
a462530a-f03e-11ef-8b3d-010101010000,내과,0,1,1,1,1,1,1
a4633d72-f03e-11ef-b532-010101010000,외과,0,26,13,16,6,5,38
a4638b90-f03e-11ef-a589-010101010000,안과,0,1311,859,1146,895,1476,2603
a46400b9-f03e-11ef-8f51-010101010000,외과,1,553,239,424,163,100,51
a4649cf9-f03e-11ef-8e94-010101010000,내과,0,6,7,6,20,11,5
a468948d-f03e-11ef-8bd6-010101010000,내과,0,367,209,327,399,106,55
a468948e-f03e-11ef-bc40-010101010000,내과,0,1070,740,851,4992,5060,138
a468bbad-f03e-11ef-9ccf-010101010000,내과,0,82,114,65,313,581,791
a46a1b44-f03e-11ef-82b4-010101010000,외과,0,969,1527,526,549,488,851
a46d0449-f03e-11ef-bb25-010101010000,내과,0,882,404,1053,3664,1546,5847
a46e15b8-f03e-11ef-98bb-010101010000,안과,0,1469,1958,1179,1681,911,398
a46e3ccb-f03e-11ef-a505-010101010000,내과,0,13,5,16,37,96,191
a46e63d7-f03e-11ef-b104-010101010000,내과,1,1,1,1,1,1,1
a46f4e39-f03e-11ef-a810-010101010000,외과,0,113,135,72,292,63,76
a47086b7-f03e-11ef-8e3d-010101010000,내과,0,1,2,1,3,2,1
a4723457-f03e-11ef-8a9d-010101010000,내과,0,842,1075,758,1605,2075,712
a472f7a7-f03e-11ef-87bd-010101010000,피부과,1,307,387,232,769,527,1818
a473e205-f03e-11ef-a976-010101010000,외과,1,146,132,222,105,84,37
a474a564-f03e-11ef-a92f-010101010000,피부과,0,596,626,686,557,724,1267
a47568b6-f03e-11ef-a3c6-010101010000,내과,0,1,1,1,1,1,1
a476c835-f03e-11ef-8715-010101010000,내과,1,4,3,4,2,1,7
a479fcd6-f03e-11ef-ae3a-010101010000,내과,0,1,1,1,1,2,1
a47a71f3-f03e-11ef-9fca-010101010000,외과,0,1,2,1,2,2,17
a47aad1b-f03e-11ef-8918-010101010000,외과,1,7,19,3,3,19,8
a47ad42d-f03e-11ef-b688-010101010000,내과,0,32,195,20,553,2018,255
a47bbe8a-f03e-11ef-bb44-010101010000,내과,1,2488,2974,2423,3986,2673,4953
a47d6c3d-f03e-11ef-9c4d-010101010000,내과,1,46,31,46,103,81,1041
a47de16b-f03e-11ef-80ab-010101010000,내과,0,2,2,2,8,11,19
a47e56a7-f03e-11ef-a1c6-010101010000,내과,0,789,513,764,672,448,194
a47e7dac-f03e-11ef-a3eb-010101010000,외과,0,875,1202,1117,745,837,17573
a481b1f8-f03e-11ef-8734-010101010000,내과,1,4969,5178,3420,4347,4825,6282
a4833898-f03e-11ef-be88-010101010000,치과,0,382,316,737,3027,2102,739
a4875749-f03e-11ef-8406-010101010000,외과,0,19,32,20,308,52,255
a487ccb3-f03e-11ef-8f39-010101010000,피부과,0,2,4,3,8,20,15
a4881ad1-f03e-11ef-8728-010101010000,안과,0,28,34,23,25,51,74
a4881ad3-f03e-11ef-a1b2-010101010000,외과,0,4067,4280,2801,2798,1153,515
a488b711-f03e-11ef-b657-010101010000,내과,0,2608,3519,1227,6821,4337,1807
a488de2a-f03e-11ef-8ec1-010101010000,피부과,0,975,763,909,944,696,561
a488de2b-f03e-11ef-8ce0-010101010000,피부과,0,842,933,789,482,363,1027
a48ac6c3-f03e-11ef-84db-010101010000,피부과,0,13774,12131,13648,16752,18340,1629
a48bd835-f03e-11ef-9ac6-010101010000,외과,0,4,3,1,5,1,428
a48bff42-f03e-11ef-aed8-010101010000,내과,0,45,81,107,143,61,561
a48c4d66-f03e-11ef-ba25-010101010000,내과,0,118,13,86,160,31,72
a48ce9a4-f03e-11ef-aafc-010101010000,내과,0,6355,4310,5621,7967,6148,5843
a48e9752-f03e-11ef-9246-010101010000,내과,1,263,255,149,1357,983,488
a48e9753-f03e-11ef-ac70-010101010000,내과,0,8,8,5,14,9,9
a48f338b-f03e-11ef-87bf-010101010000,외과,0,528,516,705,928,1028,6270
a49044f8-f03e-11ef-a8d4-010101010000,치과,1,920,2353,536,1255,557,566
a490ba2c-f03e-11ef-80eb-010101010000,치과,1,1056,298,593,6108,5092,5558
a491a4a0-f03e-11ef-9922-010101010000,피부과,0,1,1,1,2,2,1
a49240d5-f03e-11ef-b6ec-010101010000,내과,0,247,732,156,383,501,458
a49267e4-f03e-11ef-afc3-010101010000,내과,0,48,62,42,79,83,52
a4928ef3-f03e-11ef-bb54-010101010000,피부과,0,107,201,104,299,202,1
a492b609-f03e-11ef-96de-010101010000,내과,0,191,211,181,233,153,27
a49463af-f03e-11ef-b145-010101010000,피부과,1,493,531,233,662,584,291
a4948b0a-f03e-11ef-b9bf-010101010000,피부과,0,104,318,88,234,265,259
a49686a8-f03e-11ef-a389-010101010000,내과,1,18,13,66,121,131,25
a496fbe9-f03e-11ef-b9c1-010101010000,내과,0,6,4,15,19,20,36
a49722f8-f03e-11ef-807d-010101010000,내과,0,15,10,7,8,10,6
a4977150-f03e-11ef-a963-010101010000,내과,0,1722,2952,1188,2293,2834,12707
a4985b97-f03e-11ef-a734-010101010000,내과,1,21,23,45,86,20,27
a49882a7-f03e-11ef-8f00-010101010000,내과,1,1022,2886,1228,183,270,420
a49a5ac7-f03e-11ef-a9b3-010101010000,내과,1,98,117,119,552,499,366
a49af704-f03e-11ef-8be4-010101010000,피부과,0,10,15,7,5,10,8
a49c7da2-f03e-11ef-a58b-010101010000,피부과,1,22,4,6,186,84,20
a49d40d6-f03e-11ef-9193-010101010000,내과,0,181,148,123,241,234,762
a49e042d-f03e-11ef-a16d-010101010000,내과,0,4,2,3,19,16,27
a49fd8e2-f03e-11ef-b753-010101010000,치과,0,6,6,7,15,13,14
a4a0c34a-f03e-11ef-b446-010101010000,내과,0,333,277,155,151,327,635
a4a1116d-f03e-11ef-bbb6-010101010000,피부과,1,3131,2694,3930,5100,4671,6843
a4a15f86-f03e-11ef-a3e0-010101010000,외과,0,43,37,41,309,120,77
a4a18695-f03e-11ef-a09a-010101010000,내과,0,661,331,519,1785,310,416
a4a18696-f03e-11ef-b8d0-010101010000,피부과,0,7,17,6,9,24,9
a4a1ada7-f03e-11ef-a8f2-010101010000,내과,1,28,20,12,223,142,2
a4a249e4-f03e-11ef-bf3e-010101010000,내과,0,8,14,8,3,3,40
a4a35b5b-f03e-11ef-ad5e-010101010000,내과,1,60,33,43,41,53,166
a4a3d085-f03e-11ef-bd38-010101010000,안과,0,299,655,500,419,699,2262
a4a493d2-f03e-11ef-bbcc-010101010000,외과,0,1732,2068,1143,5055,4286,17822
a4a5300d-f03e-11ef-a229-010101010000,외과,1,686,555,509,778,606,723
a4a57e3b-f03e-11ef-8474-010101010000,내과,0,2,3,1,1,1,5
a4a5f367-f03e-11ef-a31d-010101010000,안과,0,6,4,8,20,11,18
a4a6b6d8-f03e-11ef-be11-010101010000,피부과,0,4813,4654,3378,12270,11609,3599
a4a6b6d9-f03e-11ef-b5b7-010101010000,내과,1,46,31,17,105,32,2
a4a77a28-f03e-11ef-8f7d-010101010000,외과,0,2557,1861,1319,3539,2182,11468
a4a7c848-f03e-11ef-9925-010101010000,외과,1,1362,900,1347,2716,1750,11987
a4a8697a-f03e-11ef-946c-010101010000,내과,0,2,1,2,6,6,3684
a4a92ccf-f03e-11ef-9d01-010101010000,치과,1,1448,268,775,1119,364,713
a4a9c910-f03e-11ef-919e-010101010000,외과,0,255,206,309,400,250,1664
a4aa3e3e-f03e-11ef-aaae-010101010000,치과,1,232,137,193,233,190,4359
a4aa654f-f03e-11ef-8752-010101010000,내과,0,6,5,4,27,76,1
a4aab35b-f03e-11ef-ac32-010101010000,내과,1,152,91,142,210,139,207
a4ab4fb3-f03e-11ef-aa32-010101010000,내과,0,5625,5330,2591,14053,12845,9597
a4ab9dcf-f03e-11ef-bcb9-010101010000,내과,1,29,14,16,119,72,25
a4abebf2-f03e-11ef-9d50-010101010000,피부과,0,12,13,10,7,9,50
a4adc08d-f03e-11ef-8f27-010101010000,내과,0,1223,1630,549,4202,3298,8071
a4afe373-f03e-11ef-89d1-010101010000,내과,1,51,42,36,84,34,17
a4afe374-f03e-11ef-b456-010101010000,치과,0,1638,994,2810,7667,3271,203
a4b0cdd0-f03e-11ef-859b-010101010000,내과,0,10,13,5,52,37,32
a4b33ece-f03e-11ef-8e56-010101010000,내과,1,3599,2478,3380,4790,4292,2364
a4b365e3-f03e-11ef-b77f-010101010000,내과,0,263,260,276,263,196,213
a4b3db0e-f03e-11ef-b91d-010101010000,내과,0,162,92,95,1133,518,135
a4b53ab0-f03e-11ef-88cf-010101010000,치과,0,5,3,5,2,3,22
a4b70fa1-f03e-11ef-902d-010101010000,내과,0,18,48,13,32,21,6
a4b736c0-f03e-11ef-9d4c-010101010000,피부과,1,1553,1477,616,1487,3731,3843
a4b7bff9-f03e-11ef-8efc-010101010000,안과,0,10,13,17,30,44,310
a4b8d16a-f03e-11ef-a184-010101010000,안과,0,1,1,1,2,2,60
a4b9bbd1-f03e-11ef-a55e-010101010000,피부과,0,1,2,1,2,2,1
a4ba3100-f03e-11ef-9484-010101010000,내과,0,120,104,123,151,157,435
a4baa62d-f03e-11ef-8373-010101010000,내과,0,5,15,7,6,6,24
a4bb9086-f03e-11ef-83c9-010101010000,내과,0,7661,5239,7261,5181,3817,3003
a4bd654c-f03e-11ef-b1eb-010101010000,내과,0,4,3,4,2,2,22
a4bdb36a-f03e-11ef-bfea-010101010000,내과,1,816,582,1188,2758,1552,1447
a4bdda7c-f03e-11ef-b004-010101010000,피부과,0,51,34,91,41,37,1086
a4be289b-f03e-11ef-aaa6-010101010000,피부과,0,317,210,263,266,146,391
a4be4faf-f03e-11ef-b7d7-010101010000,피부과,0,833,1221,582,541,663,1293
a4bfaf3a-f03e-11ef-9eb2-010101010000,내과,1,869,932,608,4683,4456,903
a4bfd649-f03e-11ef-ac30-010101010000,피부과,0,41,45,31,16,13,152
a4c0e7ba-f03e-11ef-836a-010101010000,외과,1,1566,2292,1356,2961,4114,14515
a4c2bc7f-f03e-11ef-ba4c-010101010000,외과,0,10,32,9,9,20,71
a4c30a9a-f03e-11ef-8985-010101010000,피부과,1,208,103,137,268,289,60
a4c30a9b-f03e-11ef-b6fb-010101010000,외과,0,449,490,309,420,452,3268
a4c3f557-f03e-11ef-bd17-010101010000,외과,0,62,28,63,55,18,35
a4c44332-f03e-11ef-899a-010101010000,치과,0,134,186,198,227,230,15
a4c4b87a-f03e-11ef-846e-010101010000,치과,0,2079,1146,1367,8316,6365,8463
a4c4df88-f03e-11ef-90ea-010101010000,피부과,0,2825,3908,2747,5855,4293,1920
a4c554bd-f03e-11ef-b284-010101010000,외과,1,748,617,642,856,802,1665
a4c5c9f1-f03e-11ef-9ec9-010101010000,내과,0,135,448,98,216,220,2646
a4c73ddb-f03e-11ef-bc04-010101010000,내과,0,43,37,63,257,91,64
a4c764ec-f03e-11ef-974a-010101010000,내과,0,48,76,8,127,279,1285
a4cac0ea-f03e-11ef-b77a-010101010000,피부과,0,2221,2707,1841,4735,7241,2514
a4cb0e6b-f03e-11ef-884b-010101010000,내과,1,2743,2441,2899,6071,7360,7517
a4cbaaaa-f03e-11ef-895d-010101010000,외과,0,12,8,12,3,13,21
a4cd314d-f03e-11ef-a464-010101010000,내과,0,1588,1611,825,945,628,771
a4cd585e-f03e-11ef-b3ff-010101010000,치과,1,1023,1271,1625,1133,840,2161
a4cda681-f03e-11ef-b78a-010101010000,내과,0,1964,675,1402,6417,911,2011
a4cf542c-f03e-11ef-ab5a-010101010000,내과,0,1864,2385,1420,913,913,702
a4cfc960-f03e-11ef-9a8c-010101010000,외과,1,272,110,298,317,225,648
a4d08cab-f03e-11ef-bbbe-010101010000,내과,1,131,77,148,94,80,588
a4d0b3b9-f03e-11ef-b44b-010101010000,내과,1,1565,496,710,2133,1523,1183
a4d101ed-f03e-11ef-b84d-010101010000,내과,0,43,33,46,75,62,89
a4d19e1d-f03e-11ef-b156-010101010000,내과,0,471,326,467,699,588,3371
a4d2134d-f03e-11ef-99f2-010101010000,내과,0,3663,1608,1817,6593,3725,435
a4d29c40-f03e-11ef-8cad-010101010000,피부과,0,8042,7811,4929,14642,14534,3137
a4d2ea96-f03e-11ef-a195-010101010000,내과,0,8517,5210,6651,13992,7397,822
a4d3d52d-f03e-11ef-b367-010101010000,내과,1,41,60,58,13,8,564
a4d3fc3f-f03e-11ef-832b-010101010000,외과,1,328,139,495,272,203,13177
a4d4716b-f03e-11ef-8371-010101010000,내과,1,3,1,2,13,13,10
a4d55bd0-f03e-11ef-b89d-010101010000,내과,0,34,40,22,106,89,40
a4d60bdb-f03e-11ef-a46f-010101010000,내과,0,1259,1255,1134,1141,901,6534
a4d6815f-f03e-11ef-a17f-010101010000,내과,0,11471,13085,10896,13613,16592,7153
a4d6f674-f03e-11ef-b8a7-010101010000,내과,1,209,270,216,198,219,1650
a4d8a430-f03e-11ef-9bec-010101010000,피부과,1,522,402,710,288,396,705
a4dbd87b-f03e-11ef-8da9-010101010000,내과,0,1877,1506,1618,4806,1478,1658
a4dd10f9-f03e-11ef-ad4a-010101010000,내과,0,946,561,764,8934,6679,271
a4de9780-f03e-11ef-8c46-010101010000,내과,0,2591,1794,2404,13077,10305,13007
a4dee5a4-f03e-11ef-8411-010101010000,내과,0,130,74,77,121,42,42
a4dff72d-f03e-11ef-8b31-010101010000,내과,1,14,20,16,10,14,269
a4e10893-f03e-11ef-b4cf-010101010000,외과,1,536,412,515,432,532,1025
a4e30478-f03e-11ef-8c88-010101010000,치과,0,12,30,9,12,24,2014
a4e32bc8-f03e-11ef-9922-010101010000,내과,0,208,270,28,1907,1901,2
a4e379eb-f03e-11ef-ba1b-010101010000,내과,0,7273,4621,2252,2431,2980,45
a4e3a0fb-f03e-11ef-833f-010101010000,안과,0,5,3,2,8,11,2
a4e43d3a-f03e-11ef-8dd5-010101010000,피부과,0,707,519,1093,602,576,868
a4e4644b-f03e-11ef-a051-010101010000,내과,0,44,50,21,64,67,1923
a4e4b26b-f03e-11ef-a283-010101010000,외과,0,4,5,1,1,1,4
a4e54e96-f03e-11ef-bcb3-010101010000,내과,0,523,455,557,1895,985,615
a4e5eed1-f03e-11ef-80ad-010101010000,피부과,0,1,1,1,1,1,1
a4e72752-f03e-11ef-a419-010101010000,내과,0,1,1,1,1,1,1
a4e79c85-f03e-11ef-904f-010101010000,안과,0,1,1,1,3,3,1
a4e81199-f03e-11ef-9e8b-010101010000,내과,0,76,67,81,492,386,326
a4e85fb5-f03e-11ef-b8e4-010101010000,내과,1,4,7,4,8,4,4
a4e886c5-f03e-11ef-a4e2-010101010000,내과,0,2,2,1,1,1,2
a4e92305-f03e-11ef-b35b-010101010000,외과,0,289,321,353,255,278,283
a4e94a15-f03e-11ef-a6a8-010101010000,외과,1,2,1,2,8,2,107
a4e94a16-f03e-11ef-afeb-010101010000,피부과,0,2,2,2,5,6,285
a4ead0d3-f03e-11ef-a399-010101010000,내과,0,3,9,3,2,6,17
a4eb6d13-f03e-11ef-9573-010101010000,내과,1,5,5,5,3,3,5
a4eca591-f03e-11ef-a439-010101010000,피부과,0,1,1,1,4,1,5
a4ed8ff9-f03e-11ef-be8c-010101010000,외과,1,998,1428,1822,5745,1333,1196
a4ee7a54-f03e-11ef-b2b6-010101010000,내과,0,1,1,2,1,1,1
a4f027fe-f03e-11ef-b1f7-010101010000,내과,1,3,3,4,2,2,2
a4f02800-f03e-11ef-91a5-010101010000,외과,1,8,8,14,11,7,34
a4f09d33-f03e-11ef-bc3a-010101010000,내과,1,1,1,1,1,1,1
a4f18792-f03e-11ef-95ed-010101010000,외과,0,40,29,26,30,33,50
a4f1d5b2-f03e-11ef-bbe6-010101010000,내과,1,284,208,313,154,101,10
a4f1fca4-f03e-11ef-9095-010101010000,내과,1,7,12,18,27,17,131
a4f30e6e-f03e-11ef-9a9c-010101010000,외과,0,63,57,89,132,70,52
a4f38399-f03e-11ef-bc3f-010101010000,내과,1,75,45,100,68,69,6
a4f3aaaf-f03e-11ef-88e3-010101010000,내과,1,2,3,4,20,6,2
a4f3d1b8-f03e-11ef-b563-010101010000,피부과,0,3,3,5,4,4,17
a4f5937f-f03e-11ef-ae37-010101010000,치과,0,328,266,259,21,9,79
a4f6cbfc-f03e-11ef-b43c-010101010000,안과,0,9,3,5,4,7,1
a4f71a10-f03e-11ef-8b6b-010101010000,내과,1,1,1,1,1,1,1
a4f80464-f03e-11ef-9028-010101010000,치과,1,4,4,4,2,2,2
a4f85284-f03e-11ef-85af-010101010000,외과,1,166,161,108,418,744,32
a4f93cdf-f03e-11ef-a5c8-010101010000,내과,0,1,1,1,2,2,2
a4fa2744-f03e-11ef-9386-010101010000,내과,0,4,2,4,4,3,27
a4faea98-f03e-11ef-a70e-010101010000,외과,1,36,21,34,27,33,109
a4fb86f4-f03e-11ef-a869-010101010000,피부과,0,3,2,2,3,3,6
a4fda9ce-f03e-11ef-b8fd-010101010000,외과,1,5,6,5,5,7,2
a4fdd0de-f03e-11ef-a33b-010101010000,외과,1,1,1,3,2,2,1
a4fe1ef9-f03e-11ef-b92f-010101010000,외과,1,2,1,1,2,3,3
a4ff0957-f03e-11ef-9a46-010101010000,내과,0,1,1,1,1,1,1
a4ff0959-f03e-11ef-b86a-010101010000,내과,1,1,1,1,1,1,2
a5008ff7-f03e-11ef-94d4-010101010000,외과,1,1,1,1,1,1,1
a5015344-f03e-11ef-8da4-010101010000,내과,0,1,1,1,1,1,141
a5017a52-f03e-11ef-a622-010101010000,외과,0,2,2,4,2,2,2
a502da21-f03e-11ef-8ad3-010101010000,외과,0,2,1,3,2,1,11
a5039d6b-f03e-11ef-ba72-010101010000,내과,1,40,30,60,345,226,49
a5042693-f03e-11ef-a764-010101010000,외과,0,2,2,2,1,1,39
a5055f1b-f03e-11ef-a1a6-010101010000,내과,1,70,113,47,161,521,8
a50670a7-f03e-11ef-80a0-010101010000,내과,0,3,2,8,10,5,38
a50670a8-f03e-11ef-b268-010101010000,내과,0,6,6,3,4,9,2
a5070cb1-f03e-11ef-9795-010101010000,내과,1,1,1,1,1,1,1
a50733da-f03e-11ef-9d32-010101010000,피부과,1,37,779,16,151,638,51
a507a904-f03e-11ef-9437-010101010000,외과,1,35,88,21,18,23,10
a507d01a-f03e-11ef-ac5d-010101010000,내과,0,1,1,1,6,18,35
a507f72a-f03e-11ef-9c43-010101010000,내과,1,2,3,1,13,53,24
a5081e20-f03e-11ef-a06c-010101010000,내과,1,1222,1522,534,425,671,2339
a50a8f3c-f03e-11ef-96d5-010101010000,외과,1,28,80,18,5,16,1577
a50ba0aa-f03e-11ef-a5f6-010101010000,내과,0,6,7,12,37,22,8
a50bc7bc-f03e-11ef-93b0-010101010000,외과,0,2,2,2,2,2,1
a50d2747-f03e-11ef-8e79-010101010000,내과,0,1,1,1,1,1,2
a50d4e58-f03e-11ef-b3e3-010101010000,내과,1,312,342,553,300,113,657
a50e5fc9-f03e-11ef-ac82-010101010000,외과,0,9,13,6,4,4,14
a50ed4f6-f03e-11ef-bae7-010101010000,피부과,0,6,2,9,24,8,35
a50ed4f7-f03e-11ef-8ef9-010101010000,내과,1,17,16,16,20,21,116
a50f4a2c-f03e-11ef-b7cd-010101010000,내과,0,7,2,11,69,41,24
a50f984e-f03e-11ef-8ba3-010101010000,내과,1,16,23,17,1,3,17
a510a9b9-f03e-11ef-ac03-010101010000,외과,1,9,126,8,29,165,59
a510f820-f03e-11ef-9fa8-010101010000,내과,0,47,42,21,45,59,23
a511bb71-f03e-11ef-91bd-010101010000,내과,0,8,11,20,12,4,4
a511e280-f03e-11ef-86f0-010101010000,내과,1,23,60,24,41,26,232
a511e281-f03e-11ef-92d7-010101010000,내과,1,1,1,1,1,1,2
a5120995-f03e-11ef-9f25-010101010000,내과,0,1,1,1,1,1,10
a51257b3-f03e-11ef-9382-010101010000,안과,1,1,1,1,1,1,1
a5137d25-f03e-11ef-ad51-010101010000,외과,0,1,1,1,2,2,1
a513a434-f03e-11ef-9e6d-010101010000,외과,0,2,2,2,2,2,3
a513cb48-f03e-11ef-a022-010101010000,내과,1,21,85,24,295,103,12
a514b5a7-f03e-11ef-a442-010101010000,외과,0,2,1,1,2,2,1
a51503c5-f03e-11ef-9bc3-010101010000,외과,1,83,144,60,4,9,24
a5152ad4-f03e-11ef-9cbe-010101010000,내과,1,6,15,6,3,1,31
a51551e4-f03e-11ef-ba0b-010101010000,치과,0,1,1,1,1,1,1
a51726a2-f03e-11ef-b31e-010101010000,내과,1,38,16,32,20,13,212
a5179bb5-f03e-11ef-9c0b-010101010000,외과,1,489,938,236,215,111,74
a51810e7-f03e-11ef-be2d-010101010000,내과,0,63,63,64,372,502,457
a5185efb-f03e-11ef-b11d-010101010000,내과,1,199,94,201,236,308,1681
a51b1e47-f03e-11ef-a1b7-010101010000,외과,1,3,5,3,1,1,60
a51b1e48-f03e-11ef-9a38-010101010000,내과,1,5,5,4,2,2,7
a51bba86-f03e-11ef-b723-010101010000,치과,0,1,1,1,2,4,4
a51c7ddd-f03e-11ef-9a03-010101010000,내과,1,6,76,5,5,1,214
a51ca4e5-f03e-11ef-93d2-010101010000,내과,1,117,345,90,46,114,14
a51d4128-f03e-11ef-bb57-010101010000,내과,1,10,36,6,57,38,20
a51db656-f03e-11ef-bcb4-010101010000,내과,1,3,3,3,16,21,69
a51ddd6a-f03e-11ef-a797-010101010000,외과,1,18,13,168,369,213,115
a51e2b8a-f03e-11ef-9ac1-010101010000,내과,1,1,1,1,1,1,1
a52111fb-f03e-11ef-afd8-010101010000,내과,1,19,19,24,17,9,4
a5218792-f03e-11ef-a8cf-010101010000,외과,1,100,47,128,41,56,862
a5225e39-f03e-11ef-807e-010101010000,내과,1,4,12,14,78,45,34
a5228593-f03e-11ef-b49d-010101010000,내과,1,4,3,6,46,25,6
a523e52e-f03e-11ef-aca2-010101010000,외과,1,3,2,3,4,4,9
a524cf7c-f03e-11ef-b116-010101010000,내과,1,11,32,26,24,6,16
a5262f1b-f03e-11ef-9a74-010101010000,내과,1,2,2,2,3,3,10
a5267d36-f03e-11ef-92c7-010101010000,내과,1,100,87,213,393,457,275
a526a44d-f03e-11ef-93bf-010101010000,내과,0,30,9,30,102,100,41
a526f26d-f03e-11ef-a7c9-010101010000,내과,1,752,455,667,764,834,598
a5278eaf-f03e-11ef-a7c0-010101010000,내과,0,2125,1343,544,3089,616,3128
a527dcce-f03e-11ef-a353-010101010000,내과,1,71,68,83,503,219,217
a5293c41-f03e-11ef-9534-010101010000,내과,1,194,147,198,407,266,1081
a52a26b3-f03e-11ef-8bb9-010101010000,피부과,0,72,100,79,416,514,161
a52a26b5-f03e-11ef-905c-010101010000,내과,0,79,26,47,207,219,144
a52b5f34-f03e-11ef-8456-010101010000,내과,1,10336,9763,5126,17066,14349,12144
a52c7092-f03e-11ef-9fb8-010101010000,외과,0,1454,1058,1671,2076,1244,19883
a52d5aeb-f03e-11ef-89e7-010101010000,내과,0,5065,2887,2450,3760,894,24
a52e1e3b-f03e-11ef-b177-010101010000,내과,0,71,101,71,19,27,641
a52ee1ab-f03e-11ef-adfb-010101010000,내과,0,155,307,122,675,873,1574
a530ddc2-f03e-11ef-ac03-010101010000,내과,1,1648,1135,844,1360,1701,961
a531a108-f03e-11ef-a5ed-010101010000,피부과,0,723,1033,844,241,44,1326
a53266bd-f03e-11ef-b59a-010101010000,내과,0,650,1883,536,4905,3810,5054
a53266be-f03e-11ef-adfd-010101010000,외과,1,32,15,27,3,1,153
a5328dcf-f03e-11ef-9cc4-010101010000,내과,0,112,77,95,161,187,89
a533782c-f03e-11ef-9126-010101010000,내과,0,45,36,34,112,80,220
a5339f3a-f03e-11ef-bbda-010101010000,내과,1,21,12,25,91,106,29
a5341460-f03e-11ef-b7e7-010101010000,외과,0,2,1,1,1,1,1
a534b0a9-f03e-11ef-bbe2-010101010000,내과,0,11,17,8,24,39,164
a534d7bf-f03e-11ef-9e16-010101010000,치과,0,1,1,1,2,2,4
a534fecd-f03e-11ef-9544-010101010000,내과,1,6514,4988,7698,1856,932,1158
a5354ce9-f03e-11ef-8cdd-010101010000,외과,0,1,1,1,1,1,1
a5359b0f-f03e-11ef-ba5b-010101010000,외과,0,118,357,74,239,326,992
a5368567-f03e-11ef-8579-010101010000,피부과,0,326,229,143,1058,455,99
a536fa9c-f03e-11ef-913e-010101010000,내과,0,15,19,5,82,74,1871
a5376fca-f03e-11ef-bbcd-010101010000,내과,1,1346,2039,1153,1039,2016,860
a5385a2b-f03e-11ef-bd02-010101010000,외과,0,2048,2042,2505,1070,1177,18283
a539447b-f03e-11ef-8a32-010101010000,내과,0,207,248,172,187,99,152
a5399297-f03e-11ef-8306-010101010000,내과,0,634,673,668,1319,1277,1275
a53af239-f03e-11ef-a4d5-010101010000,내과,0,917,666,879,2036,2234,4075
a53b405c-f03e-11ef-9da5-010101010000,내과,0,649,1002,369,431,552,722
a53bb5a5-f03e-11ef-87e5-010101010000,내과,0,440,506,304,605,162,383
a53bdc9c-f03e-11ef-8d07-010101010000,내과,1,358,540,389,3815,1502,3705
a53c78db-f03e-11ef-9ba4-010101010000,내과,0,10453,8230,10114,12170,9860,11179
a53c9fec-f03e-11ef-a696-010101010000,피부과,0,6,30,4,5,9,5
a53f5f52-f03e-11ef-bf2e-010101010000,내과,0,19,26,6,6,14,88
a540e5da-f03e-11ef-9594-010101010000,외과,0,123,91,166,672,319,107
a54220a6-f03e-11ef-8a82-010101010000,외과,0,4646,3024,1824,1885,343,394
a5426ec4-f03e-11ef-8e3a-010101010000,내과,0,70,26,72,9,1,2
a543a742-f03e-11ef-adfa-010101010000,피부과,1,99,106,100,125,172,856
a54491a3-f03e-11ef-9c7a-010101010000,피부과,0,6158,3345,5970,7118,3637,11613
a544dfc3-f03e-11ef-b8bb-010101010000,외과,0,94,85,86,428,520,2020
a5452de4-f03e-11ef-9cb6-010101010000,외과,0,702,579,904,803,648,13606
a545a312-f03e-11ef-b40f-010101010000,내과,0,15,26,12,8,7,19
a5466661-f03e-11ef-b8bf-010101010000,내과,1,2,1,2,5,5,8
a546b484-f03e-11ef-a806-010101010000,내과,0,2,1,2,24,23,48
a5492584-f03e-11ef-a858-010101010000,내과,0,30,59,71,38,52,194
a5494c92-f03e-11ef-9982-010101010000,내과,0,1860,1209,2902,4963,1362,144
a549e8d2-f03e-11ef-a2e1-010101010000,내과,0,40,36,64,29,24,126
a549e8d4-f03e-11ef-a33b-010101010000,내과,1,1,1,2,1,1,1
a54b9681-f03e-11ef-badd-010101010000,내과,1,33,45,40,30,21,798
a54c32c4-f03e-11ef-8ae6-010101010000,내과,0,74,127,69,184,71,5
a54ccee4-f03e-11ef-b659-010101010000,내과,1,2986,1392,1231,11184,4321,3301
a54e078b-f03e-11ef-be4c-010101010000,내과,0,202,146,273,641,401,45
a54f8e2e-f03e-11ef-b919-010101010000,외과,0,4,24,1,5,8,4
a5502a6a-f03e-11ef-8680-010101010000,치과,1,1,1,1,1,2,1
a550a3ba-f03e-11ef-ab34-010101010000,피부과,0,7597,7966,5520,12513,14297,9441
a550cac0-f03e-11ef-b8bc-010101010000,내과,0,172,106,174,1174,800,437
a55314c2-f03e-11ef-a289-010101010000,내과,0,47,55,72,1167,4482,4
a5569726-f03e-11ef-889c-010101010000,피부과,0,1690,3173,1705,3737,4259,2386
a556be35-f03e-11ef-85ed-010101010000,내과,0,1581,1137,1727,4012,1569,2884
a557818f-f03e-11ef-9cea-010101010000,내과,0,21,23,35,21,6,30
a557cfa7-f03e-11ef-bb0d-010101010000,내과,0,1067,236,1506,4532,826,1021
a5581dcb-f03e-11ef-b31b-010101010000,내과,0,3,3,2,3,2,13
a5586bf2-f03e-11ef-b0a4-010101010000,내과,0,1901,910,2396,1518,861,4696
a559f28c-f03e-11ef-8fc5-010101010000,내과,0,14558,7236,11140,16298,13526,860
a55a40aa-f03e-11ef-a7c2-010101010000,외과,1,1605,961,1722,1609,1292,12651
a55ab5d9-f03e-11ef-8d88-010101010000,내과,1,373,171,669,1832,2237,848
a55b2b07-f03e-11ef-9542-010101010000,피부과,0,30,28,16,117,40,36
a55c1566-f03e-11ef-b00c-010101010000,내과,0,788,354,417,3553,2779,2819
a55e3861-f03e-11ef-97ee-010101010000,내과,1,2361,2392,2929,468,406,3539
a55ead98-f03e-11ef-a876-010101010000,내과,0,26,75,44,153,53,48
a55f70f9-f03e-11ef-82ac-010101010000,내과,0,7,16,9,28,31,228
a5601082-f03e-11ef-93b7-010101010000,피부과,0,1,1,2,6,21,48
a560d3d9-f03e-11ef-aeba-010101010000,외과,0,148,230,118,706,655,289
a56121f3-f03e-11ef-bf30-010101010000,피부과,0,3555,3603,2696,3290,5585,4702
a56148ff-f03e-11ef-864b-010101010000,내과,0,6,24,3,3,3,17
a562cfa1-f03e-11ef-932d-010101010000,내과,0,276,152,310,1147,356,456
a56344d9-f03e-11ef-b59d-010101010000,내과,0,275,173,179,268,210,144
a5636be6-f03e-11ef-b732-010101010000,내과,0,468,377,435,85,107,314
a56392ef-f03e-11ef-ba15-010101010000,내과,1,475,506,264,479,453,777
a563ba04-f03e-11ef-9b06-010101010000,내과,0,1,1,1,1,1,6
a5640823-f03e-11ef-8590-010101010000,내과,0,6,5,9,49,31,4
a5640824-f03e-11ef-8262-010101010000,외과,0,90,136,90,239,313,384
a564cbc3-f03e-11ef-beb1-010101010000,외과,1,1105,1686,1065,778,699,1045
a564f28c-f03e-11ef-b61d-010101010000,내과,0,232,486,353,688,659,90
a5662b03-f03e-11ef-a06f-010101010000,내과,0,2,1,2,2,2,1
a5665214-f03e-11ef-8c1c-010101010000,치과,0,20,19,7,7,4,34
a5673c77-f03e-11ef-be81-010101010000,내과,0,3,3,2,4,11,152
a5676385-f03e-11ef-bb61-010101010000,피부과,0,858,811,1266,814,725,673
a567ffd5-f03e-11ef-8426-010101010000,외과,0,293,343,315,164,126,532
a56826e6-f03e-11ef-8d39-010101010000,외과,0,671,1361,148,489,616,4923
a5684df3-f03e-11ef-a089-010101010000,피부과,0,113,45,63,7,10,2
a568750b-f03e-11ef-8946-010101010000,내과,0,1,1,1,1,1,1
a5689c12-f03e-11ef-ad78-010101010000,외과,0,416,552,400,312,201,2081
a569ad95-f03e-11ef-973e-010101010000,내과,0,86,56,57,218,208,347
a56a2326-f03e-11ef-81fa-010101010000,외과,1,423,305,410,743,796,891
a56b0d10-f03e-11ef-8b66-010101010000,피부과,0,2376,2250,2194,4695,1265,2752
a56bf781-f03e-11ef-a0da-010101010000,내과,0,98,428,74,81,37,320
a56c1e94-f03e-11ef-bcd9-010101010000,내과,0,1,1,1,1,1,4
a56c6ca3-f03e-11ef-ad12-010101010000,외과,0,340,168,363,344,325,1175
a56c93e9-f03e-11ef-bfbc-010101010000,내과,0,91,133,71,76,84,22
a56d7e46-f03e-11ef-b1df-010101010000,내과,0,81,129,106,314,372,471
a56da558-f03e-11ef-864f-010101010000,내과,0,657,857,332,370,292,1168
a56df373-f03e-11ef-aa45-010101010000,내과,0,192,77,118,584,431,497
a56eca98-f03e-11ef-acbc-010101010000,피부과,0,10,19,7,12,32,5
a56ef1dd-f03e-11ef-8654-010101010000,외과,0,192,78,137,72,55,479
a56f3ffd-f03e-11ef-9eff-010101010000,안과,0,4,3,5,16,14,129
a56fdc3c-f03e-11ef-93c9-010101010000,외과,0,73,54,43,14,41,43
a570787b-f03e-11ef-ab59-010101010000,내과,0,400,435,395,731,601,2770
a571b0fb-f03e-11ef-a338-010101010000,외과,0,1001,734,1151,1178,1204,3310
a572744f-f03e-11ef-b424-010101010000,외과,0,69,45,64,88,65,9
a573108f-f03e-11ef-86ea-010101010000,내과,0,1,1,1,1,1,7
a5735eb4-f03e-11ef-b168-010101010000,내과,0,11974,10928,9320,11955,11447,5292
a57385c0-f03e-11ef-aab2-010101010000,외과,0,228,317,201,103,96,446
a57385c1-f03e-11ef-b442-010101010000,외과,1,1469,2998,1497,2440,3072,15664
a5749733-f03e-11ef-8925-010101010000,피부과,1,1,1,1,1,1,3
a5755a83-f03e-11ef-be9f-010101010000,외과,0,320,374,243,76,104,92
a5758194-f03e-11ef-8f69-010101010000,외과,0,51,58,52,15,17,218
a575a8a3-f03e-11ef-8a03-010101010000,내과,0,39,39,48,37,68,26
a575cfab-f03e-11ef-a39e-010101010000,외과,1,277,351,182,113,62,237
a5761dd4-f03e-11ef-abb8-010101010000,치과,0,34,33,28,17,26,174
a5766bfa-f03e-11ef-8978-010101010000,외과,1,134,123,130,145,196,251
