answer_id,department,orig_is_multi,arctic-base @ 1024d,arctic-base @ 768d,arctic-base @ 512d,arctic-base @ 256d
9cc895b8-f03e-11ef-b7c9-010101010000,치과,1,1,1,1,1
9cc91eea-f03e-11ef-a3dd-010101010000,내과,0,1,1,1,1
9cc945eb-f03e-11ef-9e94-010101010000,외과,1,1,1,1,1
9cca3051-f03e-11ef-85a0-010101010000,피부과,0,1,1,1,1
9ccb1aae-f03e-11ef-8255-010101010000,내과,1,187,174,197,191
9ccb41bf-f03e-11ef-9a93-010101010000,내과,0,4,3,5,5
9cce00e0-f03e-11ef-8bfe-010101010000,외과,1,4,4,4,4
9ccec434-f03e-11ef-b209-010101010000,외과,1,445,509,452,455
9cd15c42-f03e-11ef-b4e4-010101010000,치과,0,3,3,3,3
9cd21f96-f03e-11ef-8c18-010101010000,내과,0,3,3,2,2
9cd309eb-f03e-11ef-9b31-010101010000,외과,1,8,11,11,10
9cd44270-f03e-11ef-afae-010101010000,내과,1,4,5,4,2
9cd4697c-f03e-11ef-8daf-010101010000,내과,0,101,116,116,100
9cd68c9f-f03e-11ef-9099-010101010000,내과,1,81,115,89,60
9cd6daaf-f03e-11ef-8c55-010101010000,내과,0,33,29,28,19
9cd79e0b-f03e-11ef-92ce-010101010000,내과,0,1,1,1,1
9cdbd0bb-f03e-11ef-9573-010101010000,피부과,1,3,2,2,2
9cdbf7ca-f03e-11ef-8996-010101010000,내과,1,28,30,48,35
9cdcbb26-f03e-11ef-8e3e-010101010000,내과,0,1,1,1,1
9ce08baf-f03e-11ef-ba87-010101010000,내과,1,1,1,1,1
9ce17611-f03e-11ef-a638-010101010000,외과,1,7,11,11,3
9ce1eb2b-f03e-11ef-b723-010101010000,외과,1,1,1,1,1
9ce2ae8a-f03e-11ef-a2c8-010101010000,내과,1,2,4,4,3
9ce594f1-f03e-11ef-9025-010101010000,내과,0,1,1,1,1
9ce67f45-f03e-11ef-8d9e-010101010000,외과,1,1,1,1,1
9ce84105-f03e-11ef-abc8-010101010000,외과,0,1,1,1,1
9ce92b6b-f03e-11ef-a6cb-010101010000,내과,0,1,1,1,1
9ce9eeb8-f03e-11ef-8fec-010101010000,외과,1,8,6,5,5
9cea63ea-f03e-11ef-bc3c-010101010000,내과,0,1,2,2,5
9cead91e-f03e-11ef-b517-010101010000,내과,0,1,1,1,1
9cebc376-f03e-11ef-9534-010101010000,내과,1,14,9,9,14
9cebeaa4-f03e-11ef-b0c5-010101010000,내과,0,1,1,1,1
9ced7120-f03e-11ef-a200-010101010000,내과,1,3,3,2,2
9ceed0bb-f03e-11ef-950c-010101010000,외과,0,4,3,2,4
9cefe221-f03e-11ef-8890-010101010000,내과,1,1,1,1,1
9cf05758-f03e-11ef-8aaf-010101010000,내과,1,1,1,1,1
9cf6ace1-f03e-11ef-a727-010101010000,외과,1,2,1,2,2
9cf74961-f03e-11ef-915d-010101010000,내과,0,7,8,9,6
9cfa7da5-f03e-11ef-84b4-010101010000,내과,1,1,1,1,1
9cfaf2e9-f03e-11ef-b008-010101010000,외과,0,1,1,1,1
9cfb19ec-f03e-11ef-aa81-010101010000,외과,1,3375,4752,5025,3180
9cfceec2-f03e-11ef-8daf-010101010000,내과,0,1838,1936,1673,2085
9cfe7554-f03e-11ef-81c9-010101010000,외과,1,30,22,26,25
9cfeea95-f03e-11ef-887e-010101010000,피부과,1,1,1,1,1
9d01a99c-f03e-11ef-8122-010101010000,피부과,1,3,3,3,3
9d02e22e-f03e-11ef-8420-010101010000,피부과,0,1,1,1,1
9d03ccb5-f03e-11ef-9964-010101010000,치과,0,1,1,1,1
9d0678eb-f03e-11ef-b27b-010101010000,내과,0,7,7,11,7
9d08c2d1-f03e-11ef-8f45-010101010000,외과,1,154,151,130,108
9d0a4983-f03e-11ef-9195-010101010000,내과,0,1,1,1,1
9d0bf72d-f03e-11ef-8dd9-010101010000,피부과,1,1552,1598,1657,1831
9d0cba7b-f03e-11ef-abc3-010101010000,외과,0,1,1,1,1
9d0ce187-f03e-11ef-a588-010101010000,내과,1,1,1,1,1
9d0da4d1-f03e-11ef-b1b7-010101010000,내과,0,1,1,1,1
9d0e8f42-f03e-11ef-8569-010101010000,피부과,0,2,2,2,2
9d0f7998-f03e-11ef-9a9f-010101010000,내과,0,1,1,1,1
9d1238af-f03e-11ef-9711-010101010000,내과,0,1,1,1,1
9d134a64-f03e-11ef-8858-010101010000,외과,0,1,1,1,2
9d158132-f03e-11ef-8e86-010101010000,피부과,0,1,1,1,1
9d1a1504-f03e-11ef-be2a-010101010000,내과,0,5,4,4,5
9d1d9785-f03e-11ef-a02b-010101010000,내과,1,3,3,3,3
9d1de5a1-f03e-11ef-a2c7-010101010000,외과,1,2,2,2,2
9d2119ee-f03e-11ef-a278-010101010000,외과,0,8,8,8,7
9d222b9d-f03e-11ef-9dfc-010101010000,내과,0,50,43,46,62
9d2279ca-f03e-11ef-becb-010101010000,내과,0,99,83,92,136
9d24276e-f03e-11ef-bfde-010101010000,내과,0,2,2,2,2
9d246240-f03e-11ef-9490-010101010000,외과,0,1,1,1,1
9d288137-f03e-11ef-8117-010101010000,내과,0,10,11,12,8
9d29b9b8-f03e-11ef-b060-010101010000,내과,1,1,1,1,1
9d2a07ca-f03e-11ef-a115-010101010000,피부과,1,3,3,3,3
9d2aa419-f03e-11ef-b5e5-010101010000,내과,0,62,52,39,61
9d2acb1b-f03e-11ef-a97a-010101010000,피부과,0,2,2,2,2
9d2e74a6-f03e-11ef-8e30-010101010000,외과,1,1,1,1,1
9d3133c6-f03e-11ef-bf33-010101010000,안과,0,1,1,2,2
9d332fcd-f03e-11ef-aab0-010101010000,내과,1,69,85,115,81
9d347c52-f03e-11ef-8aef-010101010000,내과,0,1,1,1,1
9d395e4d-f03e-11ef-a9fb-010101010000,안과,1,5,7,6,4
9d3cb9b4-f03e-11ef-b9c5-010101010000,내과,0,1,1,1,1
9d3da415-f03e-11ef-adab-010101010000,내과,0,1,1,1,1
9d3eb57c-f03e-11ef-b7bc-010101010000,내과,1,3,5,3,4
9d408a40-f03e-11ef-93f8-010101010000,피부과,0,12,11,11,6
9d44bd19-f03e-11ef-abeb-010101010000,내과,0,1,1,1,1
9d4691d8-f03e-11ef-8831-010101010000,외과,0,1,1,1,2
9d475534-f03e-11ef-a4e9-010101010000,외과,0,3,4,6,7
9d49510a-f03e-11ef-9d3b-010101010000,내과,0,2,2,2,2
9d4ad7ab-f03e-11ef-ba02-010101010000,피부과,0,1,2,2,3
9d4c1029-f03e-11ef-9661-010101010000,내과,0,4,3,3,3
9d4e330e-f03e-11ef-90c4-010101010000,피부과,1,60,61,63,97
9d52ac87-f03e-11ef-a559-010101010000,내과,0,4,6,4,6
9d5321b1-f03e-11ef-881e-010101010000,내과,1,31,33,23,32
9d5396e0-f03e-11ef-bdad-010101010000,내과,0,1,1,3,2
9d54cf63-f03e-11ef-b9a6-010101010000,내과,1,1,1,1,1
9d565607-f03e-11ef-a419-010101010000,내과,1,1,1,1,1
9d57b594-f03e-11ef-b45c-010101010000,내과,0,1,1,1,2
9d57dcb8-f03e-11ef-9fce-010101010000,내과,0,43,29,59,46
9d591528-f03e-11ef-b718-010101010000,외과,1,2,3,2,3
9d591529-f03e-11ef-976b-010101010000,내과,1,1,1,1,1
9d593c3f-f03e-11ef-b2d4-010101010000,내과,0,1,1,1,1
9d5a269b-f03e-11ef-8e51-010101010000,내과,1,4,4,4,4
9d5a9bc2-f03e-11ef-a643-010101010000,외과,0,4,5,1,1
9d5e9369-f03e-11ef-b93e-010101010000,내과,1,1,1,1,1
9d5ee189-f03e-11ef-9ac8-010101010000,내과,0,1,1,1,1
9d60b688-f03e-11ef-91e3-010101010000,내과,0,1,1,1,1
9d61d730-f03e-11ef-824e-010101010000,내과,1,1,1,1,1
9d624c6d-f03e-11ef-a747-010101010000,외과,1,1,1,1,1
9d68b502-f03e-11ef-8e8a-010101010000,피부과,0,1,1,1,2
9d699f66-f03e-11ef-bdf2-010101010000,외과,0,2,2,2,2
9d6be956-f03e-11ef-98e7-010101010000,내과,0,2,3,3,3
9d6cfac3-f03e-11ef-b944-010101010000,내과,1,28,39,43,55
9d6d48e0-f03e-11ef-86d7-010101010000,내과,0,6,6,5,7
9d6e3349-f03e-11ef-87ef-010101010000,외과,1,1,1,1,1
9d6f92ff-f03e-11ef-b07d-010101010000,내과,0,1,1,1,1
9d705657-f03e-11ef-9943-010101010000,외과,0,719,553,592,803
9d70dfb4-f03e-11ef-9930-010101010000,외과,0,1,1,1,1
9d732994-f03e-11ef-901f-010101010000,내과,0,1,2,2,1
9d75e8bb-f03e-11ef-b736-010101010000,피부과,1,136,146,111,108
9d76ac0d-f03e-11ef-81fd-010101010000,내과,0,2,2,2,2
9d776f57-f03e-11ef-8d00-010101010000,외과,0,9,10,11,15
9d7c033a-f03e-11ef-9055-010101010000,내과,0,15,37,44,55
9d7c786c-f03e-11ef-b52d-010101010000,피부과,0,34,44,50,56
9d7c9f75-f03e-11ef-a87e-010101010000,내과,0,1,1,1,1
9d7cc67f-f03e-11ef-ad91-010101010000,외과,0,1,1,1,1
9d7ee98f-f03e-11ef-850d-010101010000,내과,1,2,2,2,2
9d7fd3e6-f03e-11ef-a802-010101010000,치과,0,1,1,1,1
9d8034d6-f03e-11ef-ab5b-010101010000,피부과,0,1,1,1,1
9d805beb-f03e-11ef-9b72-010101010000,피부과,0,1,1,1,2
9d827ebf-f03e-11ef-9563-010101010000,외과,0,3,3,4,6
9d847a93-f03e-11ef-8487-010101010000,피부과,1,15,15,14,13
9d8516dc-f03e-11ef-9d42-010101010000,내과,0,6,4,1,5
9d858c08-f03e-11ef-a007-010101010000,외과,1,31,35,41,57
9d89358d-f03e-11ef-bf66-010101010000,내과,0,1,1,1,1
9d8b7f7c-f03e-11ef-ac57-010101010000,내과,0,1,1,1,1
9d946d83-f03e-11ef-b868-010101010000,내과,1,831,676,540,883
9d96de76-f03e-11ef-8773-010101010000,내과,1,1,1,1,1
9d977abd-f03e-11ef-aa64-010101010000,내과,1,1,1,1,1
9d992865-f03e-11ef-84b4-010101010000,외과,0,6,6,7,8
9d9cf92b-f03e-11ef-a1dc-010101010000,외과,1,1,1,1,1
9d9d4755-f03e-11ef-abff-010101010000,외과,0,1,1,1,1
9d9d6e58-f03e-11ef-a662-010101010000,피부과,0,1,1,2,2
9da0688b-f03e-11ef-b270-010101010000,치과,0,29,25,25,34
9da52373-f03e-11ef-9cd3-010101010000,외과,0,3,3,3,3
9db05b15-f03e-11ef-ab5b-010101010000,외과,0,1,1,1,1
9db27dfc-f03e-11ef-8bd3-010101010000,외과,1,2,1,2,1
9db4a0eb-f03e-11ef-9c4a-010101010000,치과,0,1,1,1,1
9dba4626-f03e-11ef-8829-010101010000,피부과,0,3,3,4,5
9dbd67c6-f03e-11ef-a043-010101010000,외과,1,1,1,1,1
9dc779e0-f03e-11ef-983c-010101010000,외과,0,25,14,18,32
9dc99cc0-f03e-11ef-b6a4-010101010000,외과,1,8,13,13,11
9dcaae5c-f03e-11ef-8f4e-010101010000,안과,0,1,1,1,1
9dcbe6de-f03e-11ef-9f36-010101010000,외과,1,534,453,471,593
9dcce53d-f03e-11ef-ae77-010101010000,외과,1,2,2,1,1
9dce6bfb-f03e-11ef-8d51-010101010000,치과,0,24,29,31,36
9dcf5639-f03e-11ef-92ce-010101010000,안과,1,1,1,1,1
9dd08ed0-f03e-11ef-9821-010101010000,외과,0,2,2,3,2
9dd76c80-f03e-11ef-8bef-010101010000,외과,0,734,715,812,637
9dd9689e-f03e-11ef-9cb2-010101010000,피부과,1,4,4,4,4
9de192f3-f03e-11ef-a3bf-010101010000,외과,1,8,12,23,22
9de674e7-f03e-11ef-a148-010101010000,외과,0,1,1,1,1
9deb923c-f03e-11ef-a3ad-010101010000,외과,0,1,1,2,2
9ded6715-f03e-11ef-bb3b-010101010000,외과,1,77,67,52,74
9ded8e04-f03e-11ef-a281-010101010000,피부과,0,1,1,1,1
9dee2a55-f03e-11ef-9f69-010101010000,내과,1,68,44,42,48
9df3cf92-f03e-11ef-a5e8-010101010000,외과,1,2,2,2,2
9dfd0b6e-f03e-11ef-a753-010101010000,외과,1,6,9,8,5
9dfe43e4-f03e-11ef-aa95-010101010000,외과,0,1301,1214,1244,1275
9e02b0b8-f03e-11ef-bc91-010101010000,외과,1,14,21,21,20
9e03e940-f03e-11ef-9ce0-010101010000,안과,1,28,28,15,21
9e0548ce-f03e-11ef-b45f-010101010000,외과,1,1,1,1,1
9e306527-f03e-11ef-88a7-010101010000,안과,1,1,1,1,1
9e3ea9e7-f03e-11ef-9b9b-010101010000,외과,1,560,666,708,653
9e3fbb50-f03e-11ef-81ed-010101010000,외과,0,1,1,1,1
9e419012-f03e-11ef-b6d9-010101010000,피부과,0,1,1,1,1
9e41de34-f03e-11ef-be53-010101010000,외과,0,2,2,3,5
9e496c97-f03e-11ef-a55e-010101010000,외과,1,13,19,13,27
9e4e75b4-f03e-11ef-882b-010101010000,내과,1,5,5,5,4
9e50e6ab-f03e-11ef-92f6-010101010000,외과,0,1,1,1,1
9e526d63-f03e-11ef-8c53-010101010000,외과,1,4,5,4,5
9e640543-f03e-11ef-afec-010101010000,안과,0,1,1,1,1
9e64a172-f03e-11ef-84dd-010101010000,치과,0,1,1,1,1
9e6523d6-f03e-11ef-aabb-010101010000,피부과,0,1,1,1,1
9e67e2f6-f03e-11ef-a9f5-010101010000,외과,0,520,423,439,744
9e6f0eea-f03e-11ef-80df-010101010000,외과,1,1,1,1,1
9e71ce12-f03e-11ef-a937-010101010000,외과,1,41,48,50,34
9e7a6dc2-f03e-11ef-adde-010101010000,외과,1,8,12,13,9
9e7bcd57-f03e-11ef-931b-010101010000,외과,0,1,1,1,1
9e7c1b73-f03e-11ef-b507-010101010000,외과,1,1,1,1,1
9e7e3e5c-f03e-11ef-8a36-010101010000,외과,1,2,2,1,1
9e7e8c77-f03e-11ef-9cef-010101010000,외과,1,20,29,47,24
9e7f76dc-f03e-11ef-96b9-010101010000,피부과,0,2,2,2,2
9e82ab6a-f03e-11ef-a1a1-010101010000,피부과,0,1,1,1,1
9e848485-f03e-11ef-b241-010101010000,외과,1,4,6,6,5
9e8a02c5-f03e-11ef-8033-010101010000,외과,1,2,2,2,2
9e8e4888-f03e-11ef-bafc-010101010000,외과,1,169,163,183,168
9e92406c-f03e-11ef-92f7-010101010000,피부과,0,1,1,1,1
9e94ec58-f03e-11ef-970f-010101010000,내과,1,3,3,2,4
9e98209f-f03e-11ef-878e-010101010000,외과,1,1,1,1,1
9e9a4399-f03e-11ef-8d03-010101010000,피부과,1,1,1,1,1
9e9dc5f2-f03e-11ef-93dc-010101010000,외과,0,2,2,2,2
9e9e3b1d-f03e-11ef-b72e-010101010000,외과,0,1,1,1,1
9ea41bc2-f03e-11ef-bafe-010101010000,외과,1,30,33,40,40
9ea469d7-f03e-11ef-bbe6-010101010000,내과,0,1,1,1,1
9ea55436-f03e-11ef-b06e-010101010000,치과,0,1,1,1,1
9ea5a25b-f03e-11ef-9d74-010101010000,피부과,1,1,1,1,1
9eab2096-f03e-11ef-80b1-010101010000,피부과,1,48,51,47,46
9eb029e6-f03e-11ef-817b-010101010000,안과,1,2,2,3,3
9eb2a413-f03e-11ef-8b55-010101010000,외과,0,97,92,102,104
9eb78615-f03e-11ef-ba60-010101010000,외과,0,1,1,1,1
9eb9f712-f03e-11ef-bc62-010101010000,치과,1,4,2,4,4
9ec0e13a-f03e-11ef-903f-010101010000,외과,0,6,6,7,8
9ec219b4-f03e-11ef-8229-010101010000,안과,0,1,1,1,1
9ec35231-f03e-11ef-a48e-010101010000,안과,1,1,1,1,1
9ec4b1c8-f03e-11ef-9267-010101010000,외과,0,1,1,1,1
9ec5c331-f03e-11ef-add5-010101010000,피부과,1,14,14,19,11
9ec61155-f03e-11ef-8fcb-010101010000,내과,1,1,1,1,1
9ec8f787-f03e-11ef-9e2b-010101010000,치과,1,5,5,5,5
9ecec410-f03e-11ef-b661-010101010000,외과,0,1,1,1,1
9eceeb21-f03e-11ef-9b6d-010101010000,안과,0,43,48,47,53
9ed4f27f-f03e-11ef-a3a7-010101010000,외과,0,1,1,1,1
9ed7b186-f03e-11ef-9549-010101010000,외과,1,11,13,17,29
9edcbaa8-f03e-11ef-96df-010101010000,내과,1,1,1,1,1
9edf3ff3-f03e-11ef-bdee-010101010000,외과,0,1,1,1,1
9ee0ed9a-f03e-11ef-a3e4-010101010000,내과,0,2,2,3,2
9ee31074-f03e-11ef-b219-010101010000,외과,1,1,1,1,1
9ee5f6a6-f03e-11ef-a682-010101010000,외과,0,3,3,3,3
9ee72f2b-f03e-11ef-92a1-010101010000,치과,1,2,1,1,2
9ee9791d-f03e-11ef-8a39-010101010000,외과,1,1,1,1,1
9eec1132-f03e-11ef-973e-010101010000,내과,1,1,1,1,1
9eed70e4-f03e-11ef-a731-010101010000,외과,1,37,39,39,38
9ef12e55-f03e-11ef-b331-010101010000,외과,1,134,158,142,173
9ef6ac9f-f03e-11ef-b903-010101010000,외과,1,13,17,17,14
9ef8f68a-f03e-11ef-876d-010101010000,안과,1,18,18,21,24
9ef9b9dd-f03e-11ef-a95e-010101010000,치과,1,1,1,1,1
9efa07fe-f03e-11ef-8516-010101010000,외과,1,11,13,7,11
9efa7d2d-f03e-11ef-942b-010101010000,외과,1,2,2,2,2
9efc522d-f03e-11ef-8bff-010101010000,외과,1,1,1,1,1
9effc1a5-f03e-11ef-adf3-010101010000,외과,1,7,6,6,4
9f005de9-f03e-11ef-aac1-010101010000,외과,0,1,1,1,1
9f02329f-f03e-11ef-aa1f-010101010000,외과,1,5,4,4,9
9f0259b3-f03e-11ef-8621-010101010000,안과,1,1,1,1,1
9f05dc20-f03e-11ef-b84d-010101010000,안과,0,1,1,1,1
9f0714a1-f03e-11ef-8f06-010101010000,피부과,1,18,27,25,20
9f09859d-f03e-11ef-ba93-010101010000,안과,0,1,1,1,1
9f0d0d0b-f03e-11ef-9eb2-010101010000,치과,0,1,1,1,1
9f0d3417-f03e-11ef-8c55-010101010000,외과,0,1,1,1,1
9f0d5b27-f03e-11ef-a28a-010101010000,외과,1,210,240,227,355
9f0d5b28-f03e-11ef-9c13-010101010000,외과,0,59,62,76,57
9f0ff323-f03e-11ef-abfc-010101010000,외과,0,1,1,1,1
9f101a33-f03e-11ef-b1d2-010101010000,외과,1,1,1,1,1
9f12d973-f03e-11ef-b09f-010101010000,치과,1,19,26,33,51
9f1375b3-f03e-11ef-bea8-010101010000,외과,0,26,27,23,21
9f13c3e3-f03e-11ef-8816-010101010000,안과,1,1,1,1,1
9f1438f2-f03e-11ef-a814-010101010000,외과,0,1,1,1,1
9f14ae1b-f03e-11ef-ab4e-010101010000,피부과,0,1,1,2,2
9f176d4e-f03e-11ef-bf16-010101010000,외과,0,1,1,1,1
9f17bb5e-f03e-11ef-95bb-010101010000,내과,0,1,1,1,1
9f1941f5-f03e-11ef-a2ea-010101010000,안과,0,1,1,1,1
9f1b1725-f03e-11ef-942f-010101010000,외과,0,1,1,1,2
9f1db13e-f03e-11ef-a75d-010101010000,외과,0,1,1,1,1
9f1fad09-f03e-11ef-9766-010101010000,외과,0,1,1,1,1
9f1ffb2a-f03e-11ef-bf58-010101010000,외과,1,2,2,2,2
9f20e58d-f03e-11ef-b9ae-010101010000,외과,1,1,1,2,1
9f22ba3b-f03e-11ef-8281-010101010000,피부과,1,3,3,3,3
9f230853-f03e-11ef-86b3-010101010000,외과,0,7,6,12,8
9f230854-f03e-11ef-baf1-010101010000,피부과,1,1,1,1,1
9f2440ee-f03e-11ef-8e31-010101010000,외과,0,1,1,1,1
9f263c9c-f03e-11ef-b873-010101010000,외과,0,41,42,65,53
9f26b1ca-f03e-11ef-8570-010101010000,외과,0,1,1,1,1
9f277523-f03e-11ef-92cb-010101010000,외과,0,1,1,1,1
9f2a829e-f03e-11ef-8172-010101010000,외과,1,20,23,29,36
9f2af7ee-f03e-11ef-a514-010101010000,피부과,0,1,1,1,1
9f2e2f09-f03e-11ef-b72d-010101010000,외과,0,1,1,1,1
9f3226bb-f03e-11ef-a1ff-010101010000,안과,1,10,12,10,11
9f32c2dc-f03e-11ef-bdfe-010101010000,외과,0,2,2,3,3
9f36ba86-f03e-11ef-b72b-010101010000,안과,1,3,3,3,5
9f37f317-f03e-11ef-b206-010101010000,외과,0,32,33,28,37
9f38b691-f03e-11ef-85d6-010101010000,피부과,0,12,15,19,26
9f3979b6-f03e-11ef-a879-010101010000,외과,1,2,2,2,2
9f39a0cc-f03e-11ef-a4d7-010101010000,외과,1,1,1,1,2
9f3f0bfb-f03e-11ef-8937-010101010000,외과,1,13,17,17,18
9f3fa83b-f03e-11ef-b892-010101010000,안과,1,1,1,1,1
9f401d6f-f03e-11ef-a425-010101010000,내과,0,1,1,1,1
9f412ede-f03e-11ef-8fc0-010101010000,외과,0,1,1,1,1
9f45c2be-f03e-11ef-a6ca-010101010000,내과,0,4,4,6,6
9f48a918-f03e-11ef-809b-010101010000,피부과,0,2,2,2,2
9f491e54-f03e-11ef-9cc7-010101010000,피부과,1,2,2,2,2
9f496c6a-f03e-11ef-8a47-010101010000,피부과,0,1,1,1,1
9f49ba86-f03e-11ef-9cdb-010101010000,피부과,1,7,9,12,12
9f4a91b2-f03e-11ef-8ec3-010101010000,피부과,0,19,32,40,30
9f4ba31d-f03e-11ef-9534-010101010000,외과,0,2,2,2,2
9f4cb490-f03e-11ef-8398-010101010000,외과,0,2,3,2,2
9f519690-f03e-11ef-b492-010101010000,안과,0,6,7,7,3
9f51bdbc-f03e-11ef-a870-010101010000,외과,1,66,61,63,75
9f528105-f03e-11ef-82c2-010101010000,외과,0,1,1,1,1
9f5455ce-f03e-11ef-9a13-010101010000,외과,1,3,3,3,4
9f547cda-f03e-11ef-bcdb-010101010000,피부과,0,1,1,1,1
9f547cdc-f03e-11ef-ab33-010101010000,치과,1,16,19,19,19
9f56eddf-f03e-11ef-95e5-010101010000,외과,0,1,1,1,1
9f571538-f03e-11ef-a603-010101010000,외과,0,9,8,7,7
9f594baf-f03e-11ef-8126-010101010000,외과,0,27,28,29,35
9f5b20b5-f03e-11ef-9869-010101010000,외과,1,13,10,11,10
9f5b47c3-f03e-11ef-b3d0-010101010000,외과,1,1,1,1,1
9f6050df-f03e-11ef-98a9-010101010000,외과,1,1,1,1,1
9f6532bf-f03e-11ef-ae8c-010101010000,외과,0,1,1,1,2
9f67f225-f03e-11ef-9b8e-010101010000,외과,0,2,3,3,7
9f69659c-f03e-11ef-a914-010101010000,외과,1,352,305,299,260
9f6ac53d-f03e-11ef-95f0-010101010000,외과,1,796,802,885,947
9f6bfd9e-f03e-11ef-9960-010101010000,외과,1,28,47,39,24
9f6c24ae-f03e-11ef-bc91-010101010000,외과,0,6,6,6,14
9f6ce81d-f03e-11ef-b13c-010101010000,외과,0,1,1,1,1
9f6d362a-f03e-11ef-9a4b-010101010000,외과,0,1,1,1,1
9f6d5d2f-f03e-11ef-8023-010101010000,외과,1,1,1,1,1
9f6dd25b-f03e-11ef-b23c-010101010000,외과,0,1,1,1,1
9f6df98a-f03e-11ef-ae5b-010101010000,외과,0,17,22,19,23
9f6ebcda-f03e-11ef-b4df-010101010000,외과,1,1,1,1,1
9f6ebcdb-f03e-11ef-bbb3-010101010000,외과,0,4,4,4,4
9f6f591c-f03e-11ef-855d-010101010000,외과,1,6,6,7,5
9f701c4e-f03e-11ef-af75-010101010000,외과,0,1,1,1,1
9f754c71-f03e-11ef-8489-010101010000,치과,0,18,25,36,30
9f76850f-f03e-11ef-9699-010101010000,피부과,0,3,3,4,5
9f781340-f03e-11ef-a329-010101010000,외과,0,5,5,8,7
9f78af7e-f03e-11ef-8369-010101010000,피부과,1,31,35,39,31
9f7b6ea2-f03e-11ef-96bb-010101010000,외과,1,11,11,11,15
9f7d1c4b-f03e-11ef-adb8-010101010000,외과,0,2,2,2,2
9f822558-f03e-11ef-8c49-010101010000,외과,0,9,8,7,8
9f838502-f03e-11ef-9c6a-010101010000,피부과,1,1,1,1,1
9f8532f5-f03e-11ef-87f8-010101010000,외과,1,1,1,1,3
9f892ed4-f03e-11ef-886a-010101010000,피부과,0,2,2,2,2
9f897cf3-f03e-11ef-8194-010101010000,외과,1,11,10,10,11
9f89f222-f03e-11ef-beb1-010101010000,외과,0,1,1,1,1
9f8a8e44-f03e-11ef-95cf-010101010000,외과,0,2,3,2,2
9f9081cd-f03e-11ef-b61d-010101010000,외과,0,2,2,2,3
9f9319df-f03e-11ef-9804-010101010000,외과,1,1,1,1,1
9f947996-f03e-11ef-ba23-010101010000,내과,0,1,1,1,4
9f94a0b2-f03e-11ef-8fdb-010101010000,외과,0,1,1,1,1
9f94eec6-f03e-11ef-9099-010101010000,외과,1,1,1,1,1
9f964e77-f03e-11ef-a17b-010101010000,외과,1,47,39,67,71
9f969ec5-f03e-11ef-8ed4-010101010000,내과,0,1,1,1,1
9f96c5d0-f03e-11ef-be37-010101010000,내과,0,1,1,1,1
9f9761fc-f03e-11ef-b0c9-010101010000,내과,0,1,1,1,1
9f978910-f03e-11ef-9f59-010101010000,피부과,0,1,1,1,1
9f97b019-f03e-11ef-b5e8-010101010000,내과,0,1,1,1,1
9f984c5c-f03e-11ef-8dec-010101010000,외과,0,2,2,2,2
9f9a213c-f03e-11ef-9cec-010101010000,외과,0,1,1,1,1
9f9abd65-f03e-11ef-a5ef-010101010000,내과,1,1,1,1,1
9f9b0b8a-f03e-11ef-93fe-010101010000,외과,1,7,12,17,21
9f9bced2-f03e-11ef-834c-010101010000,외과,1,36,36,27,33
9f9d074d-f03e-11ef-9ed8-010101010000,내과,1,1,1,1,1
9f9dcaab-f03e-11ef-bafe-010101010000,내과,0,1,1,1,1
9f9e66ee-f03e-11ef-8197-010101010000,내과,0,1,1,1,1
9fa01c1a-f03e-11ef-86a7-010101010000,내과,0,2,3,3,2
9fa3c602-f03e-11ef-aacf-010101010000,외과,0,4,4,4,4
9fa3c604-f03e-11ef-93c3-010101010000,내과,0,1,1,1,1
9fa3ed1f-f03e-11ef-8a5a-010101010000,내과,1,2,2,2,2
9fa4140d-f03e-11ef-bc6e-010101010000,외과,0,1,1,1,1
9fa4fe84-f03e-11ef-a739-010101010000,피부과,1,2,2,2,2
9fa54c8d-f03e-11ef-b10f-010101010000,내과,0,1,1,1,1
9fa5c48f-f03e-11ef-8a8d-010101010000,내과,0,1,1,1,1
9fa7c05c-f03e-11ef-a746-010101010000,치과,1,1315,1600,1646,1819
9fa92001-f03e-11ef-b097-010101010000,외과,1,1,1,1,1
9faa316b-f03e-11ef-97e1-010101010000,내과,0,1,1,1,1
9faaf4b5-f03e-11ef-a059-010101010000,내과,1,223,215,189,174
9fac0621-f03e-11ef-8d48-010101010000,내과,0,12,13,14,12
9fac546b-f03e-11ef-bf9d-010101010000,외과,0,1,1,1,1
9fac7b51-f03e-11ef-9b0e-010101010000,내과,0,1,1,1,1
9faca25d-f03e-11ef-b97b-010101010000,내과,1,142,160,141,168
9facf0a8-f03e-11ef-ac3c-010101010000,내과,0,1,1,1,1
9fad43c4-f03e-11ef-947a-010101010000,내과,0,1,1,1,1
9fae7721-f03e-11ef-98e9-010101010000,내과,0,1,1,1,1
9fae9e30-f03e-11ef-9d93-010101010000,내과,1,1,1,1,1
9faf3a76-f03e-11ef-85e0-010101010000,내과,0,1,1,1,1
9faf8891-f03e-11ef-8c25-010101010000,외과,0,1,1,1,1
9fafd6a7-f03e-11ef-b446-010101010000,외과,0,1,1,1,1
9fb1ab73-f03e-11ef-8518-010101010000,내과,0,1,1,1,1
9fb30b25-f03e-11ef-9595-010101010000,외과,1,5,5,5,5
9fb41c93-f03e-11ef-8f6d-010101010000,내과,0,1,1,1,1
9fb46aab-f03e-11ef-b337-010101010000,외과,1,7,7,7,7
9fb6680d-f03e-11ef-8395-010101010000,외과,0,1,1,1,1
9fb6b62f-f03e-11ef-bced-010101010000,외과,1,293,321,337,275
9fb70454-f03e-11ef-9d45-010101010000,안과,0,1,1,1,1
9fb7c7c2-f03e-11ef-8178-010101010000,안과,0,7,6,8,7
9fb8d931-f03e-11ef-a247-010101010000,피부과,0,1,1,1,1
9fba11b1-f03e-11ef-b09a-010101010000,내과,0,1,1,1,1
9fbb7149-f03e-11ef-beab-010101010000,안과,1,1,1,1,1
9fbc0d82-f03e-11ef-ac22-010101010000,내과,0,1,1,1,1
9fbf1ad7-f03e-11ef-9b72-010101010000,내과,1,344,457,284,341
9fbf41d3-f03e-11ef-a473-010101010000,내과,0,2,2,3,2
9fbf68e2-f03e-11ef-a346-010101010000,외과,0,1,1,1,1
9fbfb709-f03e-11ef-8eb0-010101010000,외과,1,6,6,6,6
9fc07a54-f03e-11ef-9206-010101010000,내과,1,2,2,2,2
9fc0a16d-f03e-11ef-b55b-010101010000,치과,0,1,1,1,1
9fc1d9e5-f03e-11ef-b5d2-010101010000,내과,0,5,3,2,6
9fc2c489-f03e-11ef-88ba-010101010000,내과,0,1,1,1,1
9fc312a8-f03e-11ef-9320-010101010000,내과,0,1,1,1,1
9fc3fd0c-f03e-11ef-9a07-010101010000,내과,0,1,1,1,1
9fc49c48-f03e-11ef-8fd8-010101010000,내과,1,189,197,212,166
9fc4ea68-f03e-11ef-87ac-010101010000,내과,0,1,1,1,1
9fc893ce-f03e-11ef-b67d-010101010000,내과,0,1,1,1,1
9fc8bada-f03e-11ef-8ed1-010101010000,내과,0,1,1,1,1
9fc908f8-f03e-11ef-aafd-010101010000,내과,1,1,1,1,1
9fcb2be3-f03e-11ef-b5c5-010101010000,외과,1,11,13,7,8
9fcc8b79-f03e-11ef-bcb7-010101010000,외과,1,1,1,1,1
9fcc8b7a-f03e-11ef-a6f8-010101010000,내과,0,1,1,1,1
9fce391f-f03e-11ef-8d0a-010101010000,외과,0,47,51,51,43
9fce6031-f03e-11ef-afb5-010101010000,내과,0,241,230,267,271
9fceae4c-f03e-11ef-ac63-010101010000,외과,1,5,3,3,5
9fd00dd7-f03e-11ef-8120-010101010000,내과,0,110,86,67,151
9fd0830c-f03e-11ef-ba89-010101010000,내과,0,14,13,13,15
9fd0d129-f03e-11ef-8539-010101010000,외과,1,3,3,3,4
9fd1e2bd-f03e-11ef-8ec0-010101010000,내과,1,1,1,2,2
9fd394bd-f03e-11ef-b520-010101010000,외과,1,2,2,2,1
9fd3e2cf-f03e-11ef-8f65-010101010000,내과,1,114,170,164,246
9fd56997-f03e-11ef-bef1-010101010000,피부과,0,1,1,1,1
9fd5dec7-f03e-11ef-b7c4-010101010000,외과,0,1,1,1,1
9fd605e2-f03e-11ef-9211-010101010000,외과,0,1,1,1,1
9fd7da97-f03e-11ef-8189-010101010000,내과,0,1,1,1,1
9fd801a2-f03e-11ef-be39-010101010000,내과,0,3,3,7,4
9fd876bc-f03e-11ef-889f-010101010000,외과,0,1,1,1,1
9fd89dd0-f03e-11ef-b42b-010101010000,내과,1,1,1,1,1
9fd8c4e2-f03e-11ef-947d-010101010000,치과,1,1,1,2,1
9fda2466-f03e-11ef-834f-010101010000,외과,1,310,312,319,316
9fda9997-f03e-11ef-87b4-010101010000,외과,1,16,16,13,35
9fdb0ec9-f03e-11ef-ad2d-010101010000,내과,0,1,1,1,1
9fdd58c7-f03e-11ef-b807-010101010000,내과,0,2,1,1,2
9fdda6d1-f03e-11ef-8673-010101010000,외과,1,5,5,4,6
9fde6a2c-f03e-11ef-aad1-010101010000,안과,1,7,6,5,6
9fdf7b95-f03e-11ef-96b2-010101010000,내과,1,1,1,1,1
9fdff0ca-f03e-11ef-b784-010101010000,안과,1,17,18,24,22
9fe03eea-f03e-11ef-b270-010101010000,내과,1,1,1,1,1
9fe0b44f-f03e-11ef-8978-010101010000,외과,0,1,1,1,1
9fe1297f-f03e-11ef-8732-010101010000,안과,0,2,2,2,1
9fe17797-f03e-11ef-ad2f-010101010000,내과,0,1,1,1,1
9fe1c5c4-f03e-11ef-a5f1-010101010000,내과,1,1,1,1,1
9fe2890c-f03e-11ef-8cfe-010101010000,안과,1,4,4,4,2
9fe32d55-f03e-11ef-badb-010101010000,내과,0,1,1,1,1
9fe35467-f03e-11ef-9186-010101010000,내과,0,6,4,2,3
9fe417ab-f03e-11ef-b6a0-010101010000,외과,1,4,4,4,3
9fe6d6cf-f03e-11ef-8028-010101010000,안과,1,38,44,54,62
9fe6fdde-f03e-11ef-ac07-010101010000,내과,0,1,1,1,1
9fe80f45-f03e-11ef-a410-010101010000,외과,1,3,3,2,3
9fe8849e-f03e-11ef-92fb-010101010000,내과,0,1,1,1,1
9fe8d2bc-f03e-11ef-899b-010101010000,내과,1,1,1,1,1
9feca346-f03e-11ef-b739-010101010000,내과,0,2,2,2,3
9fed1875-f03e-11ef-8a8c-010101010000,외과,1,4,3,4,5
9fed3f89-f03e-11ef-a029-010101010000,안과,1,1,1,1,1
9fee02c1-f03e-11ef-ac0f-010101010000,내과,0,2,2,2,2
9fef895c-f03e-11ef-969a-010101010000,피부과,1,1,1,1,1
9feffeb0-f03e-11ef-9680-010101010000,치과,0,2,2,2,3
9ff1ac5c-f03e-11ef-9d61-010101010000,내과,0,1,1,1,1
9ff1d36c-f03e-11ef-90b3-010101010000,치과,1,1,1,1,1
9ff2e68d-f03e-11ef-97da-010101010000,외과,0,1,1,1,1
9ff3f7fb-f03e-11ef-8301-010101010000,내과,0,21,20,22,25
9ff55796-f03e-11ef-8e99-010101010000,내과,1,3,3,3,3
9ff5a5a7-f03e-11ef-983e-010101010000,내과,1,1,1,1,1
9ff5ccb9-f03e-11ef-8873-010101010000,피부과,1,1,1,1,1
9ff69007-f03e-11ef-aefe-010101010000,외과,0,1,1,1,1
9ff77a6a-f03e-11ef-910b-010101010000,외과,0,26,24,23,25
9ff7c88d-f03e-11ef-a679-010101010000,내과,1,1,1,1,1
9ff864c7-f03e-11ef-be4e-010101010000,내과,0,1,1,1,1
9ff8b2eb-f03e-11ef-ac8c-010101010000,내과,0,2,2,2,4
9ff9010a-f03e-11ef-b0a4-010101010000,내과,0,1,1,1,1
9ff92819-f03e-11ef-919a-010101010000,내과,0,1,1,1,1
9ff9eb6e-f03e-11ef-9188-010101010000,내과,0,1,1,1,1
9ffa398b-f03e-11ef-bdc3-010101010000,내과,1,1,1,1,1
9ffa87b2-f03e-11ef-bc83-010101010000,내과,0,2,2,2,2
9ffb23e8-f03e-11ef-81da-010101010000,내과,0,129,167,216,207
9ffc355e-f03e-11ef-b7eb-010101010000,내과,0,2,3,2,2
9ffc8376-f03e-11ef-bc1e-010101010000,외과,1,50,48,43,50
9ffd1fba-f03e-11ef-ae23-010101010000,내과,0,1,1,1,1
9ffde30b-f03e-11ef-b441-010101010000,내과,0,1,1,1,1
9ffe7f49-f03e-11ef-8d03-010101010000,외과,0,6,7,7,7
9fff69f6-f03e-11ef-8ad8-010101010000,내과,0,5,5,5,7
9fff9104-f03e-11ef-afe3-010101010000,내과,0,1,1,1,1
a0005458-f03e-11ef-a517-010101010000,안과,0,1,1,1,1
a0013eac-f03e-11ef-890d-010101010000,내과,1,98,96,85,101
a0019411-f03e-11ef-922a-010101010000,내과,1,1,1,1,1
a001bb1d-f03e-11ef-82a6-010101010000,내과,0,1,1,1,1
a0020958-f03e-11ef-86c0-010101010000,내과,1,6,6,6,5
a0023056-f03e-11ef-a41b-010101010000,피부과,0,1,1,1,1
a0023057-f03e-11ef-94d6-010101010000,피부과,0,1,1,1,1
a002575f-f03e-11ef-88bb-010101010000,내과,1,1,1,1,1
a002a580-f03e-11ef-9d14-010101010000,내과,0,3,3,2,2
a002cc99-f03e-11ef-8492-010101010000,내과,1,6,6,6,8
a004a159-f03e-11ef-89e7-010101010000,내과,1,15,15,21,15
a004c862-f03e-11ef-8cf5-010101010000,내과,0,1,1,1,1
a0058bb0-f03e-11ef-8e59-010101010000,외과,0,1,1,1,1
a005b2c0-f03e-11ef-a8f8-010101010000,내과,0,1,1,1,1
a00823bd-f03e-11ef-a769-010101010000,외과,0,2,2,1,2
a00c1b46-f03e-11ef-ab6c-010101010000,내과,0,1,1,1,1
a00f9081-f03e-11ef-af93-010101010000,내과,1,3,4,4,3
a00fb78e-f03e-11ef-b128-010101010000,내과,1,91,115,160,136
a0107ae0-f03e-11ef-aa0d-010101010000,피부과,1,1,1,1,1
a0107ae1-f03e-11ef-9dc5-010101010000,피부과,0,1,1,1,1
a010cea5-f03e-11ef-90e4-010101010000,내과,0,1,1,1,1
a010f5b2-f03e-11ef-b53e-010101010000,내과,0,1,1,1,1
a010f5b3-f03e-11ef-b9db-010101010000,내과,0,1,1,1,1
a011b930-f03e-11ef-8360-010101010000,내과,1,614,616,644,744
a011e016-f03e-11ef-ac66-010101010000,피부과,0,1,1,1,1
a0122e37-f03e-11ef-9380-010101010000,내과,1,4,4,3,4
a0125543-f03e-11ef-9d4a-010101010000,내과,1,5336,5121,4797,5842
a0127c56-f03e-11ef-b594-010101010000,내과,0,2,2,2,1
a012f184-f03e-11ef-843e-010101010000,피부과,0,1,1,1,1
a0133fa0-f03e-11ef-83b7-010101010000,피부과,0,1,1,1,1
a013b4db-f03e-11ef-8994-010101010000,내과,1,2,2,2,1
a014782b-f03e-11ef-83b2-010101010000,내과,0,1,1,1,1
a01625d1-f03e-11ef-bbcd-010101010000,피부과,0,2847,3310,2788,3911
a0164cf3-f03e-11ef-897d-010101010000,외과,1,131,128,108,100
a0169b05-f03e-11ef-8587-010101010000,치과,1,7,9,12,15
a01896dc-f03e-11ef-aaf8-010101010000,안과,1,120,148,137,149
a0195a29-f03e-11ef-982f-010101010000,외과,1,14,15,13,8
a01ae0c0-f03e-11ef-9818-010101010000,내과,0,2,3,2,3
a01b7d04-f03e-11ef-8ebb-010101010000,내과,0,35,70,78,95
a01c405d-f03e-11ef-9263-010101010000,내과,1,7,12,11,5
a01c6765-f03e-11ef-aa95-010101010000,내과,0,1,1,1,1
a01d2ab4-f03e-11ef-a042-010101010000,내과,0,1,1,2,2
a01d51c2-f03e-11ef-8f5a-010101010000,외과,0,1,1,1,1
a01ed888-f03e-11ef-84be-010101010000,외과,0,74,68,72,79
a01f9bdc-f03e-11ef-9d24-010101010000,외과,1,27,27,30,33
a020b1ab-f03e-11ef-8f54-010101010000,피부과,1,6,7,9,5
a020d8bb-f03e-11ef-bd1e-010101010000,외과,1,49,40,38,62
a02126d9-f03e-11ef-862d-010101010000,내과,0,3,4,4,4
a02126da-f03e-11ef-aa8f-010101010000,외과,0,1,1,1,1
a0214dec-f03e-11ef-b290-010101010000,내과,1,1,1,1,1
a021ea2c-f03e-11ef-9b6f-010101010000,내과,0,1,2,2,1
a02349bb-f03e-11ef-b4d0-010101010000,내과,1,77,73,117,121
a02370ca-f03e-11ef-ad51-010101010000,내과,1,130,155,168,110
a023beea-f03e-11ef-a6e8-010101010000,내과,0,1,1,1,1
a0240d0a-f03e-11ef-a294-010101010000,내과,1,18,20,20,26
a024341a-f03e-11ef-99c5-010101010000,외과,1,1,1,1,1
a027dd9b-f03e-11ef-95ad-010101010000,내과,0,1,1,1,1
a028c7f9-f03e-11ef-b4f9-010101010000,외과,0,1,1,1,1
a0291619-f03e-11ef-9d31-010101010000,내과,0,1,1,1,1
a0293d29-f03e-11ef-83d4-010101010000,치과,0,1,1,1,1
a029643a-f03e-11ef-a5b0-010101010000,내과,0,10,11,9,7
a029b258-f03e-11ef-8854-010101010000,안과,1,1,1,1,1
a02a278c-f03e-11ef-a17f-010101010000,내과,0,8,9,17,13
a02a75a9-f03e-11ef-9e4f-010101010000,내과,0,1,1,1,1
a02a9cba-f03e-11ef-9d15-010101010000,외과,0,6,6,6,4
a02bfc4a-f03e-11ef-8f9d-010101010000,내과,0,1,1,1,1
a02c9888-f03e-11ef-a05e-010101010000,내과,0,1,2,3,2
a02c9889-f03e-11ef-bd3a-010101010000,피부과,1,1,1,1,1
a02d0dd3-f03e-11ef-9777-010101010000,내과,0,1,1,1,1
a02d34e3-f03e-11ef-975a-010101010000,안과,0,1,1,1,1
a02e946f-f03e-11ef-8785-010101010000,외과,1,1,1,1,1
a03055d8-f03e-11ef-b6d6-010101010000,외과,1,33,35,31,23
a030cb11-f03e-11ef-8ce3-010101010000,치과,0,1,1,1,1
a030f22d-f03e-11ef-b85b-010101010000,내과,1,47,56,48,72
a0322aa7-f03e-11ef-b381-010101010000,치과,0,1,1,1,1
a032c6e3-f03e-11ef-9a55-010101010000,외과,0,63,63,65,67
a033b146-f03e-11ef-b58a-010101010000,내과,1,11,15,17,16
a034c2b1-f03e-11ef-ab61-010101010000,외과,1,111,123,124,116
a035fb37-f03e-11ef-90aa-010101010000,외과,1,624,571,691,767
a03733a8-f03e-11ef-a0e9-010101010000,치과,1,25,18,17,22
a0375ab6-f03e-11ef-a588-010101010000,내과,0,1,1,1,1
a03781c7-f03e-11ef-a438-010101010000,외과,1,13,10,10,29
a037a8d7-f03e-11ef-abcb-010101010000,내과,0,1,1,1,1
a0397d97-f03e-11ef-a9ba-010101010000,피부과,0,55,59,75,91
a03ba091-f03e-11ef-8e48-010101010000,치과,0,7,7,8,9
a03dea88-f03e-11ef-9d9b-010101010000,내과,0,1,1,1,1
a03f84f4-f03e-11ef-8da4-010101010000,외과,0,4,5,6,15
a040965b-f03e-11ef-8424-010101010000,내과,1,2,2,2,2
a0410b8f-f03e-11ef-9cfc-010101010000,외과,0,19,21,19,19
a041f5f0-f03e-11ef-831b-010101010000,피부과,1,1,1,1,1
a042440b-f03e-11ef-adfb-010101010000,내과,1,208,198,240,219
a0426b20-f03e-11ef-96e4-010101010000,내과,0,2,2,2,3
a0435577-f03e-11ef-bc52-010101010000,외과,0,1,1,1,1
a04418d4-f03e-11ef-b0f8-010101010000,안과,1,19,23,23,26
a0463ba7-f03e-11ef-a7ee-010101010000,외과,1,10,9,8,19
a046b0db-f03e-11ef-82dd-010101010000,피부과,0,1,1,1,1
a047742a-f03e-11ef-a316-010101010000,내과,0,1,1,1,4
a048d3c0-f03e-11ef-8219-010101010000,외과,0,1,1,1,1
a048fac9-f03e-11ef-9057-010101010000,내과,0,48,46,45,41
a049be1f-f03e-11ef-a596-010101010000,피부과,0,3,4,4,3
a04a334d-f03e-11ef-a231-010101010000,내과,0,1,2,5,4
a04b44bd-f03e-11ef-9c03-010101010000,피부과,0,1,1,1,1
a04b92fe-f03e-11ef-8336-010101010000,피부과,0,1,1,1,1
a04c7d82-f03e-11ef-acff-010101010000,내과,1,2,3,3,2
a0507bce-f03e-11ef-9f2b-010101010000,내과,0,38,47,42,30
a050c9f0-f03e-11ef-9aca-010101010000,피부과,1,1,1,1,1
a0516630-f03e-11ef-a461-010101010000,피부과,0,1,1,1,4
a052c5bc-f03e-11ef-9bb8-010101010000,내과,0,1,1,1,1
a05361df-f03e-11ef-8dee-010101010000,내과,0,1,1,1,1
a053b001-f03e-11ef-a3fe-010101010000,피부과,1,8,9,9,16
a053fe20-f03e-11ef-89ef-010101010000,외과,1,1,1,2,2
a0550f8d-f03e-11ef-bc07-010101010000,외과,1,38,53,48,61
a055abd0-f03e-11ef-989d-010101010000,외과,0,7,8,20,11
a057ceaf-f03e-11ef-9fc4-010101010000,내과,0,12,9,8,10
a0581cd7-f03e-11ef-bdc5-010101010000,외과,0,1,2,2,2
a0589203-f03e-11ef-a978-010101010000,내과,0,1,1,1,1
a059a372-f03e-11ef-9050-010101010000,안과,1,1,1,2,2
a059f190-f03e-11ef-a427-010101010000,외과,0,1,1,1,1
a05a189e-f03e-11ef-9271-010101010000,내과,0,1,1,1,1
a05b0359-f03e-11ef-9a11-010101010000,외과,0,1,1,1,1
a05bc6a9-f03e-11ef-a18a-010101010000,피부과,1,2,2,1,1
a05bc6aa-f03e-11ef-b9bf-010101010000,치과,1,76,87,87,92
a05d2949-f03e-11ef-ab86-010101010000,외과,0,1,1,1,1
a05d7764-f03e-11ef-abc1-010101010000,외과,0,1,1,1,1
a05e61c1-f03e-11ef-b718-010101010000,피부과,0,1,1,1,1
a05f9a52-f03e-11ef-aca5-010101010000,내과,0,1,1,1,1
a05fe864-f03e-11ef-aa75-010101010000,내과,0,1,1,1,1
a0605d8f-f03e-11ef-83d3-010101010000,치과,0,59,55,65,56
a061480f-f03e-11ef-9425-010101010000,외과,0,1,1,1,1
a061e435-f03e-11ef-bb94-010101010000,내과,0,6,5,5,6
a0620b45-f03e-11ef-92ac-010101010000,내과,0,1,1,1,1
a0628076-f03e-11ef-ba9f-010101010000,내과,0,162,178,189,168
a062a799-f03e-11ef-bc5d-010101010000,내과,1,18,33,50,43
a063b8f6-f03e-11ef-9f19-010101010000,안과,0,18,16,18,33
a0640716-f03e-11ef-b3e1-010101010000,외과,1,2,3,3,2
a0651887-f03e-11ef-b5a0-010101010000,내과,0,1,1,1,1
a0658db6-f03e-11ef-acae-010101010000,내과,1,28,17,25,33
a06825c3-f03e-11ef-b34a-010101010000,내과,1,300,326,490,409
a0689aed-f03e-11ef-a318-010101010000,내과,0,1,1,1,1
a06a21ba-f03e-11ef-9629-010101010000,외과,0,1,1,1,1
a06b332b-f03e-11ef-8db1-010101010000,내과,0,1,1,1,1
a06b332d-f03e-11ef-8d9d-010101010000,내과,0,1,1,1,1
a06bf676-f03e-11ef-b719-010101010000,내과,1,16,16,17,23
a06c1d89-f03e-11ef-b330-010101010000,외과,1,44,50,43,42
a06c6e22-f03e-11ef-a97c-010101010000,외과,0,2,3,3,3
a06d0a66-f03e-11ef-baa9-010101010000,외과,0,1,1,1,1
a06e1bee-f03e-11ef-9a1c-010101010000,치과,1,27,21,25,21
a06e6a0c-f03e-11ef-812e-010101010000,치과,1,35,44,41,45
a06e9119-f03e-11ef-9364-010101010000,외과,0,1,1,1,1
a06eb82a-f03e-11ef-86e2-010101010000,내과,0,2,2,2,3
a06fa28d-f03e-11ef-ad40-010101010000,내과,1,6,5,5,8
a0708cf1-f03e-11ef-b99a-010101010000,내과,0,1,1,1,1
a0723a97-f03e-11ef-93fd-010101010000,내과,0,1,1,1,1
a072afce-f03e-11ef-b052-010101010000,피부과,0,3,3,3,3
a07324fe-f03e-11ef-9ed2-010101010000,내과,0,1,1,1,1
a0739a29-f03e-11ef-858f-010101010000,안과,1,20,21,20,21
a0739a2a-f03e-11ef-9a80-010101010000,내과,0,8,9,8,4
a07595ff-f03e-11ef-bacb-010101010000,치과,0,1,1,1,1
a075e416-f03e-11ef-9b82-010101010000,내과,1,1,1,3,1
a077dfeb-f03e-11ef-a5f9-010101010000,내과,0,26,26,42,37
a07806f8-f03e-11ef-885a-010101010000,외과,0,60,60,55,51
a07806fa-f03e-11ef-88f3-010101010000,안과,1,3,3,5,6
a078f160-f03e-11ef-afe9-010101010000,내과,0,1,1,1,1
a0791870-f03e-11ef-993d-010101010000,외과,1,1,1,1,1
a07a2a2c-f03e-11ef-9980-010101010000,내과,0,3,2,2,3
a07b1484-f03e-11ef-a6ac-010101010000,외과,1,65,91,68,157
a07bdf79-f03e-11ef-9854-010101010000,내과,0,1,1,1,1
a07c7bbb-f03e-11ef-8d92-010101010000,치과,0,2,2,4,4
a07cc9da-f03e-11ef-90b8-010101010000,안과,0,69,83,83,106
a07db435-f03e-11ef-aa3f-010101010000,피부과,0,7,5,5,8
a07e0252-f03e-11ef-b1c6-010101010000,내과,0,34,26,22,13
a07e5074-f03e-11ef-b0c7-010101010000,내과,0,3,3,3,3
a07f61c2-f03e-11ef-a64c-010101010000,피부과,0,1,1,1,1
a07f61c3-f03e-11ef-aaa0-010101010000,내과,0,2,3,2,5
a080733c-f03e-11ef-9edd-010101010000,안과,0,1,1,1,1
a08247f6-f03e-11ef-af34-010101010000,피부과,0,1,1,1,1
a0830b49-f03e-11ef-a99e-010101010000,내과,1,159,152,153,188
a0835963-f03e-11ef-9912-010101010000,내과,0,6,9,8,5
a084b8f4-f03e-11ef-a055-010101010000,내과,0,3,3,3,3
a085553a-f03e-11ef-b32c-010101010000,외과,0,2,1,1,1
a085553b-f03e-11ef-9270-010101010000,외과,1,1,1,1,1
a085f178-f03e-11ef-b5f9-010101010000,내과,0,9,9,10,8
a0868dd4-f03e-11ef-bda2-010101010000,내과,1,40,44,47,49
a0870305-f03e-11ef-9001-010101010000,외과,1,1,2,1,3
a087ed6a-f03e-11ef-bcc5-010101010000,피부과,0,1,1,1,1
a0883b86-f03e-11ef-9768-010101010000,내과,0,1,1,1,1
a0886294-f03e-11ef-9676-010101010000,피부과,1,1,1,1,1
a088d819-f03e-11ef-8426-010101010000,내과,0,9,10,9,9
a0897428-f03e-11ef-9348-010101010000,내과,1,1,1,1,1
a089c24c-f03e-11ef-a014-010101010000,치과,1,38,38,41,38
a08a1079-f03e-11ef-b91c-010101010000,치과,0,1,1,1,1
a08a3795-f03e-11ef-b10a-010101010000,내과,1,807,738,893,891
a08afff2-f03e-11ef-a2ad-010101010000,안과,0,2,2,2,3
a08bc342-f03e-11ef-b2b3-010101010000,내과,0,1,1,1,1
a08c3874-f03e-11ef-b280-010101010000,외과,0,1,1,1,1
a08c5f7c-f03e-11ef-83d7-010101010000,내과,0,1,1,1,1
a08c868c-f03e-11ef-9312-010101010000,내과,0,1,1,1,1
a08dbf0f-f03e-11ef-bff1-010101010000,내과,1,5,4,4,5
a08e825e-f03e-11ef-bbb1-010101010000,안과,0,1,1,1,1
a08f45ac-f03e-11ef-a1fe-010101010000,내과,0,3,3,3,6
a08fe1f3-f03e-11ef-aa64-010101010000,내과,0,2,2,2,2
a0903010-f03e-11ef-9d90-010101010000,내과,0,1,1,1,1
a09204d0-f03e-11ef-ad6e-010101010000,외과,1,1,1,1,1
a09279fd-f03e-11ef-b7fc-010101010000,외과,1,140,141,164,126
a092a10f-f03e-11ef-99e6-010101010000,내과,1,1,1,1,1
a092c823-f03e-11ef-a5a7-010101010000,내과,0,1,1,1,1
a093164c-f03e-11ef-a2ac-010101010000,피부과,1,10,9,10,12
a0933d50-f03e-11ef-a225-010101010000,피부과,1,1,1,1,1
a0938b70-f03e-11ef-a542-010101010000,피부과,0,1,1,2,2
a093d994-f03e-11ef-887b-010101010000,피부과,0,1,1,1,1
a0944ec1-f03e-11ef-bf8e-010101010000,내과,1,1,1,1,1
a0956031-f03e-11ef-be8d-010101010000,내과,0,1,1,4,4
a095ae51-f03e-11ef-8c1b-010101010000,내과,1,21,19,19,25
a095d562-f03e-11ef-b369-010101010000,피부과,0,1,1,1,1
a095fc71-f03e-11ef-a4c2-010101010000,내과,0,3,3,3,5
a0978310-f03e-11ef-91f7-010101010000,외과,1,1675,1817,1867,2013
a097d17e-f03e-11ef-b66a-010101010000,피부과,0,1,1,1,1
a09894c8-f03e-11ef-a7ab-010101010000,내과,0,1,2,2,2
a098e2ec-f03e-11ef-9e70-010101010000,내과,0,1,1,2,1
a099310c-f03e-11ef-970f-010101010000,내과,0,1,1,1,1
a099a638-f03e-11ef-bae1-010101010000,내과,0,1,1,1,1
a09b7f66-f03e-11ef-994d-010101010000,내과,0,1,2,2,2
a09c42b3-f03e-11ef-b9f8-010101010000,내과,1,3,3,3,3
a09d7b1e-f03e-11ef-8326-010101010000,내과,1,1,1,1,1
a09d7b1f-f03e-11ef-b21e-010101010000,내과,0,3,4,3,2
a0a01345-f03e-11ef-91b9-010101010000,내과,1,4,3,3,4
a0a199e3-f03e-11ef-b47a-010101010000,내과,1,4,5,5,4
a0a2d264-f03e-11ef-873d-010101010000,내과,1,2,1,2,1
a0a36ea2-f03e-11ef-ac03-010101010000,피부과,1,2,2,2,2
a0a3e3cd-f03e-11ef-8c53-010101010000,내과,0,4,3,4,6
a0a4ce2f-f03e-11ef-8f69-010101010000,내과,0,1,1,1,1
a0a4f547-f03e-11ef-ab4b-010101010000,외과,0,1,1,1,1
a0a4f548-f03e-11ef-9458-010101010000,내과,0,2,2,2,2
a0a59184-f03e-11ef-82fb-010101010000,치과,1,2,2,2,2
a0a71859-f03e-11ef-8d62-010101010000,피부과,0,5,6,7,6
a0a76683-f03e-11ef-9b7c-010101010000,내과,0,1,1,1,1
a0a89ed8-f03e-11ef-bc69-010101010000,피부과,0,37,25,37,42
a0a9140c-f03e-11ef-a016-010101010000,안과,1,2,2,3,2
a0aaee2e-f03e-11ef-a9a9-010101010000,내과,1,2,2,1,1
a0abff9f-f03e-11ef-9265-010101010000,외과,0,182,230,168,197
a0acc2f3-f03e-11ef-94ee-010101010000,피부과,0,1,1,1,1
a0adad53-f03e-11ef-9613-010101010000,외과,1,1,1,1,2
a0adfb76-f03e-11ef-ae13-010101010000,외과,0,1,1,1,1
a0ae97b5-f03e-11ef-9dfd-010101010000,내과,1,5,6,3,8
a0aebec8-f03e-11ef-92c3-010101010000,내과,0,1,1,1,1
a0afd031-f03e-11ef-a9fe-010101010000,내과,0,1,1,1,1
a0b09386-f03e-11ef-9227-010101010000,피부과,1,1,1,1,1
a0b1cc09-f03e-11ef-a84f-010101010000,안과,0,1,1,1,1
a0b28f56-f03e-11ef-95bd-010101010000,내과,0,1,1,1,1
a0b32b9a-f03e-11ef-ae98-010101010000,안과,0,18,22,31,18
a0b3eee4-f03e-11ef-b0fb-010101010000,외과,0,1,1,1,1
a0b52766-f03e-11ef-8021-010101010000,내과,0,8,7,9,10
a0b5c3aa-f03e-11ef-90c9-010101010000,안과,0,102,89,98,99
a0b5ead3-f03e-11ef-83fc-010101010000,치과,0,1,1,1,1
a0b6875e-f03e-11ef-b7ef-010101010000,내과,0,43,60,58,67
a0b771bb-f03e-11ef-b9d2-010101010000,피부과,0,1,1,1,1
a0b798cc-f03e-11ef-9686-010101010000,피부과,1,1,1,1,1
a0b80dfd-f03e-11ef-8333-010101010000,외과,1,2,2,2,2
a0b9a8c0-f03e-11ef-83b0-010101010000,피부과,0,27,36,44,46
a0bae13e-f03e-11ef-be88-010101010000,외과,0,51,72,78,88
a0bb2f5f-f03e-11ef-8137-010101010000,내과,0,1,1,1,1
a0bb566d-f03e-11ef-ac8f-010101010000,외과,0,231,250,229,264
a0bb566e-f03e-11ef-b840-010101010000,내과,0,2,2,2,2
a0bbf2ac-f03e-11ef-abd2-010101010000,외과,1,4,4,4,3
a0bc67e2-f03e-11ef-8320-010101010000,내과,0,39,59,52,67
a0bd041e-f03e-11ef-9a9b-010101010000,내과,1,16,15,17,18
a0bd794e-f03e-11ef-9221-010101010000,내과,0,1,1,1,1
a0bdee7d-f03e-11ef-891f-010101010000,내과,0,8,9,17,10
a0beffca-f03e-11ef-8428-010101010000,내과,1,1,1,1,1
a0c05f5f-f03e-11ef-a96c-010101010000,내과,0,42,43,80,73
a0c170cf-f03e-11ef-a5b9-010101010000,내과,1,1,1,1,1
a0c197d6-f03e-11ef-aae3-010101010000,외과,0,2,2,3,4
a0c2a950-f03e-11ef-8467-010101010000,피부과,0,1,2,2,2
a0c7c65c-f03e-11ef-9ef9-010101010000,피부과,0,1,1,1,1
a0c83c32-f03e-11ef-bcc2-010101010000,피부과,0,3,3,3,3
a0c92638-f03e-11ef-a45e-010101010000,내과,0,1,1,1,1
a0c9e989-f03e-11ef-b97f-010101010000,피부과,1,1,1,1,1
a0ca37a6-f03e-11ef-819f-010101010000,내과,0,45,48,41,35
a0ca5eb9-f03e-11ef-b235-010101010000,안과,1,3,3,3,4
a0caacdb-f03e-11ef-be42-010101010000,피부과,0,1,1,1,1
a0cc0c6b-f03e-11ef-86d4-010101010000,안과,0,1,1,1,1
a0cd6bfb-f03e-11ef-917e-010101010000,내과,0,1,1,1,1
a0ce2f4a-f03e-11ef-98ac-010101010000,외과,0,8,9,14,15
a0cea479-f03e-11ef-9878-010101010000,안과,1,4,4,5,8
a0cfdcf7-f03e-11ef-8b7a-010101010000,피부과,0,1,1,1,1
a0cfdcf8-f03e-11ef-81b7-010101010000,내과,0,1,1,1,1
a0d0793b-f03e-11ef-9fda-010101010000,내과,1,1,1,1,1
a0d1ffd9-f03e-11ef-9f53-010101010000,외과,1,21,23,20,23
a0d2ea3b-f03e-11ef-93e5-010101010000,내과,0,1,1,1,1
a0d4e5e2-f03e-11ef-a396-010101010000,피부과,1,1,1,1,1
a0d536b3-f03e-11ef-befe-010101010000,내과,0,4,4,4,8
a0d5fa01-f03e-11ef-ba37-010101010000,안과,1,1,1,1,1
a0d64828-f03e-11ef-9eeb-010101010000,내과,0,1,1,1,1
a0d6e462-f03e-11ef-b066-010101010000,외과,0,1,1,1,1
a0d75c54-f03e-11ef-8b38-010101010000,내과,1,1,1,1,2
a0d78366-f03e-11ef-bab5-010101010000,내과,1,3,3,4,4
a0d95828-f03e-11ef-a9ae-010101010000,내과,0,6,6,5,9
a0da4294-f03e-11ef-b3bf-010101010000,내과,1,1,1,1,1
a0da90a7-f03e-11ef-b0e9-010101010000,내과,0,1,1,1,1
a0dc3e50-f03e-11ef-869d-010101010000,내과,0,1,1,1,1
a0dd76ce-f03e-11ef-8e08-010101010000,내과,0,1,1,1,1
a0de1310-f03e-11ef-ac43-010101010000,내과,0,3,5,3,4
a0ded667-f03e-11ef-a575-010101010000,피부과,1,1,1,1,1
a0dfc0c5-f03e-11ef-8788-010101010000,내과,0,1,1,1,1
a0dfc0c6-f03e-11ef-8d39-010101010000,내과,0,2,2,1,1
a0dfe7ce-f03e-11ef-ae6e-010101010000,내과,0,4,2,4,4
a0e12057-f03e-11ef-b817-010101010000,외과,1,7,3,3,4
a0e14769-f03e-11ef-bd07-010101010000,내과,1,1,1,1,1
a0e258eb-f03e-11ef-a470-010101010000,내과,1,1,1,1,1
a0e2a6f9-f03e-11ef-a9e7-010101010000,외과,0,1,1,1,1
a0e56656-f03e-11ef-a866-010101010000,내과,0,1,1,1,1
a0e629a2-f03e-11ef-8d46-010101010000,내과,0,1,1,1,1
a0e73d5a-f03e-11ef-a09b-010101010000,내과,1,1,1,1,1
a0e96036-f03e-11ef-acba-010101010000,피부과,0,475,588,388,763
a0e98746-f03e-11ef-ad6b-010101010000,내과,1,1,1,1,1
a0e9ae57-f03e-11ef-a286-010101010000,외과,1,24,29,31,15
a0e9d569-f03e-11ef-9062-010101010000,안과,0,2,1,1,1
a0eabfc2-f03e-11ef-9512-010101010000,내과,1,422,476,415,377
a0ec4667-f03e-11ef-affe-010101010000,피부과,0,41,49,55,103
a0ec9486-f03e-11ef-893a-010101010000,피부과,1,2,2,2,2
a0eeb763-f03e-11ef-b71c-010101010000,내과,0,1,1,1,1
a0ef2c98-f03e-11ef-b4bf-010101010000,내과,1,6,5,6,5
a0efa1bf-f03e-11ef-98e4-010101010000,안과,0,1,1,1,1
a0f08c1f-f03e-11ef-aa82-010101010000,내과,0,1,1,1,1
a0f212c3-f03e-11ef-86d6-010101010000,외과,1,10,16,12,9
a0f239db-f03e-11ef-826a-010101010000,내과,1,2,2,2,2
a0f260df-f03e-11ef-962b-010101010000,외과,1,77,79,123,152
a0f2aefd-f03e-11ef-9aba-010101010000,치과,1,25,28,31,28
a0f2d614-f03e-11ef-872b-010101010000,안과,0,1,1,1,1
a0f45cee-f03e-11ef-b2b1-010101010000,내과,0,49,66,32,33
a0f4d213-f03e-11ef-bec9-010101010000,외과,0,1,1,1,1
a0f7573f-f03e-11ef-bc16-010101010000,내과,0,1,1,1,1
a0f88fa2-f03e-11ef-8b28-010101010000,내과,1,1,1,1,1
a0f904cf-f03e-11ef-820a-010101010000,내과,0,75,81,76,91
a0f97a03-f03e-11ef-8a7a-010101010000,치과,0,1,1,2,1
a0fa8b74-f03e-11ef-8edc-010101010000,내과,0,2,2,2,3
a0fb75d0-f03e-11ef-bbfc-010101010000,피부과,0,20,21,17,26
a0fb75d1-f03e-11ef-b06c-010101010000,내과,0,2,3,6,8
a0fb9ce0-f03e-11ef-a59e-010101010000,안과,1,1,1,1,2
a0fe0ddf-f03e-11ef-8b22-010101010000,피부과,1,2,2,2,2
a0fef839-f03e-11ef-9653-010101010000,내과,0,1,1,1,1
a0ff947b-f03e-11ef-9d96-010101010000,내과,1,24,31,33,26
a0ffe29e-f03e-11ef-9217-010101010000,내과,1,68,93,70,72
a100a5f3-f03e-11ef-9613-010101010000,내과,1,5,5,5,6
a1014232-f03e-11ef-b320-010101010000,내과,0,2,2,2,2
a101de70-f03e-11ef-9bde-010101010000,내과,0,1,1,1,1
a1033e32-f03e-11ef-b423-010101010000,외과,0,1,1,1,1
a1038c47-f03e-11ef-a988-010101010000,피부과,1,1,1,1,1
a10428a9-f03e-11ef-bc11-010101010000,내과,0,1,1,1,1
a1057544-f03e-11ef-92ef-010101010000,외과,0,37,45,37,23
a105c358-f03e-11ef-9b30-010101010000,외과,0,8,8,8,6
a105c359-f03e-11ef-b286-010101010000,내과,0,1,1,1,1
a1065fa3-f03e-11ef-a8fe-010101010000,내과,0,1,1,1,1
a10686ac-f03e-11ef-ac56-010101010000,피부과,0,1,1,1,1
a1080d52-f03e-11ef-9eea-010101010000,내과,0,12,13,13,19
a108345d-f03e-11ef-b8fc-010101010000,내과,0,1,1,1,1
a1085b6b-f03e-11ef-9b2f-010101010000,피부과,0,24,26,37,36
a1096cbc-f03e-11ef-867a-010101010000,외과,0,2,2,3,2
a10a5717-f03e-11ef-987e-010101010000,내과,0,1,1,1,1
a10a7e39-f03e-11ef-8387-010101010000,내과,0,1,1,1,1
a10bdddd-f03e-11ef-b119-010101010000,내과,1,1,1,1,1
a10c04ec-f03e-11ef-9043-010101010000,내과,0,4096,4390,4218,5225
a10d3d6e-f03e-11ef-893b-010101010000,내과,0,14,16,23,21
a10dd992-f03e-11ef-be32-010101010000,내과,0,1,1,1,1
a10e009b-f03e-11ef-8da9-010101010000,내과,0,24,27,30,27
a110719b-f03e-11ef-8685-010101010000,내과,1,201,312,306,217
a111aa13-f03e-11ef-b777-010101010000,피부과,0,1,1,1,1
a111aa14-f03e-11ef-b6fa-010101010000,외과,0,1,1,1,1
a1121f8e-f03e-11ef-9bd8-010101010000,내과,1,223,241,237,204
a1124689-f03e-11ef-b4e1-010101010000,외과,0,1,1,1,1
a11330e9-f03e-11ef-8b5b-010101010000,내과,0,1,1,1,1
a1141b47-f03e-11ef-a18a-010101010000,피부과,0,1,1,1,1
a1144462-f03e-11ef-969f-010101010000,내과,0,2247,2686,1984,1498
a11507ba-f03e-11ef-98d3-010101010000,내과,0,1,1,1,1
a115cb04-f03e-11ef-a0fb-010101010000,안과,0,1,1,1,1
a1179fca-f03e-11ef-8cd9-010101010000,내과,1,2,2,2,2
a118ff55-f03e-11ef-bb4e-010101010000,내과,0,2,2,3,2
a1192666-f03e-11ef-b9a6-010101010000,내과,0,4,15,19,10
a1194d75-f03e-11ef-8d70-010101010000,외과,0,2,2,2,4
a119c2b1-f03e-11ef-b766-010101010000,치과,1,2,2,2,2
a11aad08-f03e-11ef-8ed7-010101010000,내과,0,2,1,2,2
a11afb26-f03e-11ef-b8ab-010101010000,피부과,0,2,2,2,2
a11cf6f6-f03e-11ef-bef5-010101010000,내과,0,6,4,8,11
a11ecbba-f03e-11ef-b601-010101010000,내과,1,1,1,1,1
a11ef2d0-f03e-11ef-b051-010101010000,외과,1,84,93,56,97
a11fb616-f03e-11ef-87ce-010101010000,내과,1,2,2,2,2
a11fdd27-f03e-11ef-85f5-010101010000,내과,1,2,2,2,2
a1200438-f03e-11ef-aa9d-010101010000,내과,0,1,1,1,1
a1224e78-f03e-11ef-a23d-010101010000,내과,1,1,1,1,1
a1239ac9-f03e-11ef-8354-010101010000,내과,0,6,6,6,7
a1245e1d-f03e-11ef-86e8-010101010000,내과,0,1,1,1,1
a124d347-f03e-11ef-b94c-010101010000,내과,0,39,31,27,37
a124fa5c-f03e-11ef-8ab6-010101010000,내과,0,1,1,1,1
a12659e8-f03e-11ef-9deb-010101010000,내과,0,1,1,1,1
a126cf1a-f03e-11ef-b1f9-010101010000,피부과,0,1,1,2,3
a12e9748-f03e-11ef-afac-010101010000,내과,0,165,143,140,159
a1301de6-f03e-11ef-bd5f-010101010000,치과,0,1,1,1,1
a1306c2b-f03e-11ef-9ecb-010101010000,내과,0,1,1,1,1
a130933a-f03e-11ef-bd33-010101010000,내과,0,18,16,17,15
a133b446-f03e-11ef-bd9c-010101010000,내과,0,2,2,2,3
a133db51-f03e-11ef-9549-010101010000,외과,1,279,283,270,328
a134508c-f03e-11ef-b595-010101010000,내과,1,31,37,30,29
a1347795-f03e-11ef-bc0b-010101010000,치과,0,1,1,1,1
a1349ea4-f03e-11ef-bd56-010101010000,외과,0,3,3,4,5
a134ecc4-f03e-11ef-aacf-010101010000,내과,0,1,1,1,2
a13561f3-f03e-11ef-99a5-010101010000,내과,0,9,13,9,8
a135b016-f03e-11ef-8c41-010101010000,내과,0,1,1,1,1
a13736b2-f03e-11ef-8026-010101010000,내과,1,364,349,331,307
a13784d5-f03e-11ef-ba81-010101010000,내과,0,3,3,3,2
a139a7b2-f03e-11ef-b949-010101010000,외과,0,5,8,8,7
a13a43f1-f03e-11ef-b265-010101010000,내과,0,1,1,1,1
a13ae039-f03e-11ef-95a3-010101010000,내과,0,2,2,2,2
a13b556f-f03e-11ef-9a3a-010101010000,피부과,0,1,1,1,1
a13b7c74-f03e-11ef-9e5f-010101010000,피부과,1,2,2,2,3
a13c8de2-f03e-11ef-b1d9-010101010000,내과,0,1,1,1,1
a13dc664-f03e-11ef-896e-010101010000,내과,1,831,681,652,592
a13ded76-f03e-11ef-ad32-010101010000,내과,0,1,1,1,1
a13f7414-f03e-11ef-a341-010101010000,내과,1,2,2,2,2
a140d3c8-f03e-11ef-92ca-010101010000,안과,0,4,4,3,3
a140fad3-f03e-11ef-aeb4-010101010000,내과,0,1,1,1,1
a14234cf-f03e-11ef-bc21-010101010000,내과,0,1,1,1,1
a1431f26-f03e-11ef-8ef0-010101010000,내과,1,81,99,138,121
a1447ebb-f03e-11ef-97e6-010101010000,외과,1,12,14,19,11
a144a5cf-f03e-11ef-8a8b-010101010000,피부과,0,1,2,2,1
a146a196-f03e-11ef-9eba-010101010000,내과,0,22,19,20,25
a14716ca-f03e-11ef-a097-010101010000,내과,0,26,23,28,23
a1484f50-f03e-11ef-95ac-010101010000,외과,0,4,4,6,3
a148765b-f03e-11ef-8482-010101010000,내과,1,2,2,2,2
a14987ca-f03e-11ef-a88f-010101010000,내과,0,14,13,14,18
a14987cb-f03e-11ef-9bd0-010101010000,피부과,0,1,1,1,1
a149d5ea-f03e-11ef-8a50-010101010000,내과,0,1,1,1,1
a14b5c88-f03e-11ef-b4ff-010101010000,내과,0,23,29,29,29
a14bf8cd-f03e-11ef-8fd4-010101010000,내과,0,1,1,1,1
a14c1fdb-f03e-11ef-bcc6-010101010000,피부과,1,1,1,1,1
a14cbc1e-f03e-11ef-8091-010101010000,내과,1,1,1,1,1
a14d5859-f03e-11ef-8180-010101010000,피부과,0,1,1,1,1
a150179f-f03e-11ef-922e-010101010000,외과,1,1,1,1,2
a15017a1-f03e-11ef-848f-010101010000,내과,1,11,15,15,16
a1508cd6-f03e-11ef-b434-010101010000,내과,0,7,10,9,12
a1512914-f03e-11ef-8827-010101010000,내과,1,2,2,2,2
a152433b-f03e-11ef-a1af-010101010000,피부과,1,1,1,1,1
a1530687-f03e-11ef-953d-010101010000,외과,1,1,1,1,1
a15417f2-f03e-11ef-abe5-010101010000,내과,0,1,1,1,1
a154b428-f03e-11ef-b25f-010101010000,내과,0,21,16,17,20
a1552976-f03e-11ef-ae20-010101010000,내과,1,1,2,2,3
a1555077-f03e-11ef-b7c1-010101010000,내과,0,1,1,1,1
a1559eb4-f03e-11ef-9404-010101010000,내과,1,1,1,1,1
a1568914-f03e-11ef-a028-010101010000,내과,0,1,1,1,1
a156b035-f03e-11ef-8883-010101010000,내과,0,100,90,44,115
a15836c6-f03e-11ef-9472-010101010000,안과,0,149,152,196,163
a1585dd8-f03e-11ef-8d02-010101010000,피부과,1,4,6,6,11
a158abf1-f03e-11ef-be98-010101010000,내과,0,12,11,12,12
a158fa16-f03e-11ef-a36e-010101010000,외과,0,1,1,2,1
a15b4404-f03e-11ef-96d5-010101010000,내과,0,1,1,1,1
a15c7c84-f03e-11ef-9058-010101010000,외과,0,1,1,1,1
a15ccaa4-f03e-11ef-8ca1-010101010000,내과,1,1,1,1,1
a15e789d-f03e-11ef-8b17-010101010000,외과,1,1,1,1,1
a15ec6b2-f03e-11ef-8624-010101010000,내과,0,12,19,19,14
a15eedc9-f03e-11ef-8a0c-010101010000,내과,0,1,1,1,1
a15fb115-f03e-11ef-a13e-010101010000,내과,0,1,1,1,1
a15fff34-f03e-11ef-bab5-010101010000,내과,0,1,1,1,1
a1602649-f03e-11ef-b5c3-010101010000,내과,1,8,3,5,10
a1607469-f03e-11ef-b920-010101010000,외과,0,2,2,2,3
a1633687-f03e-11ef-a8ae-010101010000,내과,0,3,2,3,3
a163d2c9-f03e-11ef-9b74-010101010000,내과,0,1,1,1,1
a1649615-f03e-11ef-b0a7-010101010000,내과,0,1,1,1,1
a164e433-f03e-11ef-89b9-010101010000,내과,1,1,1,1,1
a1650b49-f03e-11ef-a61c-010101010000,피부과,1,1,1,1,1
a1655967-f03e-11ef-9df0-010101010000,내과,0,2,2,4,1
a16706fb-f03e-11ef-8c98-010101010000,내과,1,1,1,1,1
a1672e0c-f03e-11ef-875f-010101010000,외과,1,1,1,1,1
a1698eec-f03e-11ef-b803-010101010000,내과,1,2,2,2,2
a16a0424-f03e-11ef-9cfd-010101010000,내과,1,8,8,8,6
a16a0425-f03e-11ef-8cc3-010101010000,내과,0,1,1,1,1
a16a523f-f03e-11ef-a0c0-010101010000,내과,1,13123,13104,13176,13016
a16bb1d2-f03e-11ef-a7a1-010101010000,내과,0,4,4,4,4
a16c4e26-f03e-11ef-81d0-010101010000,내과,0,1,1,1,1
a16c751c-f03e-11ef-8895-010101010000,치과,1,394,309,562,858
a16dfbff-f03e-11ef-b347-010101010000,외과,1,1,1,1,1
a16e22f5-f03e-11ef-9605-010101010000,내과,0,22,21,25,24
a16f8281-f03e-11ef-928a-010101010000,내과,1,1,1,1,1
a1714404-f03e-11ef-b51f-010101010000,내과,0,56,47,49,61
a1719222-f03e-11ef-aa90-010101010000,외과,0,1,1,1,1
a17366e6-f03e-11ef-ba6f-010101010000,피부과,0,1,1,1,1
a173dc17-f03e-11ef-bfef-010101010000,내과,1,101,91,119,118
a1762608-f03e-11ef-9d6f-010101010000,내과,0,2,4,3,3
a1762609-f03e-11ef-8728-010101010000,내과,0,26,30,51,55
a1786ff1-f03e-11ef-8638-010101010000,내과,1,2,3,2,2
a1789703-f03e-11ef-8b2c-010101010000,치과,0,1,1,1,1
a178e522-f03e-11ef-b3c1-010101010000,외과,0,1,1,1,1
a1798162-f03e-11ef-bd2b-010101010000,내과,0,1,1,1,2
a179f692-f03e-11ef-a72f-010101010000,안과,0,17,17,15,23
a17a1da3-f03e-11ef-8a2b-010101010000,외과,0,1,1,1,1
a17d03f7-f03e-11ef-9abc-010101010000,내과,0,6,6,5,5
a17da037-f03e-11ef-890b-010101010000,내과,1,2,2,2,2
a17e3c73-f03e-11ef-a6cd-010101010000,피부과,0,1,1,1,1
a17f61c7-f03e-11ef-9e2f-010101010000,내과,0,1,1,1,1
a181f9db-f03e-11ef-bb1e-010101010000,치과,1,23,21,24,20
a18220e9-f03e-11ef-9bf4-010101010000,외과,0,148,234,217,335
a182e43c-f03e-11ef-97ff-010101010000,외과,1,12,12,21,23
a1833258-f03e-11ef-bea1-010101010000,내과,1,1,1,1,1
a1838079-f03e-11ef-9555-010101010000,내과,1,1,1,1,3
a18443c5-f03e-11ef-a8fb-010101010000,내과,0,1,1,1,1
a1855545-f03e-11ef-a06a-010101010000,내과,1,58,49,62,79
a185ca68-f03e-11ef-9b8f-010101010000,피부과,0,1,1,1,1
a186b4c3-f03e-11ef-a8e9-010101010000,내과,0,1,1,1,1
a18702ea-f03e-11ef-a9d6-010101010000,외과,0,1,1,1,1
a18729f5-f03e-11ef-9fa4-010101010000,치과,0,8,12,10,11
a187c636-f03e-11ef-909c-010101010000,내과,1,29,31,25,39
a1886276-f03e-11ef-ab93-010101010000,안과,1,1,1,1,1
a189e915-f03e-11ef-a5fb-010101010000,내과,1,1,1,1,1
a18b6fb8-f03e-11ef-b1e1-010101010000,피부과,0,1,1,1,1
a18c5a3e-f03e-11ef-8668-010101010000,안과,0,2,2,2,2
a18d4499-f03e-11ef-a134-010101010000,외과,1,2,2,3,2
a18e90d8-f03e-11ef-901c-010101010000,내과,0,2,1,2,1
a18eb7ea-f03e-11ef-80e3-010101010000,외과,0,3,3,3,3
a18f5432-f03e-11ef-b79c-010101010000,치과,1,2,2,2,2
a1919fe2-f03e-11ef-92ec-010101010000,피부과,1,130,136,145,158
a192b14e-f03e-11ef-a91b-010101010000,외과,0,18,23,27,21
a1932680-f03e-11ef-9ad2-010101010000,치과,1,1,1,1,1
a194ad24-f03e-11ef-91db-010101010000,내과,0,1,1,1,1
a1954965-f03e-11ef-9dc2-010101010000,내과,0,1,1,1,1
a1957073-f03e-11ef-b201-010101010000,내과,1,2,2,2,2
a195977f-f03e-11ef-979e-010101010000,피부과,0,2,1,2,2
a195e5a7-f03e-11ef-bc57-010101010000,내과,1,1,1,1,1
a19633c0-f03e-11ef-837d-010101010000,외과,0,11,10,6,10
a1965ae5-f03e-11ef-9491-010101010000,내과,0,59,56,90,83
a1974545-f03e-11ef-a8b8-010101010000,피부과,0,1,1,1,1
a1979354-f03e-11ef-8fa4-010101010000,내과,0,1,2,2,2
a1998f25-f03e-11ef-b5ec-010101010000,내과,0,1,1,1,1
a19a044f-f03e-11ef-a063-010101010000,피부과,0,1,1,1,1
a19a5270-f03e-11ef-aac7-010101010000,내과,0,2,2,1,2
a19b3cd5-f03e-11ef-87d7-010101010000,내과,0,27,22,14,22
a19c2759-f03e-11ef-809b-010101010000,외과,1,79,85,84,101
a19c9c90-f03e-11ef-95e5-010101010000,외과,0,5,2,2,8
a19ddec3-f03e-11ef-b875-010101010000,내과,1,8,7,7,7
a19e05d7-f03e-11ef-a809-010101010000,외과,0,3,3,3,3
a19e53e4-f03e-11ef-8150-010101010000,내과,0,1,1,1,1
a19ea1ff-f03e-11ef-8a2a-010101010000,치과,0,3,6,4,6
a19f8c5e-f03e-11ef-9dfa-010101010000,안과,0,10,10,5,5
a1a04fb6-f03e-11ef-a90e-010101010000,내과,0,373,384,422,412
a1a09ddc-f03e-11ef-a740-010101010000,내과,1,19,26,18,15
a1a13a36-f03e-11ef-afe8-010101010000,내과,0,1,1,1,1
a1a1af45-f03e-11ef-9211-010101010000,내과,0,1,1,1,1
a1a2e7c6-f03e-11ef-8122-010101010000,치과,1,22,26,26,27
a1a335e4-f03e-11ef-927e-010101010000,내과,0,27,27,28,19
a1a35cf0-f03e-11ef-895d-010101010000,내과,0,32,32,23,25
a1a4bc84-f03e-11ef-9804-010101010000,내과,0,310,464,628,512
a1a531b9-f03e-11ef-8045-010101010000,피부과,0,1,2,1,1
a1a5f4fa-f03e-11ef-9df3-010101010000,내과,0,1,1,1,2
a1a7548f-f03e-11ef-a107-010101010000,외과,1,19,26,26,38
a1a865fd-f03e-11ef-82af-010101010000,내과,0,73,74,75,76
a1a90265-f03e-11ef-9c14-010101010000,내과,1,6,4,7,5
a1a9505c-f03e-11ef-ba88-010101010000,내과,0,1,1,1,1
a1a99e7d-f03e-11ef-ba07-010101010000,피부과,1,8,10,10,8
a1aa61c5-f03e-11ef-836b-010101010000,내과,0,2,2,2,2
a1ac5db6-f03e-11ef-b357-010101010000,내과,0,183,192,190,191
a1ad248c-f03e-11ef-b5af-010101010000,내과,0,5,7,12,9
a1ad72b8-f03e-11ef-a534-010101010000,피부과,0,1,1,1,2
a1ad72b9-f03e-11ef-ba14-010101010000,피부과,0,4,6,6,6
a1adc0cf-f03e-11ef-8d4b-010101010000,외과,1,12,12,13,15
a1aef952-f03e-11ef-bc04-010101010000,외과,1,21,21,22,26
a1b058e2-f03e-11ef-9bc0-010101010000,내과,0,1,1,1,1
a1b0a712-f03e-11ef-ba52-010101010000,치과,0,1,1,1,1
a1b1b86c-f03e-11ef-ad65-010101010000,치과,0,1,1,1,1
a1b33f1d-f03e-11ef-ab65-010101010000,피부과,0,5,6,6,5
a1b3b43d-f03e-11ef-b617-010101010000,치과,0,10,9,11,11
a1b4507e-f03e-11ef-99ff-010101010000,내과,0,15,15,12,17
a1b4778c-f03e-11ef-8469-010101010000,내과,1,5,5,6,6
a1b4c5ad-f03e-11ef-808f-010101010000,치과,1,12,13,13,19
a1b4ecc0-f03e-11ef-93a6-010101010000,외과,0,16,15,16,11
a1b561ee-f03e-11ef-9927-010101010000,피부과,0,1,1,1,1
a1b561ef-f03e-11ef-bc84-010101010000,내과,0,4,4,4,4
a1b6c17c-f03e-11ef-9132-010101010000,치과,1,12,13,12,10
a1b70f9f-f03e-11ef-95c1-010101010000,내과,0,1,1,1,1
a1b7f9fc-f03e-11ef-8db1-010101010000,내과,0,3,3,3,3
a1b84830-f03e-11ef-a989-010101010000,내과,0,1,1,1,1
a1b86f3f-f03e-11ef-9228-010101010000,내과,0,1,1,1,1
a1bbcad2-f03e-11ef-8b36-010101010000,외과,0,1,1,1,1
a1bc6c7d-f03e-11ef-93ca-010101010000,외과,1,55,54,51,55
a1bd2fc8-f03e-11ef-8303-010101010000,내과,1,2,2,1,2
a1bd56db-f03e-11ef-b031-010101010000,내과,1,1,1,1,1
a1bd7de5-f03e-11ef-a28c-010101010000,내과,0,1,1,1,1
a1bda4f6-f03e-11ef-8add-010101010000,외과,0,1,1,1,1
a1be1a26-f03e-11ef-a934-010101010000,치과,1,2,2,2,3
a1bf52ae-f03e-11ef-a53a-010101010000,안과,0,1,1,1,1
a1bfa0c6-f03e-11ef-99f4-010101010000,안과,0,8,11,13,15
a1c08b20-f03e-11ef-8ba3-010101010000,내과,0,1,1,1,1
a1c08b21-f03e-11ef-96d4-010101010000,외과,1,34,35,36,37
a1c12769-f03e-11ef-be17-010101010000,내과,0,4,3,3,4
a1c1276a-f03e-11ef-9e9d-010101010000,피부과,0,1,1,1,1
a1c14e6f-f03e-11ef-ae78-010101010000,내과,0,1,1,1,1
a1c14e70-f03e-11ef-b7c6-010101010000,내과,0,95,136,144,112
a1c37155-f03e-11ef-98b2-010101010000,치과,0,17,18,19,19
a1c3e68a-f03e-11ef-823c-010101010000,내과,0,59,66,64,73
a1c40d9b-f03e-11ef-aaa2-010101010000,외과,1,1256,1523,1127,1118
a1c4d0ea-f03e-11ef-8576-010101010000,내과,0,1,1,1,2
a1c6ccca-f03e-11ef-8db3-010101010000,내과,0,1,1,1,1
a1c7b71e-f03e-11ef-8688-010101010000,치과,0,1,1,1,1
a1c80538-f03e-11ef-be6b-010101010000,치과,0,1,1,1,2
a1c82c47-f03e-11ef-a927-010101010000,내과,0,23,26,32,39
a1c8535c-f03e-11ef-bc3b-010101010000,내과,1,2,2,2,2
a1c8ef94-f03e-11ef-b6fd-010101010000,피부과,0,1,1,1,1
a1ca0138-f03e-11ef-ad31-010101010000,내과,1,385,391,446,434
a1ca0139-f03e-11ef-83af-010101010000,외과,0,10,10,5,13
a1ca4f5c-f03e-11ef-97a5-010101010000,내과,0,7,10,9,9
a1caeb99-f03e-11ef-892e-010101010000,피부과,0,1,1,2,1
a1cb9bdb-f03e-11ef-8e43-010101010000,내과,0,1,1,1,1
a1cc110d-f03e-11ef-a9e0-010101010000,외과,1,44,42,42,40
a1ccfb6e-f03e-11ef-b316-010101010000,내과,0,1,1,1,1
a1ccfb6f-f03e-11ef-a324-010101010000,내과,0,1,1,2,1
a1cd498c-f03e-11ef-8100-010101010000,내과,0,1,1,1,1
a1ce0ce0-f03e-11ef-84a5-010101010000,외과,0,146,211,207,208
a1ce33ed-f03e-11ef-a85f-010101010000,내과,0,1,1,1,1
a1cf6c70-f03e-11ef-b448-010101010000,내과,0,100,135,120,107
a1cf9382-f03e-11ef-8964-010101010000,내과,0,5,5,5,4
a1cfe19d-f03e-11ef-a975-010101010000,내과,0,91,81,91,93
a1d07ddd-f03e-11ef-a4b9-010101010000,내과,0,1,1,1,1
a1d1683f-f03e-11ef-8103-010101010000,외과,0,1,1,1,1
a1d1b65e-f03e-11ef-8813-010101010000,외과,0,3,4,4,4
a1d2529a-f03e-11ef-8b28-010101010000,피부과,1,1,1,1,1
a1d279ae-f03e-11ef-8e2f-010101010000,내과,0,1,1,1,1
a1d2eedb-f03e-11ef-a6e9-010101010000,내과,0,4,4,2,2
a1d33cfd-f03e-11ef-8746-010101010000,외과,1,4,4,4,4
a1d4275b-f03e-11ef-8f88-010101010000,내과,0,6,5,4,5
a1d49c89-f03e-11ef-a3c0-010101010000,피부과,1,1,2,2,1
a1d49c8a-f03e-11ef-9e93-010101010000,피부과,1,1,1,1,1
a1d6714a-f03e-11ef-afca-010101010000,내과,0,2,2,2,2
a1d6e67c-f03e-11ef-adc1-010101010000,내과,0,1,1,1,1
a1d70d8c-f03e-11ef-9b42-010101010000,피부과,1,159,196,180,179
a1d7a9cf-f03e-11ef-a16c-010101010000,내과,0,17,24,24,28
a1d8460e-f03e-11ef-8bee-010101010000,안과,1,4,5,4,5
a1d8e286-f03e-11ef-b3d7-010101010000,내과,0,74,72,71,81
a1d9a5ca-f03e-11ef-812d-010101010000,외과,0,1,1,1,1
a1daf222-f03e-11ef-8592-010101010000,피부과,0,6,9,10,8
a1db192b-f03e-11ef-9d4e-010101010000,외과,1,4,4,4,5
a1dc9fca-f03e-11ef-a7cf-010101010000,외과,1,84,94,82,116
a1dcc6db-f03e-11ef-9049-010101010000,외과,0,4,3,3,6
a1dd631d-f03e-11ef-94a5-010101010000,내과,1,1,1,1,1
a1de9b9c-f03e-11ef-aaef-010101010000,피부과,0,1,1,1,1
a1df37da-f03e-11ef-b305-010101010000,피부과,0,1,2,2,2
a1dfad08-f03e-11ef-84bd-010101010000,내과,0,1,1,1,1
a1e0224a-f03e-11ef-bdd4-010101010000,외과,1,21,11,15,38
a1e0494c-f03e-11ef-831a-010101010000,피부과,0,1,1,1,1
a1e0976e-f03e-11ef-8016-010101010000,외과,0,1,1,1,1
a1e0be7d-f03e-11ef-a8a3-010101010000,외과,0,34,34,43,39
a1e133b2-f03e-11ef-be40-010101010000,내과,0,5,5,5,4
a1e1f6f5-f03e-11ef-a232-010101010000,외과,0,7,7,8,6
a1e26c28-f03e-11ef-ba98-010101010000,외과,1,1,1,1,1
a1e32f80-f03e-11ef-9ed9-010101010000,피부과,0,17,16,20,21
a1e35687-f03e-11ef-9e96-010101010000,내과,0,6,6,6,8
a1e3f2cd-f03e-11ef-962d-010101010000,피부과,0,10,13,11,10
a1e57972-f03e-11ef-bee9-010101010000,내과,0,1,1,1,1
a1e5c786-f03e-11ef-8929-010101010000,피부과,0,3,4,4,6
a1e5ee9c-f03e-11ef-8fd2-010101010000,외과,0,1,1,1,1
a1e7000c-f03e-11ef-8571-010101010000,내과,0,8,8,8,10
a1e79c48-f03e-11ef-9754-010101010000,피부과,1,1,1,1,1
a1e7c37f-f03e-11ef-9698-010101010000,외과,1,53,57,44,36
a1e8add8-f03e-11ef-a1be-010101010000,내과,1,1,1,2,2
a1e92308-f03e-11ef-bc9b-010101010000,피부과,0,5,5,6,8
a1e9e65c-f03e-11ef-a69d-010101010000,내과,1,1,1,1,1
a1e9e65e-f03e-11ef-bf66-010101010000,내과,0,1,1,1,1
a1ea38e1-f03e-11ef-a115-010101010000,내과,0,242,263,290,325
a1eaae05-f03e-11ef-b6a5-010101010000,안과,0,1,1,1,1
a1eaae06-f03e-11ef-8e61-010101010000,치과,1,1,1,1,1
a1eb233e-f03e-11ef-86d4-010101010000,외과,0,1,1,1,1
a1eb9868-f03e-11ef-80bc-010101010000,내과,0,3,3,3,4
a1ecd0ef-f03e-11ef-8fd0-010101010000,외과,0,1,1,1,1
a1ed6d1e-f03e-11ef-ad17-010101010000,안과,0,1,1,1,1
a1ef1ad0-f03e-11ef-81e7-010101010000,내과,0,1,1,1,1
a1ef68ef-f03e-11ef-b7fa-010101010000,내과,0,352,359,384,366
a1f0052b-f03e-11ef-9406-010101010000,내과,0,1,1,1,1
a1f27627-f03e-11ef-af8b-010101010000,내과,0,1,2,5,5
a1f29d42-f03e-11ef-be56-010101010000,피부과,1,3,3,3,3
a1f3398a-f03e-11ef-82af-010101010000,내과,0,1,1,1,1
a1f36098-f03e-11ef-9d35-010101010000,외과,1,97,96,105,134
a1f387b3-f03e-11ef-a7ac-010101010000,내과,0,17,21,25,31
a1f3d5c7-f03e-11ef-be06-010101010000,내과,0,3,3,3,4
a1f49919-f03e-11ef-ac3b-010101010000,내과,0,2,2,2,2
a1f5d18e-f03e-11ef-81a8-010101010000,외과,1,3,3,3,3
a1f61fb6-f03e-11ef-8d26-010101010000,외과,0,41,49,54,56
a1f7a67b-f03e-11ef-9063-010101010000,안과,1,1,1,1,1
a1f842c1-f03e-11ef-abe5-010101010000,내과,0,1,1,2,1
a1f92d1c-f03e-11ef-ac60-010101010000,내과,0,258,202,189,233
a1fb2db9-f03e-11ef-b39f-010101010000,내과,1,2,2,2,4
a1fb54cb-f03e-11ef-ad85-010101010000,내과,0,691,774,1024,1044
a1fc3f29-f03e-11ef-a21e-010101010000,내과,0,738,680,756,1603
a1fc663c-f03e-11ef-a0c6-010101010000,내과,0,2,2,2,2
a1fc8d4f-f03e-11ef-a596-010101010000,내과,0,1,1,1,1
a1fcdb64-f03e-11ef-960e-010101010000,내과,0,1,1,1,1
a1fd027f-f03e-11ef-8168-010101010000,내과,0,10,12,12,17
a1fd9eb9-f03e-11ef-a704-010101010000,내과,0,3148,3721,3463,4599
a1fe3afc-f03e-11ef-b8f3-010101010000,외과,0,5,10,11,7
a1fe891a-f03e-11ef-bb9f-010101010000,내과,0,1,1,1,1
a1ff255c-f03e-11ef-bb8e-010101010000,외과,0,28,34,37,40
a1ff737b-f03e-11ef-9735-010101010000,피부과,1,1,1,1,1
a2000fba-f03e-11ef-bb79-010101010000,피부과,0,1,1,1,1
a20036ca-f03e-11ef-a33c-010101010000,외과,0,287,217,265,295
a200d307-f03e-11ef-b346-010101010000,외과,0,28,35,35,51
a2012130-f03e-11ef-8253-010101010000,내과,1,2,3,3,3
a2019658-f03e-11ef-9478-010101010000,내과,0,3,3,2,3
a201e47a-f03e-11ef-8d78-010101010000,외과,1,262,239,274,284
a20280be-f03e-11ef-9527-010101010000,내과,0,51,54,56,58
a2042e6c-f03e-11ef-954d-010101010000,내과,0,91,91,80,53
a2047c8e-f03e-11ef-94f0-010101010000,내과,1,50,55,54,59
a204a399-f03e-11ef-9329-010101010000,내과,0,24,24,15,29
a204f1bd-f03e-11ef-b5c8-010101010000,치과,1,1,1,1,1
a2062a3d-f03e-11ef-85dc-010101010000,피부과,0,1,1,1,1
a2067884-f03e-11ef-a360-010101010000,외과,0,1,1,1,1
a2084d43-f03e-11ef-a1b4-010101010000,외과,0,33,39,31,47
a20999a8-f03e-11ef-a695-010101010000,내과,0,1,1,1,1
a209e7d1-f03e-11ef-925e-010101010000,피부과,0,6,6,7,6
a20a0edd-f03e-11ef-a213-010101010000,피부과,0,4,5,6,8
a20a8409-f03e-11ef-974d-010101010000,피부과,0,3,3,4,2
a20b2055-f03e-11ef-914d-010101010000,내과,0,2,5,3,7
a20b475c-f03e-11ef-ac20-010101010000,안과,0,1,1,1,1
a20b6e70-f03e-11ef-9753-010101010000,치과,0,15,17,12,13
a20c7fd9-f03e-11ef-a9f4-010101010000,치과,0,2,2,2,2
a20ca6ec-f03e-11ef-af09-010101010000,내과,0,1,1,1,1
a20d432b-f03e-11ef-909f-010101010000,외과,0,14,17,16,25
a20d6a3d-f03e-11ef-ae11-010101010000,내과,1,34,34,33,46
a20f6609-f03e-11ef-98ac-010101010000,내과,0,7,7,7,8
a20fdb40-f03e-11ef-a264-010101010000,피부과,0,14,11,7,16
a2100249-f03e-11ef-a6c0-010101010000,내과,0,1,1,1,1
a210c59a-f03e-11ef-99f5-010101010000,내과,1,3,3,3,3
a210ecad-f03e-11ef-b13c-010101010000,치과,1,1,1,1,1
a21113c3-f03e-11ef-ba60-010101010000,내과,0,1,1,1,1
a211affc-f03e-11ef-9d36-010101010000,외과,0,17,16,14,17
a2129a5a-f03e-11ef-ba9d-010101010000,내과,0,2,2,2,2
a2129a5b-f03e-11ef-9f1f-010101010000,내과,0,12,9,11,15
a212c16c-f03e-11ef-b8da-010101010000,외과,1,1,1,1,1
a214bd3b-f03e-11ef-a9c4-010101010000,치과,0,1,1,1,1
a2150b62-f03e-11ef-a1c7-010101010000,외과,0,1,1,1,1
a217074b-f03e-11ef-969e-010101010000,피부과,0,1,1,1,1
a2172e5e-f03e-11ef-a7db-010101010000,내과,1,83,82,83,79
a2175571-f03e-11ef-b76e-010101010000,외과,0,229,212,215,204
a217b740-f03e-11ef-b938-010101010000,외과,0,1,1,1,1
a218058d-f03e-11ef-8ce0-010101010000,내과,1,9,8,8,8
a218a1cf-f03e-11ef-be2d-010101010000,내과,0,1,1,1,1
a2196548-f03e-11ef-a3f8-010101010000,치과,0,1,1,1,1
a219b33e-f03e-11ef-b709-010101010000,피부과,0,1,1,1,1
a21a9db3-f03e-11ef-910e-010101010000,내과,0,1,1,1,1
a21cc077-f03e-11ef-b17f-010101010000,외과,1,1,1,1,1
a21d5cb7-f03e-11ef-857a-010101010000,피부과,1,1,1,1,1
a21e2007-f03e-11ef-8dec-010101010000,내과,0,1,1,1,1
a21fa6a8-f03e-11ef-b42a-010101010000,외과,0,1,1,1,1
a2201bd9-f03e-11ef-ad70-010101010000,내과,0,1,1,1,1
a220910c-f03e-11ef-b5c3-010101010000,피부과,1,1,1,1,1
a221a284-f03e-11ef-a10a-010101010000,외과,0,31,38,32,51
a2228cd8-f03e-11ef-b208-010101010000,내과,1,7,7,7,7
a223502a-f03e-11ef-a354-010101010000,외과,0,40,52,53,61
a223c559-f03e-11ef-9e85-010101010000,외과,0,5,8,10,9
a22413a9-f03e-11ef-aa25-010101010000,내과,0,10,10,10,10
a22488ab-f03e-11ef-9f89-010101010000,외과,1,3,3,3,5
a224d6ed-f03e-11ef-b37c-010101010000,안과,0,4,4,3,9
a224fdfd-f03e-11ef-98a6-010101010000,내과,1,1,1,1,1
a2257325-f03e-11ef-8f6e-010101010000,피부과,0,1,1,1,1
a2268497-f03e-11ef-8f20-010101010000,외과,0,1,1,1,1
a226aba9-f03e-11ef-9a00-010101010000,내과,1,2,2,2,2
a22799f9-f03e-11ef-a357-010101010000,내과,1,1,2,2,2
a2280f29-f03e-11ef-8d7c-010101010000,피부과,0,1,1,1,1
a229bcd7-f03e-11ef-95f6-010101010000,피부과,0,28,31,31,33
a229e409-f03e-11ef-b755-010101010000,내과,1,1,1,1,1
a22a5917-f03e-11ef-b9bf-010101010000,내과,0,2,3,3,3
a22b0b84-f03e-11ef-bc5b-010101010000,외과,0,6,4,6,8
a22b805d-f03e-11ef-b8fb-010101010000,외과,0,3,2,6,5
a22c1ca9-f03e-11ef-b23a-010101010000,내과,0,1,1,1,1
a22c91dd-f03e-11ef-8363-010101010000,내과,0,9,8,11,10
a22d0714-f03e-11ef-b22b-010101010000,내과,0,11,11,11,11
a22edbcf-f03e-11ef-b4c5-010101010000,내과,0,1,2,2,3
a22f29f1-f03e-11ef-98eb-010101010000,치과,0,4,2,4,4
a230146d-f03e-11ef-9474-010101010000,내과,0,3,3,3,3
a230625f-f03e-11ef-b0c7-010101010000,피부과,0,1,1,1,1
a230b086-f03e-11ef-a895-010101010000,내과,0,91,138,117,148
a230b087-f03e-11ef-9a88-010101010000,내과,1,151,158,157,135
a2325e37-f03e-11ef-a402-010101010000,내과,0,1,1,1,1
a233bdc6-f03e-11ef-bcd9-010101010000,안과,1,5,6,6,6
a233e4cf-f03e-11ef-90af-010101010000,내과,1,1,1,1,1
a2340c08-f03e-11ef-a367-010101010000,내과,0,1,1,1,1
a234cf5c-f03e-11ef-b418-010101010000,외과,0,1,1,1,1
a235b9b6-f03e-11ef-b859-010101010000,피부과,1,1,1,1,1
a235e0c4-f03e-11ef-907c-010101010000,피부과,0,1,1,1,1
a23669ca-f03e-11ef-b928-010101010000,내과,1,3,3,3,3
a236df02-f03e-11ef-b24f-010101010000,안과,0,1,1,1,1
a237a251-f03e-11ef-be09-010101010000,외과,1,7,6,5,7
a239c52b-f03e-11ef-bf1a-010101010000,외과,0,1,1,1,1
a23bc100-f03e-11ef-8df5-010101010000,안과,0,12,11,11,12
a23c5d3a-f03e-11ef-a80f-010101010000,외과,0,80,78,73,77
a23c5d3b-f03e-11ef-b403-010101010000,안과,1,77,91,129,146
a23cd269-f03e-11ef-a010-010101010000,내과,0,9,11,10,11
a23d6ea4-f03e-11ef-aa5c-010101010000,외과,1,141,129,144,124
a23dbcc6-f03e-11ef-ae51-010101010000,피부과,0,1,1,1,1
a23e0ae3-f03e-11ef-a0ae-010101010000,피부과,1,1,1,1,1
a23e320a-f03e-11ef-a586-010101010000,피부과,0,1,1,1,1
a23ef54d-f03e-11ef-9a6d-010101010000,내과,1,2,2,2,2
a23f1c53-f03e-11ef-85e7-010101010000,외과,0,99,89,111,130
a23f1c54-f03e-11ef-b632-010101010000,치과,1,11,11,11,10
a24006b3-f03e-11ef-bf23-010101010000,피부과,0,6,6,5,5
a2402dcf-f03e-11ef-83a4-010101010000,내과,1,1,1,1,1
a240a301-f03e-11ef-8ffc-010101010000,피부과,0,1,1,1,1
a241664f-f03e-11ef-aaa7-010101010000,내과,1,82,82,86,121
a2418d61-f03e-11ef-b902-010101010000,안과,0,1,1,1,1
a242028d-f03e-11ef-813e-010101010000,내과,1,4,4,5,4
a243895d-f03e-11ef-9d0d-010101010000,내과,0,70,63,95,112
a2450ffd-f03e-11ef-82dc-010101010000,피부과,1,1,1,4,5
a2458541-f03e-11ef-a55c-010101010000,피부과,1,2,2,2,2
a2458542-f03e-11ef-9bc9-010101010000,내과,1,2,2,2,3
a246598b-f03e-11ef-a365-010101010000,내과,0,94,100,71,59
a2471cd6-f03e-11ef-9705-010101010000,외과,0,1,1,1,1
a2476af2-f03e-11ef-bb02-010101010000,내과,1,636,590,765,995
a2487c75-f03e-11ef-93d2-010101010000,내과,1,3,3,1,3
a2487c76-f03e-11ef-80a6-010101010000,내과,0,1,1,1,1
a2493fb6-f03e-11ef-9629-010101010000,외과,1,22,23,23,27
a249b4e6-f03e-11ef-b1e5-010101010000,피부과,1,1,1,1,1
a24a512c-f03e-11ef-9bd6-010101010000,외과,0,13,9,11,12
a24a512d-f03e-11ef-b05f-010101010000,피부과,0,3,2,3,3
a24b3b90-f03e-11ef-974a-010101010000,외과,1,1,1,1,1
a24bfeef-f03e-11ef-8b4a-010101010000,피부과,0,101,101,95,102
a24c740a-f03e-11ef-b555-010101010000,내과,0,1,1,1,1
a24ce939-f03e-11ef-b5d5-010101010000,외과,0,1,1,1,1
a24d1049-f03e-11ef-85e8-010101010000,내과,0,80,88,91,98
a24ebdfa-f03e-11ef-a3e8-010101010000,외과,1,1,2,1,2
a24fb52f-f03e-11ef-82f1-010101010000,안과,0,1,1,1,1
a24fdc3e-f03e-11ef-a53f-010101010000,내과,1,1,1,1,1
a250034f-f03e-11ef-acdb-010101010000,내과,0,1,1,1,1
a250edb4-f03e-11ef-b88b-010101010000,안과,1,5,6,4,5
a25189f0-f03e-11ef-a62d-010101010000,내과,1,33,37,51,35
a252744e-f03e-11ef-aa4b-010101010000,내과,0,1,1,1,1
a2529b81-f03e-11ef-b819-010101010000,내과,0,2,2,1,4
a252e99e-f03e-11ef-ae79-010101010000,외과,0,13,12,10,10
a254d205-f03e-11ef-87f3-010101010000,내과,1,2,2,2,2
a2556e6e-f03e-11ef-ac65-010101010000,치과,0,1,1,1,1
a2556e6f-f03e-11ef-9312-010101010000,외과,1,5,5,6,8
a2560aac-f03e-11ef-95c0-010101010000,치과,0,3,3,3,3
a25631c5-f03e-11ef-9dbf-010101010000,피부과,1,18,39,47,27
a2567fdb-f03e-11ef-8bde-010101010000,내과,1,179,182,167,216
a2571c18-f03e-11ef-ad63-010101010000,내과,0,42,42,45,37
a257914b-f03e-11ef-a233-010101010000,피부과,0,1,1,1,1
a258067c-f03e-11ef-ba0f-010101010000,안과,1,4,4,4,4
a25a0249-f03e-11ef-8286-010101010000,외과,0,1,1,1,1
a25a9e89-f03e-11ef-9c4a-010101010000,내과,0,171,147,135,185
a25b13ba-f03e-11ef-b5cd-010101010000,내과,1,201,203,172,218
a25b61db-f03e-11ef-92c3-010101010000,내과,0,1,1,1,1
a25bd70b-f03e-11ef-8e59-010101010000,내과,0,3,4,4,3
a25bfe1b-f03e-11ef-830e-010101010000,피부과,1,16,18,18,26
a25bfe1c-f03e-11ef-8108-010101010000,외과,0,2,2,1,1
a25d0f8e-f03e-11ef-b5df-010101010000,외과,0,1,1,1,1
a25e6f19-f03e-11ef-ac91-010101010000,내과,1,142,173,208,158
a260e01a-f03e-11ef-84bb-010101010000,내과,0,4,4,5,6
a2612e3d-f03e-11ef-ba46-010101010000,치과,0,166,162,201,154
a26218bd-f03e-11ef-9007-010101010000,외과,1,34,38,39,47
a2628df2-f03e-11ef-93cc-010101010000,내과,0,2,2,2,2
a262b4fd-f03e-11ef-b11b-010101010000,내과,0,1,1,1,1
a263031d-f03e-11ef-831c-010101010000,내과,0,2,2,2,2
a2644f6c-f03e-11ef-a925-010101010000,외과,0,3,3,5,6
a26587e9-f03e-11ef-a64e-010101010000,내과,0,25,33,36,35
a2662429-f03e-11ef-a20c-010101010000,내과,0,1,1,1,1
a2669959-f03e-11ef-9e12-010101010000,치과,0,2,4,4,3
a2670e93-f03e-11ef-8d1d-010101010000,피부과,0,1,1,3,3
a2681ffa-f03e-11ef-a165-010101010000,외과,0,1,1,1,1
a269316b-f03e-11ef-96c1-010101010000,내과,0,176,170,206,208
a269a69c-f03e-11ef-a9ae-010101010000,외과,0,1,1,1,1
a26a69eb-f03e-11ef-97e4-010101010000,외과,1,6,4,4,3
a26c3eb4-f03e-11ef-9b09-010101010000,내과,1,2,2,2,2
a26c65bc-f03e-11ef-96c6-010101010000,내과,0,89,88,71,98
a26d501e-f03e-11ef-b4d1-010101010000,외과,0,1,1,1,1
a26dec5f-f03e-11ef-8da3-010101010000,내과,0,1,1,1,3
a26e136e-f03e-11ef-8538-010101010000,피부과,0,1,1,1,1
a26e136f-f03e-11ef-9d7d-010101010000,외과,1,9,7,8,10
a26fe82a-f03e-11ef-9e8c-010101010000,외과,0,1,1,1,1
a2716ef5-f03e-11ef-a48b-010101010000,내과,1,10,11,12,13
a271bd15-f03e-11ef-8633-010101010000,피부과,1,33,35,29,20
a271e425-f03e-11ef-9be1-010101010000,안과,0,1,1,1,1
a272f596-f03e-11ef-af94-010101010000,외과,1,1,1,1,1
a274de31-f03e-11ef-8e97-010101010000,내과,1,1,1,2,2
a277010d-f03e-11ef-950d-010101010000,외과,0,2,2,2,2
a27a0e56-f03e-11ef-8828-010101010000,외과,0,1,1,1,1
a27a0e57-f03e-11ef-ba0b-010101010000,외과,0,20,26,28,36
a27a356a-f03e-11ef-838c-010101010000,외과,0,1,1,1,1
a27a8382-f03e-11ef-84f0-010101010000,내과,1,5,3,2,3
a27ad19f-f03e-11ef-b3c0-010101010000,내과,0,37,40,28,26
a27af8b2-f03e-11ef-83b4-010101010000,내과,1,1,1,1,1
a27b46f0-f03e-11ef-a88e-010101010000,내과,1,3,3,5,5
a27b46f1-f03e-11ef-948c-010101010000,내과,0,1,1,1,1
a27bbc04-f03e-11ef-9925-010101010000,안과,0,1,1,1,1
a27c3138-f03e-11ef-9d2b-010101010000,외과,1,46,51,49,45
a27ccd6e-f03e-11ef-9791-010101010000,내과,1,1,1,1,1
a27fdab0-f03e-11ef-b8ba-010101010000,내과,1,92,125,108,106
a2804fe2-f03e-11ef-8f52-010101010000,내과,1,7,8,4,6
a28363d6-f03e-11ef-8d27-010101010000,내과,0,1,1,1,1
a283b1fd-f03e-11ef-bd41-010101010000,외과,0,1,1,1,1
a283d903-f03e-11ef-896f-010101010000,내과,0,1,1,1,1
a2847578-f03e-11ef-a5f1-010101010000,피부과,0,136,128,155,233
a28586be-f03e-11ef-8300-010101010000,내과,0,10,9,7,7
a2870d5c-f03e-11ef-902a-010101010000,내과,1,2,2,3,3
a2881ee7-f03e-11ef-b401-010101010000,안과,0,21,27,17,14
a2881ee8-f03e-11ef-a72d-010101010000,외과,0,5,5,8,5
a28845e8-f03e-11ef-90fb-010101010000,외과,1,16,14,16,16
a28893fd-f03e-11ef-836c-010101010000,피부과,0,1,1,1,1
a288bb0e-f03e-11ef-960e-010101010000,안과,0,6,5,6,5
a288e222-f03e-11ef-84e2-010101010000,내과,1,2,2,2,2
a289303b-f03e-11ef-b70d-010101010000,내과,1,1,1,1,1
a289f390-f03e-11ef-9354-010101010000,피부과,0,1,1,1,1
a28a8fd3-f03e-11ef-ab9b-010101010000,외과,1,2,2,2,2
a28c166a-f03e-11ef-9de7-010101010000,외과,0,2,2,2,2
a28c3d7e-f03e-11ef-8f62-010101010000,외과,1,4,5,5,4
a28cd9bf-f03e-11ef-b682-010101010000,내과,0,1,1,1,1
a28deb2e-f03e-11ef-8467-010101010000,외과,1,332,422,442,255
a28e394f-f03e-11ef-b948-010101010000,외과,1,3,4,2,3
a28ed58d-f03e-11ef-900c-010101010000,외과,0,2,2,2,3
a28fc017-f03e-11ef-88a5-010101010000,외과,0,1,1,1,1
a2905c55-f03e-11ef-afbf-010101010000,내과,1,1,1,1,2
a294dd09-f03e-11ef-9131-010101010000,외과,0,1,1,1,1
a2957948-f03e-11ef-8fbd-010101010000,내과,1,3,4,3,2
a2961584-f03e-11ef-91f9-010101010000,외과,0,1,1,1,1
a2968ab8-f03e-11ef-ac2d-010101010000,내과,1,1,1,1,1
a2968ab9-f03e-11ef-92cb-010101010000,내과,0,6,3,5,6
a296ffe6-f03e-11ef-9adf-010101010000,내과,1,8,8,11,10
a296ffe7-f03e-11ef-8c09-010101010000,외과,0,157,167,188,168
a29726f7-f03e-11ef-b5cb-010101010000,외과,0,1,1,1,1
a2974e0d-f03e-11ef-b510-010101010000,내과,0,222,268,262,256
a2981157-f03e-11ef-825f-010101010000,내과,1,1,1,1,1
a2985f79-f03e-11ef-ab23-010101010000,피부과,1,1,1,1,1
a2988685-f03e-11ef-9fda-010101010000,내과,0,26,26,43,18
a298ad95-f03e-11ef-a9fa-010101010000,내과,0,3,3,3,3
a29970e8-f03e-11ef-80ed-010101010000,외과,0,1,1,1,1
a29af787-f03e-11ef-a581-010101010000,내과,0,1,1,1,1
a29b6cba-f03e-11ef-8fb0-010101010000,외과,0,1,1,1,1
a29c08f7-f03e-11ef-9d56-010101010000,내과,0,1,1,1,1
a29dddb7-f03e-11ef-b3c8-010101010000,내과,0,1,1,1,1
a29e04c6-f03e-11ef-ad1d-010101010000,내과,0,6,5,5,5
a29e04c7-f03e-11ef-9eec-010101010000,내과,1,22,31,36,21
a29e52e5-f03e-11ef-b464-010101010000,피부과,1,1,1,1,1
a29e79f7-f03e-11ef-a2b6-010101010000,내과,0,1,1,1,1
a29f3d74-f03e-11ef-b5bc-010101010000,내과,0,2,3,4,3
a2a000c4-f03e-11ef-bcea-010101010000,내과,0,1,1,1,1
a2a027d0-f03e-11ef-a402-010101010000,치과,1,3,3,3,3
a2a0c410-f03e-11ef-b990-010101010000,내과,0,329,334,331,354
a2a25e90-f03e-11ef-83ed-010101010000,내과,0,1,1,1,1
a2a348f1-f03e-11ef-875f-010101010000,내과,0,1,1,1,1
a2a4816c-f03e-11ef-99d9-010101010000,외과,0,4,6,6,8
a2a4816d-f03e-11ef-a525-010101010000,치과,1,1326,1774,2283,2219
a2a65630-f03e-11ef-be8f-010101010000,피부과,0,1,1,1,1
a2a7408d-f03e-11ef-8181-010101010000,내과,0,1,1,1,1
a2a7679d-f03e-11ef-acc3-010101010000,안과,0,1,1,1,1
a2a78eae-f03e-11ef-8f6c-010101010000,내과,0,13,12,16,23
a2a8c72e-f03e-11ef-b0f8-010101010000,안과,0,4,3,4,4
a2a9154e-f03e-11ef-a968-010101010000,피부과,0,1,1,1,1
a2a98a81-f03e-11ef-a119-010101010000,외과,1,769,823,758,774
a2aa26c2-f03e-11ef-a0dc-010101010000,안과,0,1,1,1,1
a2aa9bec-f03e-11ef-b450-010101010000,내과,0,1,1,1,1
a2ab111d-f03e-11ef-808d-010101010000,외과,0,1,1,1,1
a2ab382d-f03e-11ef-9d2b-010101010000,내과,0,1,1,1,1
a2abad5d-f03e-11ef-80b5-010101010000,외과,1,1,1,1,1
a2ad33fc-f03e-11ef-8d25-010101010000,내과,0,1,1,1,1
a2ad5b0e-f03e-11ef-a989-010101010000,내과,0,382,379,475,481
a2adf74e-f03e-11ef-9973-010101010000,내과,1,1,1,1,1
a2af7e17-f03e-11ef-88eb-010101010000,피부과,1,1,1,1,1
a2afcc35-f03e-11ef-b379-010101010000,내과,1,1,1,1,1
a2b098a0-f03e-11ef-8582-010101010000,내과,0,6,8,10,7
a2b15bea-f03e-11ef-9573-010101010000,내과,0,1,1,1,1
a2b1d11c-f03e-11ef-8d15-010101010000,피부과,0,4,3,3,4
a2b1f82f-f03e-11ef-a228-010101010000,내과,0,2,1,1,1
a2b24644-f03e-11ef-ae7f-010101010000,내과,0,1,1,1,1
a2b2bb77-f03e-11ef-af8a-010101010000,내과,1,47,56,73,62
a2b44213-f03e-11ef-be40-010101010000,내과,0,1,1,1,1
a2b4b747-f03e-11ef-a773-010101010000,내과,0,1,1,1,1
a2b79d7a-f03e-11ef-9c1f-010101010000,내과,0,1,1,1,1
a2b79d7b-f03e-11ef-950c-010101010000,내과,0,30,19,30,41
a2b812ad-f03e-11ef-8fc2-010101010000,외과,0,9,9,10,12
a2b8fd06-f03e-11ef-95ed-010101010000,피부과,1,1,1,1,1
a2b94b29-f03e-11ef-bf72-010101010000,외과,0,1,1,1,1
a2b9c057-f03e-11ef-a190-010101010000,외과,1,3,4,4,4
a2ba83ab-f03e-11ef-8950-010101010000,내과,0,3,3,3,1
a2baaab9-f03e-11ef-b879-010101010000,외과,0,1,1,1,1
a2baaaba-f03e-11ef-b02e-010101010000,피부과,0,5,6,14,11
a2bca688-f03e-11ef-82ef-010101010000,내과,0,4,5,6,2
a2bd9113-f03e-11ef-97dc-010101010000,내과,0,1,1,1,1
a2be2d52-f03e-11ef-be47-010101010000,외과,0,1,1,1,1
a2be545f-f03e-11ef-afc5-010101010000,내과,0,3,3,4,4
a2be7b74-f03e-11ef-bea4-010101010000,치과,0,2,2,2,2
a2bf65d6-f03e-11ef-9ac9-010101010000,내과,0,1,1,1,1
a2c015ee-f03e-11ef-bf1b-010101010000,내과,0,453,460,754,830
a2c0640a-f03e-11ef-a4c1-010101010000,외과,0,2,4,6,7
a2c1757d-f03e-11ef-8325-010101010000,치과,0,2,1,2,1
a2c1c39c-f03e-11ef-afbc-010101010000,외과,0,5,5,5,5
a2c211ba-f03e-11ef-9001-010101010000,내과,0,1,1,1,1
a2c238cd-f03e-11ef-8044-010101010000,내과,1,166,216,167,185
a2c2ae00-f03e-11ef-953f-010101010000,치과,1,1,1,1,1
a2c3bf65-f03e-11ef-8bbf-010101010000,치과,1,1,1,1,1
a2c4a9cb-f03e-11ef-b498-010101010000,외과,1,32,31,40,41
a2c54613-f03e-11ef-86bd-010101010000,내과,1,1,1,1,1
a2c5942b-f03e-11ef-9140-010101010000,치과,0,1,1,1,1
a2c5e24d-f03e-11ef-abe5-010101010000,내과,0,1,1,1,1
a2c6f3c4-f03e-11ef-89ec-010101010000,내과,1,6,5,3,7
a2c7b70c-f03e-11ef-8fad-010101010000,내과,1,1,1,1,1
a2c85349-f03e-11ef-bf00-010101010000,피부과,1,10,12,16,16
a2c964c0-f03e-11ef-9c88-010101010000,내과,0,1,1,1,1
a2c9b2de-f03e-11ef-ad54-010101010000,내과,0,1,1,1,1
a2cac43b-f03e-11ef-b7da-010101010000,내과,0,1,1,1,1
a2cb87a0-f03e-11ef-a0bf-010101010000,내과,0,1,1,1,1
a2cbaeb7-f03e-11ef-8721-010101010000,내과,0,4,5,5,3
a2cbfccc-f03e-11ef-b9aa-010101010000,치과,1,1,1,1,1
a2cc23e7-f03e-11ef-a37f-010101010000,외과,0,1,1,1,1
a2cd9de3-f03e-11ef-9a5d-010101010000,안과,0,7,13,11,5
a2ce6130-f03e-11ef-9d4e-010101010000,내과,0,1,1,1,1
a2cf867c-f03e-11ef-811d-010101010000,내과,0,18,18,11,15
a2d022c0-f03e-11ef-85c9-010101010000,외과,0,1,1,1,1
a2d097f0-f03e-11ef-96ff-010101010000,안과,0,1,1,1,1
a2d10d1a-f03e-11ef-9976-010101010000,내과,1,2,1,1,1
a2d15b3e-f03e-11ef-8ef3-010101010000,외과,1,42,49,32,27
a2d245a0-f03e-11ef-adab-010101010000,내과,0,1,1,1,1
a2d26cac-f03e-11ef-9179-010101010000,외과,0,1,1,1,1
a2d2e1da-f03e-11ef-b52b-010101010000,내과,1,8,12,10,5
a2d4b69d-f03e-11ef-a2fe-010101010000,외과,0,4,4,4,4
a2d504be-f03e-11ef-8f9b-010101010000,내과,0,1,1,1,1
a2d5c80f-f03e-11ef-ba0e-010101010000,외과,0,2,2,2,3
a2d6162e-f03e-11ef-9d5a-010101010000,외과,1,1,1,1,1
a2d727a1-f03e-11ef-95a5-010101010000,외과,1,1,1,1,1
a2d9718e-f03e-11ef-aeae-010101010000,내과,1,1,1,1,1
a2d9bfad-f03e-11ef-95db-010101010000,피부과,0,1,1,1,1
a2db9473-f03e-11ef-98d0-010101010000,외과,1,1,1,1,1
a2dc30d2-f03e-11ef-86cd-010101010000,안과,0,1,1,1,1
a2dc7ef7-f03e-11ef-baa5-010101010000,외과,1,36,23,41,35
a2dd6957-f03e-11ef-8029-010101010000,내과,1,12,13,11,15
a2ddb776-f03e-11ef-a1dc-010101010000,내과,0,1,1,1,1
a2de8ea1-f03e-11ef-a8e7-010101010000,내과,0,18,14,9,11
a2df03cf-f03e-11ef-ae21-010101010000,내과,0,2,2,2,2
a2e03c4e-f03e-11ef-a493-010101010000,외과,1,6,7,7,6
a2e19bde-f03e-11ef-a369-010101010000,내과,0,2,3,2,3
a2e1e9ff-f03e-11ef-8b65-010101010000,내과,0,1,1,1,1
a2e2110c-f03e-11ef-a85e-010101010000,내과,1,6,6,7,3
a2e2381c-f03e-11ef-8978-010101010000,내과,0,11,12,10,13
a2e2863e-f03e-11ef-9bea-010101010000,내과,0,4,4,5,5
a2e2ad48-f03e-11ef-a420-010101010000,내과,0,10,19,18,12
a2e2fb7a-f03e-11ef-bb9e-010101010000,외과,1,1,1,1,1
a2e40cd9-f03e-11ef-bb85-010101010000,외과,1,7,8,7,8
a2e433ec-f03e-11ef-a04b-010101010000,외과,0,1,1,1,1
a2e5bad8-f03e-11ef-8a7b-010101010000,내과,1,3,2,2,3
a2e5e1a8-f03e-11ef-81b7-010101010000,치과,1,57,68,61,56
a2e608b4-f03e-11ef-8be9-010101010000,피부과,1,6,7,7,7
a2e62fd7-f03e-11ef-bacb-010101010000,내과,0,110,94,87,101
a2e67e59-f03e-11ef-b697-010101010000,내과,0,6,8,8,8
a2e71a28-f03e-11ef-a568-010101010000,내과,0,38,40,39,36
a2e8c7e0-f03e-11ef-a4b4-010101010000,외과,0,1,1,1,1
a2ea2765-f03e-11ef-9874-010101010000,피부과,1,1,1,1,1
a2eb38e2-f03e-11ef-b944-010101010000,외과,0,1,1,1,1
a2ebae46-f03e-11ef-b3e9-010101010000,내과,0,1,1,1,1
a2ec4a88-f03e-11ef-97a0-010101010000,내과,0,1,1,1,1
a2ede525-f03e-11ef-b91b-010101010000,외과,0,1,1,1,1
a2eecf7e-f03e-11ef-8e31-010101010000,외과,0,38,41,34,52
a2eef6a0-f03e-11ef-b08c-010101010000,내과,0,1,1,1,1
a2f007fe-f03e-11ef-9c8a-010101010000,내과,0,25,24,24,34
a2f3ff9f-f03e-11ef-ac6a-010101010000,외과,0,1,1,1,1
a2f55f42-f03e-11ef-9c5e-010101010000,내과,0,4,6,5,3
a2f6bebe-f03e-11ef-b739-010101010000,내과,0,3,3,4,3
a2f6e5d1-f03e-11ef-b390-010101010000,내과,0,1,1,1,1
a2f70ce1-f03e-11ef-b371-010101010000,내과,1,1,1,1,1
a2f733ed-f03e-11ef-9459-010101010000,외과,1,16,17,23,26
a2f8937d-f03e-11ef-9a1a-010101010000,외과,0,31,32,28,30
a2f8e19e-f03e-11ef-92ab-010101010000,내과,0,46,48,61,60
a2fa8f92-f03e-11ef-81f4-010101010000,내과,1,1,1,2,3
a2fadda8-f03e-11ef-987b-010101010000,내과,1,1,1,1,1
a2fba0f4-f03e-11ef-9c55-010101010000,외과,0,1,1,1,1
a2fbef15-f03e-11ef-84fa-010101010000,외과,0,1,1,1,1
a2fd3b90-f03e-11ef-bfc5-010101010000,치과,0,2,2,2,2
a2fe9b16-f03e-11ef-9778-010101010000,내과,0,130,163,238,224
a2ff1041-f03e-11ef-b733-010101010000,외과,0,1,1,1,1
a2ff1042-f03e-11ef-a8b5-010101010000,외과,1,6,8,6,5
a2fffaae-f03e-11ef-9439-010101010000,내과,0,249,313,333,527
a30048c7-f03e-11ef-8936-010101010000,내과,1,28,30,23,30
a3006fdd-f03e-11ef-a491-010101010000,외과,1,8995,8820,8570,9447
a30096ea-f03e-11ef-94de-010101010000,내과,1,245,210,340,332
a301a859-f03e-11ef-9a8f-010101010000,외과,0,3,2,2,3
a302e0da-f03e-11ef-84d4-010101010000,내과,0,2,2,2,2
a30307eb-f03e-11ef-836a-010101010000,내과,1,31,22,13,38
a303560a-f03e-11ef-b74b-010101010000,내과,1,136,139,192,173
a303cb37-f03e-11ef-b42c-010101010000,내과,0,249,259,265,299
a304b5a2-f03e-11ef-97ff-010101010000,내과,0,110,144,96,108
a3052aca-f03e-11ef-b803-010101010000,내과,1,3,3,3,5
a30551da-f03e-11ef-a5fe-010101010000,내과,1,335,441,506,622
a30578e8-f03e-11ef-a679-010101010000,내과,1,245,228,215,267
a3061529-f03e-11ef-9676-010101010000,피부과,0,280,425,408,274
a3063c3c-f03e-11ef-a66e-010101010000,외과,0,1826,1838,1748,1876
a3074db7-f03e-11ef-94b2-010101010000,안과,0,12,15,15,5
a30774be-f03e-11ef-bae2-010101010000,내과,0,66,50,66,96
a309497d-f03e-11ef-9ca5-010101010000,내과,0,1,1,1,1
a3099798-f03e-11ef-b642-010101010000,내과,0,5,7,5,9
a30ad05d-f03e-11ef-a28c-010101010000,내과,0,20,27,28,23
a30b6c97-f03e-11ef-9cff-010101010000,내과,0,50,49,73,49
a30be1d0-f03e-11ef-91a2-010101010000,외과,0,335,327,267,333
a30c08df-f03e-11ef-a545-010101010000,내과,1,3,2,4,2
a30c1ca1-f03e-11ef-ac06-010101010000,내과,0,2,2,2,2
a30c43fb-f03e-11ef-bdea-010101010000,내과,1,2549,2357,1790,1740
a30cb91a-f03e-11ef-b293-010101010000,내과,1,28,29,29,43
a30da378-f03e-11ef-b901-010101010000,내과,1,414,370,382,502
a30f2a1e-f03e-11ef-972b-010101010000,피부과,0,4,5,1,1
a30f783a-f03e-11ef-be25-010101010000,피부과,1,57,48,48,48
a30fc65c-f03e-11ef-b368-010101010000,내과,0,244,279,240,186
a30fed6b-f03e-11ef-86d2-010101010000,치과,1,17,17,26,32
a310899c-f03e-11ef-a686-010101010000,내과,0,1,1,1,1
a3114cee-f03e-11ef-887d-010101010000,내과,1,14,21,29,44
a313bdfc-f03e-11ef-a397-010101010000,외과,0,1,1,1,1
a3145a3c-f03e-11ef-8869-010101010000,안과,0,131,132,201,149
a3145a3d-f03e-11ef-acfd-010101010000,안과,0,8,8,8,8
a314cf5a-f03e-11ef-a34e-010101010000,외과,1,8,10,12,21
a31592c2-f03e-11ef-9407-010101010000,내과,1,12,11,12,24
a3165603-f03e-11ef-aa1e-010101010000,내과,0,14,15,14,18
a316f237-f03e-11ef-bdad-010101010000,내과,0,302,329,317,377
a3178e7e-f03e-11ef-9865-010101010000,내과,0,1,1,1,1
a3193c59-f03e-11ef-8182-010101010000,내과,0,20,23,18,20
a31aff2a-f03e-11ef-ba22-010101010000,외과,1,4,5,5,5
a31b4d49-f03e-11ef-abdf-010101010000,외과,0,196,224,266,418
a31b7984-f03e-11ef-bab2-010101010000,안과,0,22,39,30,28
a31d0009-f03e-11ef-b7d0-010101010000,내과,0,274,271,193,240
a31d9c47-f03e-11ef-b109-010101010000,내과,0,8,8,4,6
a31e5f9d-f03e-11ef-8879-010101010000,내과,0,105,161,123,163
a31e86a7-f03e-11ef-a37f-010101010000,내과,0,1,1,1,1
a31efbe0-f03e-11ef-9ac1-010101010000,외과,0,1033,944,1166,1169
a31f981f-f03e-11ef-84b9-010101010000,내과,0,5267,6480,5896,3747
a3200d4b-f03e-11ef-ac46-010101010000,치과,1,1572,1626,1394,2128
a320d0a8-f03e-11ef-aa4e-010101010000,내과,0,6,7,6,10
a3227e53-f03e-11ef-a6ca-010101010000,내과,0,73,80,72,83
a323ddd4-f03e-11ef-ad9e-010101010000,내과,0,382,395,401,364
a3258b8b-f03e-11ef-afc0-010101010000,내과,0,14,14,17,15
a325d9ab-f03e-11ef-b13e-010101010000,내과,0,2,1,4,4
a32675f3-f03e-11ef-91b6-010101010000,내과,0,687,550,583,467
a326c407-f03e-11ef-b826-010101010000,내과,1,44,27,21,29
a3271229-f03e-11ef-b3d0-010101010000,외과,1,28,34,18,37
a329d16f-f03e-11ef-bf9b-010101010000,내과,0,10,8,12,8
a329f87c-f03e-11ef-b0f4-010101010000,내과,1,61,54,75,79
a32a6db7-f03e-11ef-9155-010101010000,내과,0,1,1,1,1
a32b0b07-f03e-11ef-a2d4-010101010000,외과,1,187,205,354,362
a32bce5f-f03e-11ef-bc18-010101010000,내과,0,16,16,27,39
a32c6a8f-f03e-11ef-a10d-010101010000,내과,0,874,1146,1177,885
a32cdfcf-f03e-11ef-b4eb-010101010000,내과,0,1,1,1,1
a32d2deb-f03e-11ef-b323-010101010000,치과,0,5719,5870,6063,6265
a32da31d-f03e-11ef-9697-010101010000,내과,0,26,25,19,20
a32e3f5b-f03e-11ef-ad0a-010101010000,내과,0,3,3,3,3
a32e8d72-f03e-11ef-a31c-010101010000,내과,0,83,94,73,97
a3301418-f03e-11ef-9d18-010101010000,내과,0,1243,1052,1052,1478
a3308941-f03e-11ef-8774-010101010000,내과,0,18,22,29,16
a3308943-f03e-11ef-82a9-010101010000,내과,1,1,1,1,1
a3334868-f03e-11ef-b7b9-010101010000,피부과,0,21,27,19,19
a3334869-f03e-11ef-a8f7-010101010000,피부과,0,2,2,1,2
a3339689-f03e-11ef-b590-010101010000,외과,0,417,478,365,386
a33480e4-f03e-11ef-a99e-010101010000,내과,1,84,91,84,83
a334cf0c-f03e-11ef-8be1-010101010000,내과,0,106,130,130,181
a334f621-f03e-11ef-9afd-010101010000,피부과,1,226,252,288,348
a3356b41-f03e-11ef-b815-010101010000,내과,0,231,221,186,138
a335b960-f03e-11ef-8832-010101010000,외과,1,2969,2985,3491,2451
a3367cbb-f03e-11ef-a0e9-010101010000,피부과,0,11,12,9,13
a336cad8-f03e-11ef-bf40-010101010000,내과,1,2,2,2,2
a33878c0-f03e-11ef-b5b6-010101010000,내과,0,5862,5596,6824,5820
a3391506-f03e-11ef-be0a-010101010000,안과,1,2,3,2,3
a339631b-f03e-11ef-b3f4-010101010000,외과,1,5549,5511,5299,3111
a339b146-f03e-11ef-8d9c-010101010000,내과,1,4,4,5,4
a33b392b-f03e-11ef-a055-010101010000,내과,1,4963,5202,4805,3798
a33b602c-f03e-11ef-a943-010101010000,내과,1,6537,5512,5466,6274
a33bd55c-f03e-11ef-b34e-010101010000,내과,1,1076,1408,1419,1137
a33c71a0-f03e-11ef-a105-010101010000,외과,1,1265,1435,1421,1328
a33d830a-f03e-11ef-ad39-010101010000,내과,1,8039,8814,7256,7630
a33daa23-f03e-11ef-b1df-010101010000,치과,0,3071,2460,2350,2338
a33df837-f03e-11ef-b378-010101010000,외과,0,55,50,51,43
a33e4661-f03e-11ef-b6c8-010101010000,치과,0,2629,2298,2746,2310
a33ebb81-f03e-11ef-a170-010101010000,내과,0,85,97,99,75
a33f57c6-f03e-11ef-a4c2-010101010000,안과,1,13,21,14,8
a33f57c7-f03e-11ef-8766-010101010000,내과,1,4,4,4,5
a3404226-f03e-11ef-a059-010101010000,내과,1,805,978,465,640
a340de65-f03e-11ef-890a-010101010000,내과,1,2324,2650,2128,1681
a3417aa8-f03e-11ef-b0b9-010101010000,치과,0,354,353,331,270
a3423df9-f03e-11ef-9e8b-010101010000,외과,0,1488,1486,1327,1286
a343c49c-f03e-11ef-bdbd-010101010000,치과,0,199,285,404,374
a343c49d-f03e-11ef-a205-010101010000,내과,1,7,9,12,14
a34460e7-f03e-11ef-b760-010101010000,피부과,1,109,121,110,110
a344fd16-f03e-11ef-9bda-010101010000,내과,1,66,84,55,66
a34683b8-f03e-11ef-8802-010101010000,내과,1,531,626,502,362
a34a078b-f03e-11ef-9e34-010101010000,내과,1,306,356,341,328
a34a7c9a-f03e-11ef-8ffd-010101010000,내과,1,30,30,24,23
a34bb522-f03e-11ef-ba98-010101010000,치과,1,10384,10423,8802,9948
a34bb524-f03e-11ef-b020-010101010000,내과,1,841,1147,1001,939
a34c2a51-f03e-11ef-96c1-010101010000,치과,0,355,340,329,473
a34d14b1-f03e-11ef-adb5-010101010000,치과,1,314,309,371,174
a34d62d0-f03e-11ef-a114-010101010000,내과,1,1159,1317,979,1202
a34d89e2-f03e-11ef-b9d4-010101010000,외과,1,155,157,216,117
a34d89e3-f03e-11ef-91e6-010101010000,외과,1,53,45,58,71
a34db0f0-f03e-11ef-ad7c-010101010000,내과,1,345,331,322,340
a34dd804-f03e-11ef-9641-010101010000,내과,1,561,511,506,589
a34ec25f-f03e-11ef-8492-010101010000,외과,1,9,11,13,21
a34f10bd-f03e-11ef-ba0e-010101010000,안과,0,35,44,38,26
a34f3797-f03e-11ef-ab8d-010101010000,내과,1,5,5,5,5
a3526be3-f03e-11ef-8d51-010101010000,내과,1,3509,3567,3560,4186
a3530820-f03e-11ef-9f16-010101010000,외과,1,13014,12637,13701,12358
a3532f33-f03e-11ef-9971-010101010000,치과,1,777,482,548,1239
a353f283-f03e-11ef-9f16-010101010000,외과,1,3215,3322,3205,3392
a3548ec4-f03e-11ef-bac2-010101010000,내과,1,1089,1520,1220,527
a35503f5-f03e-11ef-9e9b-010101010000,내과,1,63,66,45,31
a355c740-f03e-11ef-9bf7-010101010000,내과,1,797,959,1067,1035
a3561560-f03e-11ef-8dd6-010101010000,내과,1,2115,2284,2484,2143
a357ea40-f03e-11ef-8842-010101010000,외과,1,1,1,1,1
a3585f79-f03e-11ef-ad84-010101010000,피부과,1,351,529,380,519
a358c178-f03e-11ef-ac87-010101010000,내과,1,316,279,198,387
a35b0b79-f03e-11ef-b0e3-010101010000,내과,1,38,43,16,11
a35bf5c5-f03e-11ef-9d49-010101010000,외과,1,1844,2053,2122,1678
a35bf5c6-f03e-11ef-adaf-010101010000,내과,1,360,328,287,242
a35d2e4c-f03e-11ef-9f57-010101010000,내과,1,3,3,2,2
a35df19a-f03e-11ef-a382-010101010000,외과,1,1184,1379,1372,1076
a3603b8b-f03e-11ef-a591-010101010000,치과,1,1,1,1,1
a360629a-f03e-11ef-9b1e-010101010000,내과,1,2,2,2,2
a360b0ac-f03e-11ef-b8e0-010101010000,외과,0,11,9,15,18
a3623758-f03e-11ef-9cf9-010101010000,내과,1,3,3,3,3
a36321b6-f03e-11ef-8fb2-010101010000,피부과,0,1,1,1,1
a363bdf7-f03e-11ef-b551-010101010000,내과,0,6,5,3,7
a3643326-f03e-11ef-b33a-010101010000,안과,0,2,2,2,2
a3665638-f03e-11ef-8267-010101010000,피부과,0,31,32,28,37
a3669c41-f03e-11ef-8418-010101010000,피부과,0,1,1,1,1
a366ea85-f03e-11ef-837f-010101010000,내과,1,26,38,33,31
a366ea86-f03e-11ef-9851-010101010000,피부과,1,33,51,37,62
a36738a8-f03e-11ef-b75c-010101010000,외과,1,17,17,27,16
a3675fb2-f03e-11ef-85cf-010101010000,내과,1,2,2,2,2
a3675fb3-f03e-11ef-a902-010101010000,내과,0,2,2,2,2
a36786c7-f03e-11ef-bdc4-010101010000,내과,1,1,1,1,1
a367add4-f03e-11ef-bd0a-010101010000,피부과,0,1,1,1,1
a368265b-f03e-11ef-83b9-010101010000,내과,0,2,2,2,2
a3695ee2-f03e-11ef-9fbd-010101010000,내과,1,1,1,1,1
a369fb20-f03e-11ef-8251-010101010000,내과,0,2,2,2,2
a36a704e-f03e-11ef-882d-010101010000,내과,1,1249,1178,1527,1091
a36a9760-f03e-11ef-a803-010101010000,내과,1,942,892,1028,1141
a36abe70-f03e-11ef-8e9b-010101010000,내과,1,2,3,3,3
a36b5ab0-f03e-11ef-9e56-010101010000,내과,1,8,6,7,11
a36ba8cd-f03e-11ef-a98f-010101010000,외과,1,32,54,35,53
a36ba8ce-f03e-11ef-9fd0-010101010000,내과,1,2,2,2,2
a36c4516-f03e-11ef-a806-010101010000,내과,1,65,53,61,56
a36c4517-f03e-11ef-90c9-010101010000,내과,0,1,1,1,1
a36c6c20-f03e-11ef-b1fc-010101010000,피부과,0,7,8,7,6
a36d0862-f03e-11ef-95ba-010101010000,피부과,1,1,1,1,1
a36d569c-f03e-11ef-9db5-010101010000,내과,0,2,1,1,2
a36e19cd-f03e-11ef-af19-010101010000,내과,0,1,1,1,1
a36e40dd-f03e-11ef-be77-010101010000,내과,0,77,84,84,80
a36e40de-f03e-11ef-9221-010101010000,내과,1,4,4,4,6
a3719c41-f03e-11ef-b789-010101010000,내과,1,1,1,1,1
a3725f90-f03e-11ef-aa88-010101010000,내과,1,1,1,1,1
a37286a0-f03e-11ef-935a-010101010000,피부과,1,1,1,1,1
a372adb1-f03e-11ef-ab18-010101010000,외과,0,1,1,1,1
a372d4c6-f03e-11ef-a46b-010101010000,내과,1,1,1,1,1
a3743451-f03e-11ef-acd1-010101010000,외과,0,1,1,1,1
a374a97b-f03e-11ef-9d76-010101010000,내과,0,2,2,1,1
a377e15d-f03e-11ef-8c6f-010101010000,외과,1,2,2,2,2
a377e15e-f03e-11ef-aa86-010101010000,외과,0,130,119,87,78
a3798f06-f03e-11ef-b84e-010101010000,안과,0,1,1,1,1
a3798f08-f03e-11ef-be86-010101010000,외과,1,1,1,1,1
a37a2b48-f03e-11ef-ab0c-010101010000,치과,0,99,90,91,90
a37b15a4-f03e-11ef-8163-010101010000,피부과,1,2,2,2,2
a37b3cb6-f03e-11ef-8165-010101010000,외과,1,1,1,1,1
a37b63c6-f03e-11ef-8dfb-010101010000,내과,1,1,1,1,2
a37c2718-f03e-11ef-bf8f-010101010000,외과,0,1,1,1,1
a37c7534-f03e-11ef-8795-010101010000,외과,0,4,5,4,4
a37c9c43-f03e-11ef-bc2a-010101010000,내과,0,1,1,1,1
a37c9c44-f03e-11ef-800a-010101010000,안과,0,18,19,24,36
a37cea65-f03e-11ef-bf6a-010101010000,내과,1,1,2,2,3
a37d86ad-f03e-11ef-82eb-010101010000,외과,0,3,3,2,5
a37e22ed-f03e-11ef-9fc0-010101010000,피부과,1,57,63,53,52
a3810927-f03e-11ef-be12-010101010000,외과,0,1,1,1,1
a381cc72-f03e-11ef-a94d-010101010000,내과,1,2,2,2,2
a383050b-f03e-11ef-805a-010101010000,내과,1,3,1,6,7
a38416e2-f03e-11ef-bb08-010101010000,외과,1,2,3,3,2
a3843de9-f03e-11ef-a876-010101010000,피부과,0,1,1,1,1
a385013c-f03e-11ef-9d31-010101010000,피부과,1,46,36,49,65
a386c30f-f03e-11ef-bf37-010101010000,외과,0,6,5,6,6
a387112c-f03e-11ef-bd1b-010101010000,외과,0,1,1,1,1
a387ad72-f03e-11ef-a167-010101010000,외과,1,861,759,827,894
a387ad73-f03e-11ef-aa0d-010101010000,내과,0,7,7,7,8
a3890d07-f03e-11ef-bb25-010101010000,내과,0,2,2,2,2
a3895b21-f03e-11ef-867b-010101010000,내과,0,1,1,1,1
a38ae1b9-f03e-11ef-b548-010101010000,내과,1,610,732,753,864
a38b56f1-f03e-11ef-a571-010101010000,피부과,1,3,3,3,4
a38c414c-f03e-11ef-bb24-010101010000,내과,0,1,1,2,2
a38c685a-f03e-11ef-ba12-010101010000,치과,0,50,69,92,89
a38fc3c6-f03e-11ef-866a-010101010000,내과,0,26,28,23,24
a390fc36-f03e-11ef-9010-010101010000,내과,0,3,4,6,3
a393945e-f03e-11ef-ba28-010101010000,내과,1,21,15,12,20
a3968e6d-f03e-11ef-85bc-010101010000,내과,1,4,5,4,3
a396b57f-f03e-11ef-bef2-010101010000,외과,0,1,1,1,2
a397c6f3-f03e-11ef-b36c-010101010000,내과,0,3,3,3,3
a3981515-f03e-11ef-ae8c-010101010000,외과,0,2,1,1,2
a3986331-f03e-11ef-a748-010101010000,외과,0,2,2,2,2
a398ff75-f03e-11ef-8ca1-010101010000,내과,0,2,2,2,2
a39a37f1-f03e-11ef-a0fa-010101010000,내과,1,3,2,2,2
a39cf70b-f03e-11ef-a0a8-010101010000,외과,0,15,16,16,21
a39cf70d-f03e-11ef-b987-010101010000,외과,0,2,3,2,3
a39d1e2c-f03e-11ef-b0c9-010101010000,내과,0,29,20,17,29
a39f4105-f03e-11ef-878a-010101010000,내과,0,1,1,1,1
a39f6815-f03e-11ef-8bf1-010101010000,내과,1,4,7,5,6
a39f8f38-f03e-11ef-935c-010101010000,내과,0,23,32,25,19
a39fb639-f03e-11ef-9033-010101010000,내과,1,1,1,1,1
a39fdd4a-f03e-11ef-83fc-010101010000,내과,0,34,39,43,27
a3a44a33-f03e-11ef-a493-010101010000,외과,1,1,1,1,1
a3a44a34-f03e-11ef-bacf-010101010000,외과,0,1,1,1,1
a3a4fa5d-f03e-11ef-8eed-010101010000,내과,1,120,129,97,90
a3a52169-f03e-11ef-8049-010101010000,내과,1,171,150,182,189
a3a56f7e-f03e-11ef-ab45-010101010000,내과,0,25,27,22,27
a3a60bca-f03e-11ef-a42a-010101010000,내과,0,115,185,174,162
a3a632d1-f03e-11ef-a78d-010101010000,내과,0,58,60,72,80
a3a6cf0b-f03e-11ef-acc1-010101010000,내과,0,1,1,1,1
a3a6f61b-f03e-11ef-ada7-010101010000,내과,0,23,24,25,16
a3a87cd1-f03e-11ef-9e5a-010101010000,내과,0,1,1,1,1
a3a94020-f03e-11ef-b2c6-010101010000,피부과,1,396,485,508,404
a3aaedc2-f03e-11ef-bf05-010101010000,외과,1,30,36,25,24
a3ab3be7-f03e-11ef-96c0-010101010000,내과,1,1,1,1,1
a3abff3a-f03e-11ef-b286-010101010000,내과,1,1,3,1,4
a3ace994-f03e-11ef-aad3-010101010000,외과,1,1,1,1,1
a3af3386-f03e-11ef-abd9-010101010000,내과,0,3,3,3,4
a3b09311-f03e-11ef-a7ac-010101010000,외과,1,3,3,3,6
a3b12f52-f03e-11ef-a423-010101010000,내과,0,9,5,8,10
a3b219e4-f03e-11ef-a3bf-010101010000,내과,0,1,1,1,3
a3b240f4-f03e-11ef-9ab4-010101010000,피부과,1,3,3,3,3
a3b26800-f03e-11ef-bfe8-010101010000,내과,1,1,1,1,2
a3b35264-f03e-11ef-991b-010101010000,피부과,0,1,1,1,1
a3b35265-f03e-11ef-9513-010101010000,내과,0,78,63,55,44
a3b58922-f03e-11ef-ac61-010101010000,내과,0,1,1,1,1
a3b5b03b-f03e-11ef-8772-010101010000,외과,1,1,1,1,1
a3b6737d-f03e-11ef-bff9-010101010000,외과,0,90,95,113,99
a3b69abf-f03e-11ef-afd4-010101010000,외과,1,94,93,108,91
a3b6e8b6-f03e-11ef-9418-010101010000,외과,1,338,330,312,369
a3b8bd76-f03e-11ef-a6e0-010101010000,외과,1,49,32,36,57
a3bab9a2-f03e-11ef-b8a0-010101010000,외과,1,5,5,5,5
a3bc8dff-f03e-11ef-afd1-010101010000,내과,0,1,1,1,1
a3bcdc22-f03e-11ef-9276-010101010000,내과,0,1,1,1,1
a3bcdc23-f03e-11ef-8e63-010101010000,내과,0,5,2,2,3
a3bd2a3f-f03e-11ef-8dbc-010101010000,외과,0,2,3,3,3
a3bd9f66-f03e-11ef-bc54-010101010000,외과,1,3,3,4,5
a3be149e-f03e-11ef-923d-010101010000,내과,1,406,372,498,471
a3be89cf-f03e-11ef-8087-010101010000,외과,1,1920,1766,1775,1776
a3beb0fc-f03e-11ef-b30b-010101010000,피부과,1,1,1,1,1
a3c0377c-f03e-11ef-94e4-010101010000,외과,0,16,18,17,32
a3c05e8f-f03e-11ef-ab03-010101010000,내과,1,1,1,1,1
a3c20c63-f03e-11ef-94e2-010101010000,내과,0,362,398,442,420
a3c395d2-f03e-11ef-b176-010101010000,내과,1,2038,2368,2909,2476
a3c3e3f8-f03e-11ef-93ac-010101010000,안과,0,9,9,8,13
a3c40b08-f03e-11ef-8ee4-010101010000,치과,0,437,463,840,1269
a3c4ce4d-f03e-11ef-b465-010101010000,안과,0,21,19,17,20
a3c4f5a0-f03e-11ef-aa78-010101010000,피부과,0,2,2,2,2
a3c51c74-f03e-11ef-88c6-010101010000,내과,0,5,5,5,5
a3c54380-f03e-11ef-9036-010101010000,내과,0,22,21,30,25
a3c5dfd6-f03e-11ef-8e15-010101010000,외과,0,2,2,2,2
a3c5dfd7-f03e-11ef-b15b-010101010000,피부과,0,7,7,7,8
a3c6a31b-f03e-11ef-8a17-010101010000,외과,0,1,1,1,1
a3c6ca2a-f03e-11ef-8e23-010101010000,외과,0,1,1,1,1
a3c78d75-f03e-11ef-a126-010101010000,피부과,1,10,15,16,19
a3c877f4-f03e-11ef-81e5-010101010000,외과,0,1,1,2,2
a3c89ee9-f03e-11ef-95b5-010101010000,내과,0,22,16,15,16
a3c9141b-f03e-11ef-a784-010101010000,내과,0,3,4,4,4
a3cae8d7-f03e-11ef-8985-010101010000,외과,0,1,1,1,1
a3cb36f3-f03e-11ef-9c67-010101010000,안과,0,30,34,50,42
a3cb5e06-f03e-11ef-a720-010101010000,외과,0,2,2,2,3
a3cbfa46-f03e-11ef-abca-010101010000,외과,1,2,2,2,2
a3cd32c4-f03e-11ef-a5bd-010101010000,내과,0,7,7,6,6
a3cdcf07-f03e-11ef-9805-010101010000,외과,1,2,2,2,2
a3ce4432-f03e-11ef-b771-010101010000,외과,0,23,27,29,25
a3cee075-f03e-11ef-8dd2-010101010000,외과,1,5,10,5,8
a3cfcad4-f03e-11ef-8227-010101010000,외과,1,178,177,163,201
a3cfcad6-f03e-11ef-af31-010101010000,내과,1,1,1,1,2
a3d06739-f03e-11ef-abf9-010101010000,내과,1,458,569,463,473
a3d0dc6b-f03e-11ef-899f-010101010000,외과,0,4,4,5,7
a3d15199-f03e-11ef-8b93-010101010000,내과,0,64,76,97,124
a3d55d1c-f03e-11ef-a21c-010101010000,피부과,1,2,2,2,2
a3d5842c-f03e-11ef-b4a7-010101010000,안과,0,6,7,4,9
a3d6959c-f03e-11ef-ab13-010101010000,내과,0,20,24,35,31
a3d731db-f03e-11ef-b09f-010101010000,내과,0,1057,1038,970,818
a3d758e7-f03e-11ef-b3c8-010101010000,치과,1,26,25,37,36
a3d7a70b-f03e-11ef-9f31-010101010000,내과,0,19,23,26,22
a3d9c9eb-f03e-11ef-83a0-010101010000,외과,1,33,32,33,36
a3da180d-f03e-11ef-b409-010101010000,외과,1,32,35,37,43
a3da6630-f03e-11ef-a2eb-010101010000,내과,0,8,8,8,9
a3da8d3b-f03e-11ef-bc52-010101010000,외과,1,1,1,1,1
a3dab448-f03e-11ef-8de5-010101010000,외과,0,593,619,540,421
a3db026b-f03e-11ef-ae40-010101010000,내과,1,2,2,2,2
a3dd736b-f03e-11ef-9326-010101010000,내과,0,2,2,2,2
a3ddc18b-f03e-11ef-a955-010101010000,외과,1,4,5,6,6
a3e032b9-f03e-11ef-8ef9-010101010000,내과,0,1,1,1,1
a3e24269-f03e-11ef-a37b-010101010000,내과,0,32,28,28,50
a3e26977-f03e-11ef-bbdd-010101010000,내과,0,1,1,1,1
a3e29088-f03e-11ef-92e8-010101010000,치과,0,1,1,1,1
a3e305b6-f03e-11ef-9897-010101010000,외과,0,8,9,8,9
a3e32cc8-f03e-11ef-955e-010101010000,내과,0,2,4,5,4
a3e353d9-f03e-11ef-a116-010101010000,내과,1,9,8,10,11
a3e54fa4-f03e-11ef-ab19-010101010000,내과,0,3,4,4,3
a3e5c4d9-f03e-11ef-965a-010101010000,내과,0,11,14,12,18
a3e612f4-f03e-11ef-8535-010101010000,내과,0,38,35,35,57
a3e63a08-f03e-11ef-8f93-010101010000,내과,0,123,125,123,125
a3e66116-f03e-11ef-9905-010101010000,내과,0,140,101,103,84
a3e6fd57-f03e-11ef-8486-010101010000,피부과,0,45,40,44,44
a3e94745-f03e-11ef-997e-010101010000,외과,1,14,18,17,16
a3e96e57-f03e-11ef-8022-010101010000,치과,0,7,8,10,13
a3ea0a95-f03e-11ef-8748-010101010000,피부과,0,1,1,1,1
a3ecc9d1-f03e-11ef-84e2-010101010000,외과,0,2,2,2,2
a3ecf0e2-f03e-11ef-9474-010101010000,내과,0,2,1,2,3
a3ed660e-f03e-11ef-859e-010101010000,내과,1,2,2,2,2
a3ef1400-f03e-11ef-9021-010101010000,내과,0,171,167,165,160
a3ef6222-f03e-11ef-830f-010101010000,외과,0,2,3,2,3
a3f09aa2-f03e-11ef-9bf1-010101010000,외과,1,2,2,2,2
a3f10fd4-f03e-11ef-8812-010101010000,내과,1,190,154,158,185
a3f171fc-f03e-11ef-aa0e-010101010000,외과,1,1,1,1,1
a3f1c01e-f03e-11ef-a806-010101010000,내과,0,2,2,2,2
a3f20e3d-f03e-11ef-a985-010101010000,외과,0,1,1,1,1
a3f23555-f03e-11ef-8bcd-010101010000,내과,1,742,837,1010,1201
a3f2f89c-f03e-11ef-9046-010101010000,피부과,1,7,12,15,14
a3f346bc-f03e-11ef-bf30-010101010000,내과,0,1,1,1,1
a3f36dd4-f03e-11ef-861a-010101010000,외과,0,1,1,1,1
a3f394df-f03e-11ef-b2ce-010101010000,내과,1,1,1,1,1
a3f3bbfc-f03e-11ef-8857-010101010000,외과,0,10,10,10,11
a3f4cd5d-f03e-11ef-bceb-010101010000,내과,1,3,3,3,3
a3f590b7-f03e-11ef-9935-010101010000,외과,1,14,18,19,12
a3f5ded7-f03e-11ef-a424-010101010000,내과,1,1,1,1,1
a3f6c99d-f03e-11ef-953c-010101010000,내과,1,7,6,7,10
a3f73e7b-f03e-11ef-8b31-010101010000,내과,1,672,678,552,672
a3f78c88-f03e-11ef-a65f-010101010000,내과,0,2,2,2,1
a3f828c7-f03e-11ef-b765-010101010000,외과,0,257,216,225,258
a3f876e6-f03e-11ef-8041-010101010000,내과,0,40,32,25,52
a3f89df6-f03e-11ef-ac13-010101010000,피부과,1,24,19,14,12
a3f98857-f03e-11ef-8cbb-010101010000,내과,0,951,1108,892,629
a3f9d676-f03e-11ef-9faf-010101010000,내과,0,36,23,24,20
a3fc2067-f03e-11ef-bc4f-010101010000,피부과,0,25,24,26,21
a3fda704-f03e-11ef-82f3-010101010000,외과,0,3,3,3,5
a3fdf516-f03e-11ef-a25c-010101010000,외과,1,13,25,16,33
a3fe4358-f03e-11ef-bb1e-010101010000,피부과,1,29,53,69,69
a3feb885-f03e-11ef-b524-010101010000,외과,0,10,10,12,13
a3ff06aa-f03e-11ef-b1c9-010101010000,치과,1,2195,2610,2830,2210
a3ff7bd9-f03e-11ef-856e-010101010000,외과,1,68,90,81,99
a3ffa2ea-f03e-11ef-aab8-010101010000,내과,1,1248,1490,1247,726
a3ffc9f7-f03e-11ef-b3a0-010101010000,피부과,1,216,242,205,284
a3fff102-f03e-11ef-8f41-010101010000,내과,1,138,134,103,137
a4001818-f03e-11ef-9cd0-010101010000,외과,0,12,8,9,12
a4018b8e-f03e-11ef-9fa4-010101010000,내과,0,350,398,382,280
a4029d13-f03e-11ef-bde4-010101010000,내과,0,5,5,3,6
a402eb1f-f03e-11ef-8c4c-010101010000,외과,1,215,229,232,257
a4031224-f03e-11ef-86e3-010101010000,외과,1,2,2,2,2
a4036043-f03e-11ef-99c5-010101010000,내과,1,450,469,507,434
a4042394-f03e-11ef-bc37-010101010000,외과,1,363,496,530,573
a40471b3-f03e-11ef-b7f2-010101010000,내과,1,64,79,45,33
a4053501-f03e-11ef-9ca1-010101010000,외과,1,209,191,206,301
a405834e-f03e-11ef-bc47-010101010000,치과,1,468,422,356,497
a405834f-f03e-11ef-b583-010101010000,외과,0,3,2,2,3
a405f854-f03e-11ef-b2c9-010101010000,피부과,0,129,147,127,99
a4064676-f03e-11ef-b97c-010101010000,내과,1,41,59,64,65
a406e2ac-f03e-11ef-abd7-010101010000,내과,1,15365,14533,15288,14797
a40730cb-f03e-11ef-be85-010101010000,내과,0,45,45,48,41
a4077eed-f03e-11ef-835f-010101010000,피부과,0,51,36,28,29
a4081b34-f03e-11ef-896f-010101010000,내과,1,2,2,2,1
a4084242-f03e-11ef-a44d-010101010000,내과,0,234,236,239,269
a40a1716-f03e-11ef-af2d-010101010000,내과,0,54,79,72,39
a40a3e13-f03e-11ef-b089-010101010000,치과,0,5527,6500,7205,5841
a40b9daa-f03e-11ef-8cbd-010101010000,내과,0,574,547,609,899
a40d9999-f03e-11ef-8293-010101010000,내과,1,405,446,358,509
a40f9566-f03e-11ef-8bc0-010101010000,외과,0,2,2,2,2
a410fa87-f03e-11ef-8923-010101010000,내과,1,18,18,22,20
a41196ca-f03e-11ef-a52d-010101010000,내과,1,12,13,11,11
a411e4eb-f03e-11ef-bae6-010101010000,치과,0,11,11,10,14
a411e4ed-f03e-11ef-9471-010101010000,피부과,0,93,76,79,84
a4125a1d-f03e-11ef-8d66-010101010000,외과,1,1,1,1,1
a41392a3-f03e-11ef-93f4-010101010000,외과,0,2,2,2,2
a4147cfb-f03e-11ef-9d3f-010101010000,외과,0,2,2,2,2
a414cb30-f03e-11ef-b242-010101010000,내과,0,2,2,2,2
a415dc8a-f03e-11ef-be20-010101010000,외과,0,2,2,2,2
a4169fda-f03e-11ef-815a-010101010000,내과,0,2,2,2,3
a4178a3d-f03e-11ef-b8be-010101010000,내과,0,5,4,5,3
a417d862-f03e-11ef-9d72-010101010000,내과,0,6,6,6,6
a417d863-f03e-11ef-9198-010101010000,피부과,1,9,9,10,11
a417ff6e-f03e-11ef-a197-010101010000,내과,0,34,28,29,54
a4189bb2-f03e-11ef-b10b-010101010000,외과,1,17,19,11,16
a4195eff-f03e-11ef-b4f8-010101010000,내과,1,2,2,2,2
a419d432-f03e-11ef-8220-010101010000,외과,0,1,1,1,1
a419fb45-f03e-11ef-b21e-010101010000,내과,1,875,872,828,802
a41abe8f-f03e-11ef-885f-010101010000,내과,0,1,1,1,1
a41f66b0-f03e-11ef-8af2-010101010000,외과,0,2,2,2,2
a41f8dc4-f03e-11ef-ae45-010101010000,내과,1,21,21,21,28
a422c215-f03e-11ef-8db4-010101010000,외과,1,2,1,1,2
a423fa9a-f03e-11ef-8d4f-010101010000,안과,0,10,7,12,13
a4246fc3-f03e-11ef-be72-010101010000,내과,0,4,3,2,2
a424e4f5-f03e-11ef-9289-010101010000,내과,1,1238,1247,1646,1496
a424e4f6-f03e-11ef-ad39-010101010000,내과,0,12415,12176,11015,11095
a4250c03-f03e-11ef-95f7-010101010000,피부과,0,2,2,2,2
a4253317-f03e-11ef-aebf-010101010000,내과,1,266,245,224,239
a4258131-f03e-11ef-b6ff-010101010000,외과,1,463,686,568,440
a425cf54-f03e-11ef-9ca8-010101010000,치과,0,133,125,142,189
a4272ee6-f03e-11ef-b16a-010101010000,외과,0,3,2,3,3
a428b584-f03e-11ef-ab79-010101010000,내과,1,2,3,2,2
a42951c6-f03e-11ef-bc8b-010101010000,외과,1,207,214,272,365
a42ad867-f03e-11ef-a1e2-010101010000,외과,0,185,183,190,191
a42b267d-f03e-11ef-be62-010101010000,외과,0,48,45,44,56
a42b4d95-f03e-11ef-9269-010101010000,외과,0,3,3,3,3
a42bc2cc-f03e-11ef-b264-010101010000,외과,0,1,1,1,1
a42c864a-f03e-11ef-a1dc-010101010000,외과,0,71,76,96,90
a42d97bc-f03e-11ef-94d1-010101010000,외과,0,17,20,18,18
a42e20ab-f03e-11ef-ba96-010101010000,내과,0,41,59,18,37
a42ebd24-f03e-11ef-9d27-010101010000,내과,0,16,18,15,32
a430b8fd-f03e-11ef-b2b8-010101010000,내과,1,1,1,1,1
a430e00a-f03e-11ef-9500-010101010000,내과,0,5,4,4,11
a4312e21-f03e-11ef-88b4-010101010000,외과,0,2,2,2,2
a4315532-f03e-11ef-ae49-010101010000,피부과,0,1,1,1,1
a431a358-f03e-11ef-90c5-010101010000,내과,0,17,15,19,70
a431ca67-f03e-11ef-888c-010101010000,외과,0,54,36,20,59
a4328db3-f03e-11ef-bf0d-010101010000,내과,0,340,304,311,441
a433511e-f03e-11ef-905a-010101010000,내과,0,1,1,1,1
a4339f24-f03e-11ef-bcca-010101010000,내과,0,1,1,1,1
a4341453-f03e-11ef-9678-010101010000,외과,0,1,1,1,1
a434d79f-f03e-11ef-904f-010101010000,외과,0,18,14,13,21
a4354cd4-f03e-11ef-aa70-010101010000,내과,0,206,196,180,193
a436373a-f03e-11ef-a2a7-010101010000,외과,0,1,1,1,1
a436ac65-f03e-11ef-8db1-010101010000,내과,1,81,85,97,89
a438a83b-f03e-11ef-9917-010101010000,피부과,0,1,1,1,1
a438cf49-f03e-11ef-b735-010101010000,내과,0,2071,1862,1091,910
a43992a0-f03e-11ef-bc17-010101010000,내과,1,22,20,25,25
a43c51ef-f03e-11ef-b611-010101010000,내과,1,211,200,205,218
a43c7901-f03e-11ef-8f27-010101010000,내과,1,35,52,58,57
a43deca9-f03e-11ef-acb8-010101010000,내과,0,2,2,2,2
a43e88e5-f03e-11ef-9174-010101010000,내과,0,6,6,5,7
a43f9a5e-f03e-11ef-8209-010101010000,외과,0,1,1,1,1
a43fc16b-f03e-11ef-868f-010101010000,내과,0,39,40,45,32
a43fe87a-f03e-11ef-b85e-010101010000,피부과,1,1,1,1,1
a44120f3-f03e-11ef-acc9-010101010000,내과,1,3357,2817,2819,2966
a4425975-f03e-11ef-a8d5-010101010000,내과,1,2,2,2,1
a4436ae6-f03e-11ef-9483-010101010000,내과,1,7,7,6,5
a444a34b-f03e-11ef-b72c-010101010000,내과,1,347,396,700,809
a444f17a-f03e-11ef-bf4d-010101010000,치과,0,339,221,352,258
a445dbda-f03e-11ef-aad1-010101010000,내과,0,341,434,297,369
a44602ee-f03e-11ef-87e1-010101010000,피부과,0,131,112,109,101
a4471461-f03e-11ef-bc5e-010101010000,치과,0,6,5,4,6
a4495e5c-f03e-11ef-92dc-010101010000,내과,0,1,1,1,1
a449d379-f03e-11ef-b24d-010101010000,내과,0,774,821,616,725
a44a2199-f03e-11ef-a1a3-010101010000,피부과,0,6,4,5,8
a44b8152-f03e-11ef-b7a9-010101010000,내과,0,17,20,21,34
a44bf67f-f03e-11ef-8269-010101010000,치과,0,1,1,1,1
a44c6bb0-f03e-11ef-bbf4-010101010000,내과,1,1,1,1,1
a44ea268-f03e-11ef-8c62-010101010000,외과,1,1,1,1,1
a44ec976-f03e-11ef-95b3-010101010000,외과,1,2,2,2,2
a4622bf7-f03e-11ef-b155-010101010000,내과,0,1,1,1,1
a4622bf8-f03e-11ef-97b8-010101010000,외과,0,13,13,19,22
a462530a-f03e-11ef-8b3d-010101010000,내과,0,1,1,1,1
a4633d72-f03e-11ef-b532-010101010000,외과,0,13,18,16,19
a4638b90-f03e-11ef-a589-010101010000,안과,0,861,629,662,472
a46400b9-f03e-11ef-8f51-010101010000,외과,1,240,279,238,199
a4649cf9-f03e-11ef-8e94-010101010000,내과,0,7,6,7,6
a468948d-f03e-11ef-8bd6-010101010000,내과,0,209,170,194,249
a468948e-f03e-11ef-bc40-010101010000,내과,0,741,718,446,606
a468bbad-f03e-11ef-9ccf-010101010000,내과,0,115,138,200,171
a46a1b44-f03e-11ef-82b4-010101010000,외과,0,1526,1535,1313,1178
a46d0449-f03e-11ef-bb25-010101010000,내과,0,405,317,324,527
a46e15b8-f03e-11ef-98bb-010101010000,안과,0,1963,2360,3174,4384
a46e3ccb-f03e-11ef-a505-010101010000,내과,0,5,3,2,4
a46e63d7-f03e-11ef-b104-010101010000,내과,1,1,1,1,1
a46f4e39-f03e-11ef-a810-010101010000,외과,0,135,133,172,142
a47086b7-f03e-11ef-8e3d-010101010000,내과,0,2,2,3,2
a4723457-f03e-11ef-8a9d-010101010000,내과,0,1072,990,983,958
a472f7a7-f03e-11ef-87bd-010101010000,피부과,1,387,418,389,489
a473e205-f03e-11ef-a976-010101010000,외과,1,132,139,138,352
a474a564-f03e-11ef-a92f-010101010000,피부과,0,624,495,450,567
a47568b6-f03e-11ef-a3c6-010101010000,내과,0,1,1,1,1
a476c835-f03e-11ef-8715-010101010000,내과,1,3,4,4,5
a479fcd6-f03e-11ef-ae3a-010101010000,내과,0,1,1,1,1
a47a71f3-f03e-11ef-9fca-010101010000,외과,0,2,1,1,1
a47aad1b-f03e-11ef-8918-010101010000,외과,1,19,14,25,16
a47ad42d-f03e-11ef-b688-010101010000,내과,0,194,218,290,172
a47bbe8a-f03e-11ef-bb44-010101010000,내과,1,2975,3234,3547,3186
a47d6c3d-f03e-11ef-9c4d-010101010000,내과,1,31,30,32,28
a47de16b-f03e-11ef-80ab-010101010000,내과,0,2,2,2,2
a47e56a7-f03e-11ef-a1c6-010101010000,내과,0,511,502,525,459
a47e7dac-f03e-11ef-a3eb-010101010000,외과,0,1202,1100,1135,1098
a481b1f8-f03e-11ef-8734-010101010000,내과,1,5171,5634,4529,5150
a4833898-f03e-11ef-be88-010101010000,치과,0,315,285,304,313
a4875749-f03e-11ef-8406-010101010000,외과,0,32,30,51,38
a487ccb3-f03e-11ef-8f39-010101010000,피부과,0,4,4,4,4
a4881ad1-f03e-11ef-8728-010101010000,안과,0,34,32,32,37
a4881ad3-f03e-11ef-a1b2-010101010000,외과,0,4288,5878,5948,2728
a488b711-f03e-11ef-b657-010101010000,내과,0,3510,4447,5514,4513
a488de2a-f03e-11ef-8ec1-010101010000,피부과,0,762,769,1031,770
a488de2b-f03e-11ef-8ce0-010101010000,피부과,0,932,1154,892,1083
a48ac6c3-f03e-11ef-84db-010101010000,피부과,0,12115,13571,13200,11579
a48bd835-f03e-11ef-9ac6-010101010000,외과,0,3,5,5,5
a48bff42-f03e-11ef-aed8-010101010000,내과,0,80,79,75,89
a48c4d66-f03e-11ef-ba25-010101010000,내과,0,13,13,9,10
a48ce9a4-f03e-11ef-aafc-010101010000,내과,0,4306,4724,3817,3994
a48e9752-f03e-11ef-9246-010101010000,내과,1,256,322,272,309
a48e9753-f03e-11ef-ac70-010101010000,내과,0,8,6,7,10
a48f338b-f03e-11ef-87bf-010101010000,외과,0,514,490,475,499
a49044f8-f03e-11ef-a8d4-010101010000,치과,1,2353,2771,3146,3098
a490ba2c-f03e-11ef-80eb-010101010000,치과,1,297,282,305,202
a491a4a0-f03e-11ef-9922-010101010000,피부과,0,1,1,1,1
a49240d5-f03e-11ef-b6ec-010101010000,내과,0,734,1225,1566,1653
a49267e4-f03e-11ef-afc3-010101010000,내과,0,62,63,79,63
a4928ef3-f03e-11ef-bb54-010101010000,피부과,0,202,149,199,137
a492b609-f03e-11ef-96de-010101010000,내과,0,211,172,187,194
a49463af-f03e-11ef-b145-010101010000,피부과,1,532,643,503,481
a4948b0a-f03e-11ef-b9bf-010101010000,피부과,0,317,335,431,360
a49686a8-f03e-11ef-a389-010101010000,내과,1,13,16,15,14
a496fbe9-f03e-11ef-b9c1-010101010000,내과,0,4,5,5,3
a49722f8-f03e-11ef-807d-010101010000,내과,0,10,11,8,13
a4977150-f03e-11ef-a963-010101010000,내과,0,2951,3574,3711,4562
a4985b97-f03e-11ef-a734-010101010000,내과,1,23,41,28,16
a49882a7-f03e-11ef-8f00-010101010000,내과,1,2895,5141,3782,4285
a49a5ac7-f03e-11ef-a9b3-010101010000,내과,1,116,124,85,89
a49af704-f03e-11ef-8be4-010101010000,피부과,0,15,15,16,18
a49c7da2-f03e-11ef-a58b-010101010000,피부과,1,4,4,4,2
a49d40d6-f03e-11ef-9193-010101010000,내과,0,148,212,199,250
a49e042d-f03e-11ef-a16d-010101010000,내과,0,2,3,2,2
a49fd8e2-f03e-11ef-b753-010101010000,치과,0,6,6,6,5
a4a0c34a-f03e-11ef-b446-010101010000,내과,0,278,341,236,258
a4a1116d-f03e-11ef-bbb6-010101010000,피부과,1,2688,2818,3260,3439
a4a15f86-f03e-11ef-a3e0-010101010000,외과,0,37,36,31,32
a4a18695-f03e-11ef-a09a-010101010000,내과,0,332,341,416,485
a4a18696-f03e-11ef-b8d0-010101010000,피부과,0,17,15,20,15
a4a1ada7-f03e-11ef-a8f2-010101010000,내과,1,21,21,28,13
a4a249e4-f03e-11ef-bf3e-010101010000,내과,0,14,15,19,24
a4a35b5b-f03e-11ef-ad5e-010101010000,내과,1,33,39,47,49
a4a3d085-f03e-11ef-bd38-010101010000,안과,0,657,692,927,874
a4a493d2-f03e-11ef-bbcc-010101010000,외과,0,2068,1845,1924,1973
a4a5300d-f03e-11ef-a229-010101010000,외과,1,556,592,434,299
a4a57e3b-f03e-11ef-8474-010101010000,내과,0,3,3,5,4
a4a5f367-f03e-11ef-a31d-010101010000,안과,0,4,4,5,4
a4a6b6d8-f03e-11ef-be11-010101010000,피부과,0,4667,6412,6715,4757
a4a6b6d9-f03e-11ef-b5b7-010101010000,내과,1,31,35,19,100
a4a77a28-f03e-11ef-8f7d-010101010000,외과,0,1858,2234,1228,1259
a4a7c848-f03e-11ef-9925-010101010000,외과,1,899,913,812,830
a4a8697a-f03e-11ef-946c-010101010000,내과,0,1,1,1,1
a4a92ccf-f03e-11ef-9d01-010101010000,치과,1,269,295,285,488
a4a9c910-f03e-11ef-919e-010101010000,외과,0,205,238,264,190
a4aa3e3e-f03e-11ef-aaae-010101010000,치과,1,137,159,179,136
a4aa654f-f03e-11ef-8752-010101010000,내과,0,5,7,14,11
a4aab35b-f03e-11ef-ac32-010101010000,내과,1,90,115,144,144
a4ab4fb3-f03e-11ef-aa32-010101010000,내과,0,5347,5644,5481,3304
a4ab9dcf-f03e-11ef-bcb9-010101010000,내과,1,14,19,14,16
a4abebf2-f03e-11ef-9d50-010101010000,피부과,0,13,13,15,15
a4adc08d-f03e-11ef-8f27-010101010000,내과,0,1626,1876,2165,1656
a4afe373-f03e-11ef-89d1-010101010000,내과,1,42,59,45,49
a4afe374-f03e-11ef-b456-010101010000,치과,0,996,1124,736,466
a4b0cdd0-f03e-11ef-859b-010101010000,내과,0,13,10,13,12
a4b33ece-f03e-11ef-8e56-010101010000,내과,1,2478,2638,2602,2391
a4b365e3-f03e-11ef-b77f-010101010000,내과,0,259,274,278,376
a4b3db0e-f03e-11ef-b91d-010101010000,내과,0,93,109,126,115
a4b53ab0-f03e-11ef-88cf-010101010000,치과,0,3,3,3,3
a4b70fa1-f03e-11ef-902d-010101010000,내과,0,48,51,33,34
a4b736c0-f03e-11ef-9d4c-010101010000,피부과,1,1489,1345,960,1025
a4b7bff9-f03e-11ef-8efc-010101010000,안과,0,13,9,7,9
a4b8d16a-f03e-11ef-a184-010101010000,안과,0,1,1,1,1
a4b9bbd1-f03e-11ef-a55e-010101010000,피부과,0,2,2,2,2
a4ba3100-f03e-11ef-9484-010101010000,내과,0,104,140,123,146
a4baa62d-f03e-11ef-8373-010101010000,내과,0,15,15,15,23
a4bb9086-f03e-11ef-83c9-010101010000,내과,0,5253,6803,4715,5111
a4bd654c-f03e-11ef-b1eb-010101010000,내과,0,3,3,4,2
a4bdb36a-f03e-11ef-bfea-010101010000,내과,1,584,562,398,539
a4bdda7c-f03e-11ef-b004-010101010000,피부과,0,34,33,39,44
a4be289b-f03e-11ef-aaa6-010101010000,피부과,0,212,194,255,187
a4be4faf-f03e-11ef-b7d7-010101010000,피부과,0,1222,962,832,976
a4bfaf3a-f03e-11ef-9eb2-010101010000,내과,1,931,1252,1165,999
a4bfd649-f03e-11ef-ac30-010101010000,피부과,0,45,46,37,42
a4c0e7ba-f03e-11ef-836a-010101010000,외과,1,2296,1996,2363,1573
a4c2bc7f-f03e-11ef-ba4c-010101010000,외과,0,32,38,51,25
a4c30a9a-f03e-11ef-8985-010101010000,피부과,1,102,157,197,94
a4c30a9b-f03e-11ef-b6fb-010101010000,외과,0,490,434,391,462
a4c3f557-f03e-11ef-bd17-010101010000,외과,0,28,32,39,44
a4c44332-f03e-11ef-899a-010101010000,치과,0,186,185,269,325
a4c4b87a-f03e-11ef-846e-010101010000,치과,0,1146,1313,1319,1193
a4c4df88-f03e-11ef-90ea-010101010000,피부과,0,3910,3756,3474,4801
a4c554bd-f03e-11ef-b284-010101010000,외과,1,617,639,600,586
a4c5c9f1-f03e-11ef-9ec9-010101010000,내과,0,449,414,299,257
a4c73ddb-f03e-11ef-bc04-010101010000,내과,0,37,39,43,56
a4c764ec-f03e-11ef-974a-010101010000,내과,0,76,105,91,80
a4cac0ea-f03e-11ef-b77a-010101010000,피부과,0,2716,2563,1871,2653
a4cb0e6b-f03e-11ef-884b-010101010000,내과,1,2438,3216,2949,3535
a4cbaaaa-f03e-11ef-895d-010101010000,외과,0,8,9,14,13
a4cd314d-f03e-11ef-a464-010101010000,내과,0,1611,1227,1147,2164
a4cd585e-f03e-11ef-b3ff-010101010000,치과,1,1267,1279,1357,1302
a4cda681-f03e-11ef-b78a-010101010000,내과,0,671,1117,1030,371
a4cf542c-f03e-11ef-ab5a-010101010000,내과,0,2389,2909,3111,2782
a4cfc960-f03e-11ef-9a8c-010101010000,외과,1,110,103,77,87
a4d08cab-f03e-11ef-bbbe-010101010000,내과,1,77,90,118,178
a4d0b3b9-f03e-11ef-b44b-010101010000,내과,1,497,579,506,536
a4d101ed-f03e-11ef-b84d-010101010000,내과,0,33,48,50,70
a4d19e1d-f03e-11ef-b156-010101010000,내과,0,326,331,365,221
a4d2134d-f03e-11ef-99f2-010101010000,내과,0,1614,1832,1840,2081
a4d29c40-f03e-11ef-8cad-010101010000,피부과,0,7809,10417,9167,6681
a4d2ea96-f03e-11ef-a195-010101010000,내과,0,5215,7208,5655,4528
a4d3d52d-f03e-11ef-b367-010101010000,내과,1,60,67,93,125
a4d3fc3f-f03e-11ef-832b-010101010000,외과,1,138,139,146,172
a4d4716b-f03e-11ef-8371-010101010000,내과,1,1,1,1,1
a4d55bd0-f03e-11ef-b89d-010101010000,내과,0,40,39,36,36
a4d60bdb-f03e-11ef-a46f-010101010000,내과,0,1255,1182,1236,1293
a4d6815f-f03e-11ef-a17f-010101010000,내과,0,13079,12343,12052,14201
a4d6f674-f03e-11ef-b8a7-010101010000,내과,1,273,293,202,247
a4d8a430-f03e-11ef-9bec-010101010000,피부과,1,404,438,400,358
a4dbd87b-f03e-11ef-8da9-010101010000,내과,0,1507,1790,1508,1318
a4dd10f9-f03e-11ef-ad4a-010101010000,내과,0,560,647,715,560
a4de9780-f03e-11ef-8c46-010101010000,내과,0,1792,1541,1527,1355
a4dee5a4-f03e-11ef-8411-010101010000,내과,0,74,80,65,79
a4dff72d-f03e-11ef-8b31-010101010000,내과,1,20,26,24,24
a4e10893-f03e-11ef-b4cf-010101010000,외과,1,411,514,454,393
a4e30478-f03e-11ef-8c88-010101010000,치과,0,30,31,31,19
a4e32bc8-f03e-11ef-9922-010101010000,내과,0,270,306,564,621
a4e379eb-f03e-11ef-ba1b-010101010000,내과,0,4617,4757,3975,4627
a4e3a0fb-f03e-11ef-833f-010101010000,안과,0,3,3,2,3
a4e43d3a-f03e-11ef-8dd5-010101010000,피부과,0,517,633,731,704
a4e4644b-f03e-11ef-a051-010101010000,내과,0,50,57,64,60
a4e4b26b-f03e-11ef-a283-010101010000,외과,0,5,5,4,6
a4e54e96-f03e-11ef-bcb3-010101010000,내과,0,455,535,488,419
a4e5eed1-f03e-11ef-80ad-010101010000,피부과,0,1,1,1,1
a4e72752-f03e-11ef-a419-010101010000,내과,0,1,1,1,1
a4e79c85-f03e-11ef-904f-010101010000,안과,0,1,1,1,1
a4e81199-f03e-11ef-9e8b-010101010000,내과,0,65,64,47,68
a4e85fb5-f03e-11ef-b8e4-010101010000,내과,1,7,9,11,11
a4e886c5-f03e-11ef-a4e2-010101010000,내과,0,2,3,5,3
a4e92305-f03e-11ef-b35b-010101010000,외과,0,321,303,323,341
a4e94a15-f03e-11ef-a6a8-010101010000,외과,1,1,1,2,1
a4e94a16-f03e-11ef-afeb-010101010000,피부과,0,2,2,2,1
a4ead0d3-f03e-11ef-a399-010101010000,내과,0,9,8,8,9
a4eb6d13-f03e-11ef-9573-010101010000,내과,1,5,5,5,5
a4eca591-f03e-11ef-a439-010101010000,피부과,0,1,1,1,1
a4ed8ff9-f03e-11ef-be8c-010101010000,외과,1,1430,1287,1419,1237
a4ee7a54-f03e-11ef-b2b6-010101010000,내과,0,1,1,1,1
a4f027fe-f03e-11ef-b1f7-010101010000,내과,1,3,3,3,3
a4f02800-f03e-11ef-91a5-010101010000,외과,1,8,8,9,7
a4f09d33-f03e-11ef-bc3a-010101010000,내과,1,1,1,1,1
a4f18792-f03e-11ef-95ed-010101010000,외과,0,29,34,30,21
a4f1d5b2-f03e-11ef-bbe6-010101010000,내과,1,208,210,273,219
a4f1fca4-f03e-11ef-9095-010101010000,내과,1,12,14,13,7
a4f30e6e-f03e-11ef-9a9c-010101010000,외과,0,56,33,35,45
a4f38399-f03e-11ef-bc3f-010101010000,내과,1,45,52,52,53
a4f3aaaf-f03e-11ef-88e3-010101010000,내과,1,3,2,3,3
a4f3d1b8-f03e-11ef-b563-010101010000,피부과,0,3,3,3,4
a4f5937f-f03e-11ef-ae37-010101010000,치과,0,266,411,474,324
a4f6cbfc-f03e-11ef-b43c-010101010000,안과,0,3,3,3,5
a4f71a10-f03e-11ef-8b6b-010101010000,내과,1,1,1,1,1
a4f80464-f03e-11ef-9028-010101010000,치과,1,4,4,4,4
a4f85284-f03e-11ef-85af-010101010000,외과,1,161,160,136,119
a4f93cdf-f03e-11ef-a5c8-010101010000,내과,0,1,1,1,1
a4fa2744-f03e-11ef-9386-010101010000,내과,0,2,3,3,3
a4faea98-f03e-11ef-a70e-010101010000,외과,1,20,17,28,28
a4fb86f4-f03e-11ef-a869-010101010000,피부과,0,2,2,2,3
a4fda9ce-f03e-11ef-b8fd-010101010000,외과,1,6,6,5,6
a4fdd0de-f03e-11ef-a33b-010101010000,외과,1,1,1,1,1
a4fe1ef9-f03e-11ef-b92f-010101010000,외과,1,1,1,2,3
a4ff0957-f03e-11ef-9a46-010101010000,내과,0,1,1,1,1
a4ff0959-f03e-11ef-b86a-010101010000,내과,1,1,1,1,1
a5008ff7-f03e-11ef-94d4-010101010000,외과,1,1,1,1,1
a5015344-f03e-11ef-8da4-010101010000,내과,0,1,1,1,1
a5017a52-f03e-11ef-a622-010101010000,외과,0,2,2,2,4
a502da21-f03e-11ef-8ad3-010101010000,외과,0,1,1,2,1
a5039d6b-f03e-11ef-ba72-010101010000,내과,1,30,50,63,53
a5042693-f03e-11ef-a764-010101010000,외과,0,2,2,2,2
a5055f1b-f03e-11ef-a1a6-010101010000,내과,1,113,107,160,105
a50670a7-f03e-11ef-80a0-010101010000,내과,0,2,2,1,1
a50670a8-f03e-11ef-b268-010101010000,내과,0,6,7,8,10
a5070cb1-f03e-11ef-9795-010101010000,내과,1,1,1,1,1
a50733da-f03e-11ef-9d32-010101010000,피부과,1,777,793,905,826
a507a904-f03e-11ef-9437-010101010000,외과,1,88,93,102,74
a507d01a-f03e-11ef-ac5d-010101010000,내과,0,1,1,1,1
a507f72a-f03e-11ef-9c43-010101010000,내과,1,3,3,3,4
a5081e20-f03e-11ef-a06c-010101010000,내과,1,1520,1439,1612,1644
a50a8f3c-f03e-11ef-96d5-010101010000,외과,1,80,113,193,170
a50ba0aa-f03e-11ef-a5f6-010101010000,내과,0,7,7,9,8
a50bc7bc-f03e-11ef-93b0-010101010000,외과,0,2,2,2,2
a50d2747-f03e-11ef-8e79-010101010000,내과,0,1,1,1,1
a50d4e58-f03e-11ef-b3e3-010101010000,내과,1,342,328,295,258
a50e5fc9-f03e-11ef-ac82-010101010000,외과,0,13,13,13,15
a50ed4f6-f03e-11ef-bae7-010101010000,피부과,0,2,1,1,2
a50ed4f7-f03e-11ef-8ef9-010101010000,내과,1,16,15,16,18
a50f4a2c-f03e-11ef-b7cd-010101010000,내과,0,2,4,2,2
a50f984e-f03e-11ef-8ba3-010101010000,내과,1,23,28,30,28
a510a9b9-f03e-11ef-ac03-010101010000,외과,1,129,102,99,57
a510f820-f03e-11ef-9fa8-010101010000,내과,0,42,52,53,42
a511bb71-f03e-11ef-91bd-010101010000,내과,0,11,13,11,21
a511e280-f03e-11ef-86f0-010101010000,내과,1,59,79,99,114
a511e281-f03e-11ef-92d7-010101010000,내과,1,1,1,1,1
a5120995-f03e-11ef-9f25-010101010000,내과,0,1,1,1,1
a51257b3-f03e-11ef-9382-010101010000,안과,1,1,1,1,1
a5137d25-f03e-11ef-ad51-010101010000,외과,0,1,1,1,1
a513a434-f03e-11ef-9e6d-010101010000,외과,0,2,2,2,2
a513cb48-f03e-11ef-a022-010101010000,내과,1,86,129,138,183
a514b5a7-f03e-11ef-a442-010101010000,외과,0,1,1,2,2
a51503c5-f03e-11ef-9bc3-010101010000,외과,1,144,148,231,177
a5152ad4-f03e-11ef-9cbe-010101010000,내과,1,15,20,27,28
a51551e4-f03e-11ef-ba0b-010101010000,치과,0,1,1,1,1
a51726a2-f03e-11ef-b31e-010101010000,내과,1,16,15,17,16
a5179bb5-f03e-11ef-9c0b-010101010000,외과,1,937,1001,1008,924
a51810e7-f03e-11ef-be2d-010101010000,내과,0,63,83,56,43
a5185efb-f03e-11ef-b11d-010101010000,내과,1,93,109,111,109
a51b1e47-f03e-11ef-a1b7-010101010000,외과,1,5,5,5,6
a51b1e48-f03e-11ef-9a38-010101010000,내과,1,5,8,9,8
a51bba86-f03e-11ef-b723-010101010000,치과,0,1,1,1,1
a51c7ddd-f03e-11ef-9a03-010101010000,내과,1,76,78,72,85
a51ca4e5-f03e-11ef-93d2-010101010000,내과,1,342,383,375,371
a51d4128-f03e-11ef-bb57-010101010000,내과,1,35,37,37,37
a51db656-f03e-11ef-bcb4-010101010000,내과,1,3,2,2,3
a51ddd6a-f03e-11ef-a797-010101010000,외과,1,13,16,16,14
a51e2b8a-f03e-11ef-9ac1-010101010000,내과,1,1,1,1,1
a52111fb-f03e-11ef-afd8-010101010000,내과,1,19,19,18,14
a5218792-f03e-11ef-a8cf-010101010000,외과,1,47,46,35,73
a5225e39-f03e-11ef-807e-010101010000,내과,1,12,14,14,8
a5228593-f03e-11ef-b49d-010101010000,내과,1,3,2,3,4
a523e52e-f03e-11ef-aca2-010101010000,외과,1,2,2,2,2
a524cf7c-f03e-11ef-b116-010101010000,내과,1,32,24,42,39
a5262f1b-f03e-11ef-9a74-010101010000,내과,1,2,2,2,2
a5267d36-f03e-11ef-92c7-010101010000,내과,1,88,120,113,95
a526a44d-f03e-11ef-93bf-010101010000,내과,0,9,9,8,9
a526f26d-f03e-11ef-a7c9-010101010000,내과,1,455,462,361,718
a5278eaf-f03e-11ef-a7c0-010101010000,내과,0,1343,978,932,1088
a527dcce-f03e-11ef-a353-010101010000,내과,1,68,74,73,43
a5293c41-f03e-11ef-9534-010101010000,내과,1,147,188,206,208
a52a26b3-f03e-11ef-8bb9-010101010000,피부과,0,100,92,64,60
a52a26b5-f03e-11ef-905c-010101010000,내과,0,26,29,18,20
a52b5f34-f03e-11ef-8456-010101010000,내과,1,9765,8419,8887,8565
a52c7092-f03e-11ef-9fb8-010101010000,외과,0,1058,1017,1026,931
a52d5aeb-f03e-11ef-89e7-010101010000,내과,0,2880,4131,4317,1998
a52e1e3b-f03e-11ef-b177-010101010000,내과,0,101,85,116,159
a52ee1ab-f03e-11ef-adfb-010101010000,내과,0,307,228,285,362
a530ddc2-f03e-11ef-ac03-010101010000,내과,1,1139,1228,1119,1201
a531a108-f03e-11ef-a5ed-010101010000,피부과,0,1033,1345,2242,1822
a53266bd-f03e-11ef-b59a-010101010000,내과,0,1886,3053,3599,3361
a53266be-f03e-11ef-adfd-010101010000,외과,1,15,18,8,10
a5328dcf-f03e-11ef-9cc4-010101010000,내과,0,77,81,79,75
a533782c-f03e-11ef-9126-010101010000,내과,0,36,44,39,27
a5339f3a-f03e-11ef-bbda-010101010000,내과,1,12,10,7,15
a5341460-f03e-11ef-b7e7-010101010000,외과,0,1,1,1,1
a534b0a9-f03e-11ef-bbe2-010101010000,내과,0,17,16,16,13
a534d7bf-f03e-11ef-9e16-010101010000,치과,0,1,1,1,1
a534fecd-f03e-11ef-9544-010101010000,내과,1,4990,6743,7294,7478
a5354ce9-f03e-11ef-8cdd-010101010000,외과,0,1,1,1,1
a5359b0f-f03e-11ef-ba5b-010101010000,외과,0,356,350,413,364
a5368567-f03e-11ef-8579-010101010000,피부과,0,229,245,204,336
a536fa9c-f03e-11ef-913e-010101010000,내과,0,19,22,18,16
a5376fca-f03e-11ef-bbcd-010101010000,내과,1,2043,2045,1661,1568
a5385a2b-f03e-11ef-bd02-010101010000,외과,0,2039,1737,1508,1348
a539447b-f03e-11ef-8a32-010101010000,내과,0,248,277,284,409
a5399297-f03e-11ef-8306-010101010000,내과,0,670,863,1396,760
a53af239-f03e-11ef-a4d5-010101010000,내과,0,665,723,859,802
a53b405c-f03e-11ef-9da5-010101010000,내과,0,1003,1623,2831,1726
a53bb5a5-f03e-11ef-87e5-010101010000,내과,0,504,487,521,409
a53bdc9c-f03e-11ef-8d07-010101010000,내과,1,538,655,467,612
a53c78db-f03e-11ef-9ba4-010101010000,내과,0,8230,6786,6405,5637
a53c9fec-f03e-11ef-a696-010101010000,피부과,0,30,40,46,36
a53f5f52-f03e-11ef-bf2e-010101010000,내과,0,26,25,23,25
a540e5da-f03e-11ef-9594-010101010000,외과,0,91,96,160,64
a54220a6-f03e-11ef-8a82-010101010000,외과,0,3017,3754,4142,3115
a5426ec4-f03e-11ef-8e3a-010101010000,내과,0,26,35,23,13
a543a742-f03e-11ef-adfa-010101010000,피부과,1,106,121,133,105
a54491a3-f03e-11ef-9c7a-010101010000,피부과,0,3352,3876,3902,3089
a544dfc3-f03e-11ef-b8bb-010101010000,외과,0,86,49,69,65
a5452de4-f03e-11ef-9cb6-010101010000,외과,0,578,579,722,473
a545a312-f03e-11ef-b40f-010101010000,내과,0,26,28,32,37
a5466661-f03e-11ef-b8bf-010101010000,내과,1,1,1,1,1
a546b484-f03e-11ef-a806-010101010000,내과,0,1,1,1,1
a5492584-f03e-11ef-a858-010101010000,내과,0,59,51,67,54
a5494c92-f03e-11ef-9982-010101010000,내과,0,1206,1531,1277,1887
a549e8d2-f03e-11ef-a2e1-010101010000,내과,0,36,36,27,53
a549e8d4-f03e-11ef-a33b-010101010000,내과,1,1,2,1,1
a54b9681-f03e-11ef-badd-010101010000,내과,1,45,41,38,77
a54c32c4-f03e-11ef-8ae6-010101010000,내과,0,129,129,151,111
a54ccee4-f03e-11ef-b659-010101010000,내과,1,1392,1344,1086,1045
a54e078b-f03e-11ef-be4c-010101010000,내과,0,146,150,133,257
a54f8e2e-f03e-11ef-b919-010101010000,외과,0,23,16,27,12
a5502a6a-f03e-11ef-8680-010101010000,치과,1,1,1,1,1
a550a3ba-f03e-11ef-ab34-010101010000,피부과,0,7956,8485,8582,8842
a550cac0-f03e-11ef-b8bc-010101010000,내과,0,106,132,117,166
a55314c2-f03e-11ef-a289-010101010000,내과,0,55,44,41,80
a5569726-f03e-11ef-889c-010101010000,피부과,0,3177,3063,4353,3086
a556be35-f03e-11ef-85ed-010101010000,내과,0,1133,859,1079,1234
a557818f-f03e-11ef-9cea-010101010000,내과,0,23,16,15,25
a557cfa7-f03e-11ef-bb0d-010101010000,내과,0,235,243,265,142
a5581dcb-f03e-11ef-b31b-010101010000,내과,0,3,3,3,4
a5586bf2-f03e-11ef-b0a4-010101010000,내과,0,910,933,917,984
a559f28c-f03e-11ef-8fc5-010101010000,내과,0,7236,7363,8186,7347
a55a40aa-f03e-11ef-a7c2-010101010000,외과,1,959,970,983,952
a55ab5d9-f03e-11ef-8d88-010101010000,내과,1,171,166,228,248
a55b2b07-f03e-11ef-9542-010101010000,피부과,0,28,31,39,42
a55c1566-f03e-11ef-b00c-010101010000,내과,0,354,192,201,300
a55e3861-f03e-11ef-97ee-010101010000,내과,1,2393,2477,1722,2780
a55ead98-f03e-11ef-a876-010101010000,내과,0,75,37,29,38
a55f70f9-f03e-11ef-82ac-010101010000,내과,0,16,13,11,21
a5601082-f03e-11ef-93b7-010101010000,피부과,0,1,1,2,4
a560d3d9-f03e-11ef-aeba-010101010000,외과,0,229,199,290,342
a56121f3-f03e-11ef-bf30-010101010000,피부과,0,3609,3525,4164,4547
a56148ff-f03e-11ef-864b-010101010000,내과,0,24,33,36,34
a562cfa1-f03e-11ef-932d-010101010000,내과,0,152,137,156,203
a56344d9-f03e-11ef-b59d-010101010000,내과,0,169,275,222,507
a5636be6-f03e-11ef-b732-010101010000,내과,0,376,487,701,636
a56392ef-f03e-11ef-ba15-010101010000,내과,1,507,449,420,421
a563ba04-f03e-11ef-9b06-010101010000,내과,0,1,1,1,1
a5640823-f03e-11ef-8590-010101010000,내과,0,5,6,7,4
a5640824-f03e-11ef-8262-010101010000,외과,0,136,154,177,172
a564cbc3-f03e-11ef-beb1-010101010000,외과,1,1689,1721,1533,1673
a564f28c-f03e-11ef-b61d-010101010000,내과,0,484,747,623,660
a5662b03-f03e-11ef-a06f-010101010000,내과,0,1,1,1,2
a5665214-f03e-11ef-8c1c-010101010000,치과,0,19,12,12,20
a5673c77-f03e-11ef-be81-010101010000,내과,0,3,3,4,4
a5676385-f03e-11ef-bb61-010101010000,피부과,0,807,628,829,705
a567ffd5-f03e-11ef-8426-010101010000,외과,0,343,332,370,401
a56826e6-f03e-11ef-8d39-010101010000,외과,0,1363,1572,1230,921
a5684df3-f03e-11ef-a089-010101010000,피부과,0,45,95,88,71
a568750b-f03e-11ef-8946-010101010000,내과,0,1,1,1,1
a5689c12-f03e-11ef-ad78-010101010000,외과,0,552,529,525,523
a569ad95-f03e-11ef-973e-010101010000,내과,0,56,61,66,75
a56a2326-f03e-11ef-81fa-010101010000,외과,1,305,256,288,287
a56b0d10-f03e-11ef-8b66-010101010000,피부과,0,2250,2734,2480,2066
a56bf781-f03e-11ef-a0da-010101010000,내과,0,428,640,944,293
a56c1e94-f03e-11ef-bcd9-010101010000,내과,0,1,1,1,1
a56c6ca3-f03e-11ef-ad12-010101010000,외과,0,168,146,160,234
a56c93e9-f03e-11ef-bfbc-010101010000,내과,0,134,134,114,146
a56d7e46-f03e-11ef-b1df-010101010000,내과,0,129,119,134,178
a56da558-f03e-11ef-864f-010101010000,내과,0,861,969,1206,978
a56df373-f03e-11ef-aa45-010101010000,내과,0,78,97,59,63
a56eca98-f03e-11ef-acbc-010101010000,피부과,0,20,19,22,22
a56ef1dd-f03e-11ef-8654-010101010000,외과,0,78,87,89,126
a56f3ffd-f03e-11ef-9eff-010101010000,안과,0,3,3,6,6
a56fdc3c-f03e-11ef-93c9-010101010000,외과,0,54,64,75,79
a570787b-f03e-11ef-ab59-010101010000,내과,0,435,444,495,464
a571b0fb-f03e-11ef-a338-010101010000,외과,0,735,789,790,652
a572744f-f03e-11ef-b424-010101010000,외과,0,45,39,48,48
a573108f-f03e-11ef-86ea-010101010000,내과,0,1,1,1,1
a5735eb4-f03e-11ef-b168-010101010000,내과,0,10934,11477,10174,9978
a57385c0-f03e-11ef-aab2-010101010000,외과,0,317,341,386,415
a57385c1-f03e-11ef-b442-010101010000,외과,1,3004,3677,3312,3439
a5749733-f03e-11ef-8925-010101010000,피부과,1,1,1,1,1
a5755a83-f03e-11ef-be9f-010101010000,외과,0,373,395,325,366
a5758194-f03e-11ef-8f69-010101010000,외과,0,59,68,77,61
a575a8a3-f03e-11ef-8a03-010101010000,내과,0,39,42,48,55
a575cfab-f03e-11ef-a39e-010101010000,외과,1,350,280,326,319
a5761dd4-f03e-11ef-abb8-010101010000,치과,0,33,33,31,28
a5766bfa-f03e-11ef-8978-010101010000,외과,1,122,125,123,135
