answer_id,department,orig_is_multi,dragonkue/snowflake-arctic-embed-l-v2.0-ko ['query: '/''],BAAI/bge-m3,dragonkue/snowflake-arctic-embed-l-v2.0-ko [없음]
9cc895b8-f03e-11ef-b7c9-010101010000,치과,1,2,1,4
9cc91eea-f03e-11ef-a3dd-010101010000,내과,0,1,1,1
9cc945eb-f03e-11ef-9e94-010101010000,외과,1,1,1,1
9cca3051-f03e-11ef-85a0-010101010000,피부과,0,1,1,1
9ccb1aae-f03e-11ef-8255-010101010000,내과,1,142,217,439
9ccb41bf-f03e-11ef-9a93-010101010000,내과,0,3,22,11
9cce00e0-f03e-11ef-8bfe-010101010000,외과,1,3,2,10
9ccec434-f03e-11ef-b209-010101010000,외과,1,96,78,140
9cd15c42-f03e-11ef-b4e4-010101010000,치과,0,2,4,4
9cd21f96-f03e-11ef-8c18-010101010000,내과,0,5,9,15
9cd309eb-f03e-11ef-9b31-010101010000,외과,1,10,34,21
9cd44270-f03e-11ef-afae-010101010000,내과,1,4,3,11
9cd4697c-f03e-11ef-8daf-010101010000,내과,0,73,81,47
9cd68c9f-f03e-11ef-9099-010101010000,내과,1,111,69,266
9cd6daaf-f03e-11ef-8c55-010101010000,내과,0,22,44,12
9cd79e0b-f03e-11ef-92ce-010101010000,내과,0,1,1,1
9cdbd0bb-f03e-11ef-9573-010101010000,피부과,1,3,1,3
9cdbf7ca-f03e-11ef-8996-010101010000,내과,1,67,13,80
9cdcbb26-f03e-11ef-8e3e-010101010000,내과,0,1,1,1
9ce08baf-f03e-11ef-ba87-010101010000,내과,1,1,1,1
9ce17611-f03e-11ef-a638-010101010000,외과,1,9,92,10
9ce1eb2b-f03e-11ef-b723-010101010000,외과,1,1,7,8
9ce2ae8a-f03e-11ef-a2c8-010101010000,내과,1,1,10,4
9ce594f1-f03e-11ef-9025-010101010000,내과,0,1,3,1
9ce67f45-f03e-11ef-8d9e-010101010000,외과,1,1,2,4
9ce84105-f03e-11ef-abc8-010101010000,외과,0,1,2,2
9ce92b6b-f03e-11ef-a6cb-010101010000,내과,0,1,2,2
9ce9eeb8-f03e-11ef-8fec-010101010000,외과,1,18,32,6
9cea63ea-f03e-11ef-bc3c-010101010000,내과,0,3,6,3
9cead91e-f03e-11ef-b517-010101010000,내과,0,1,3,1
9cebc376-f03e-11ef-9534-010101010000,내과,1,20,25,104
9cebeaa4-f03e-11ef-b0c5-010101010000,내과,0,1,2,1
9ced7120-f03e-11ef-a200-010101010000,내과,1,10,4,32
9ceed0bb-f03e-11ef-950c-010101010000,외과,0,6,3,16
9cefe221-f03e-11ef-8890-010101010000,내과,1,1,5,16
9cf05758-f03e-11ef-8aaf-010101010000,내과,1,1,1,3
9cf6ace1-f03e-11ef-a727-010101010000,외과,1,2,2,2
9cf74961-f03e-11ef-915d-010101010000,내과,0,15,19,21
9cfa7da5-f03e-11ef-84b4-010101010000,내과,1,1,1,1
9cfaf2e9-f03e-11ef-b008-010101010000,외과,0,2,2,2
9cfb19ec-f03e-11ef-aa81-010101010000,외과,1,2507,4164,3488
9cfceec2-f03e-11ef-8daf-010101010000,내과,0,461,1356,751
9cfe7554-f03e-11ef-81c9-010101010000,외과,1,30,4,83
9cfeea95-f03e-11ef-887e-010101010000,피부과,1,1,1,2
9d01a99c-f03e-11ef-8122-010101010000,피부과,1,3,2,3
9d02e22e-f03e-11ef-8420-010101010000,피부과,0,1,1,1
9d03ccb5-f03e-11ef-9964-010101010000,치과,0,1,1,1
9d0678eb-f03e-11ef-b27b-010101010000,내과,0,12,6,9
9d08c2d1-f03e-11ef-8f45-010101010000,외과,1,117,212,112
9d0a4983-f03e-11ef-9195-010101010000,내과,0,1,2,1
9d0bf72d-f03e-11ef-8dd9-010101010000,피부과,1,702,1632,761
9d0cba7b-f03e-11ef-abc3-010101010000,외과,0,1,1,1
9d0ce187-f03e-11ef-a588-010101010000,내과,1,1,3,1
9d0da4d1-f03e-11ef-b1b7-010101010000,내과,0,1,1,1
9d0e8f42-f03e-11ef-8569-010101010000,피부과,0,3,6,5
9d0f7998-f03e-11ef-9a9f-010101010000,내과,0,1,2,1
9d1238af-f03e-11ef-9711-010101010000,내과,0,1,1,1
9d134a64-f03e-11ef-8858-010101010000,외과,0,1,1,1
9d158132-f03e-11ef-8e86-010101010000,피부과,0,1,4,2
9d1a1504-f03e-11ef-be2a-010101010000,내과,0,6,51,84
9d1d9785-f03e-11ef-a02b-010101010000,내과,1,4,2,4
9d1de5a1-f03e-11ef-a2c7-010101010000,외과,1,2,2,2
9d2119ee-f03e-11ef-a278-010101010000,외과,0,20,25,28
9d222b9d-f03e-11ef-9dfc-010101010000,내과,0,29,8,33
9d2279ca-f03e-11ef-becb-010101010000,내과,0,74,493,70
9d24276e-f03e-11ef-bfde-010101010000,내과,0,2,2,1
9d246240-f03e-11ef-9490-010101010000,외과,0,1,1,1
9d288137-f03e-11ef-8117-010101010000,내과,0,8,16,9
9d29b9b8-f03e-11ef-b060-010101010000,내과,1,2,2,5
9d2a07ca-f03e-11ef-a115-010101010000,피부과,1,3,20,12
9d2aa419-f03e-11ef-b5e5-010101010000,내과,0,84,226,367
9d2acb1b-f03e-11ef-a97a-010101010000,피부과,0,3,7,5
9d2e74a6-f03e-11ef-8e30-010101010000,외과,1,1,1,1
9d3133c6-f03e-11ef-bf33-010101010000,안과,0,1,5,5
9d332fcd-f03e-11ef-aab0-010101010000,내과,1,146,22,211
9d347c52-f03e-11ef-8aef-010101010000,내과,0,1,1,1
9d395e4d-f03e-11ef-a9fb-010101010000,안과,1,8,40,94
9d3cb9b4-f03e-11ef-b9c5-010101010000,내과,0,1,1,1
9d3da415-f03e-11ef-adab-010101010000,내과,0,1,1,1
9d3eb57c-f03e-11ef-b7bc-010101010000,내과,1,2,37,2
9d408a40-f03e-11ef-93f8-010101010000,피부과,0,16,25,20
9d44bd19-f03e-11ef-abeb-010101010000,내과,0,1,1,1
9d4691d8-f03e-11ef-8831-010101010000,외과,0,1,2,1
9d475534-f03e-11ef-a4e9-010101010000,외과,0,4,7,8
9d49510a-f03e-11ef-9d3b-010101010000,내과,0,2,2,2
9d4ad7ab-f03e-11ef-ba02-010101010000,피부과,0,2,2,2
9d4c1029-f03e-11ef-9661-010101010000,내과,0,3,13,4
9d4e330e-f03e-11ef-90c4-010101010000,피부과,1,84,57,249
9d52ac87-f03e-11ef-a559-010101010000,내과,0,5,31,5
9d5321b1-f03e-11ef-881e-010101010000,내과,1,29,24,37
9d5396e0-f03e-11ef-bdad-010101010000,내과,0,1,4,1
9d54cf63-f03e-11ef-b9a6-010101010000,내과,1,1,1,1
9d565607-f03e-11ef-a419-010101010000,내과,1,1,1,1
9d57b594-f03e-11ef-b45c-010101010000,내과,0,1,4,1
9d57dcb8-f03e-11ef-9fce-010101010000,내과,0,40,29,174
9d591528-f03e-11ef-b718-010101010000,외과,1,2,3,3
9d591529-f03e-11ef-976b-010101010000,내과,1,1,2,5
9d593c3f-f03e-11ef-b2d4-010101010000,내과,0,1,1,1
9d5a269b-f03e-11ef-8e51-010101010000,내과,1,2,1,3
9d5a9bc2-f03e-11ef-a643-010101010000,외과,0,6,32,12
9d5e9369-f03e-11ef-b93e-010101010000,내과,1,1,1,1
9d5ee189-f03e-11ef-9ac8-010101010000,내과,0,1,1,1
9d60b688-f03e-11ef-91e3-010101010000,내과,0,1,1,1
9d61d730-f03e-11ef-824e-010101010000,내과,1,1,1,1
9d624c6d-f03e-11ef-a747-010101010000,외과,1,1,1,1
9d68b502-f03e-11ef-8e8a-010101010000,피부과,0,2,3,4
9d699f66-f03e-11ef-bdf2-010101010000,외과,0,2,1,1
9d6be956-f03e-11ef-98e7-010101010000,내과,0,2,7,4
9d6cfac3-f03e-11ef-b944-010101010000,내과,1,8,5,15
9d6d48e0-f03e-11ef-86d7-010101010000,내과,0,6,6,10
9d6e3349-f03e-11ef-87ef-010101010000,외과,1,1,1,1
9d6f92ff-f03e-11ef-b07d-010101010000,내과,0,1,1,1
9d705657-f03e-11ef-9943-010101010000,외과,0,637,271,678
9d70dfb4-f03e-11ef-9930-010101010000,외과,0,2,2,2
9d732994-f03e-11ef-901f-010101010000,내과,0,1,4,1
9d75e8bb-f03e-11ef-b736-010101010000,피부과,1,65,11,83
9d76ac0d-f03e-11ef-81fd-010101010000,내과,0,2,7,2
9d776f57-f03e-11ef-8d00-010101010000,외과,0,2,2,1
9d7c033a-f03e-11ef-9055-010101010000,내과,0,11,1543,140
9d7c786c-f03e-11ef-b52d-010101010000,피부과,0,28,44,40
9d7c9f75-f03e-11ef-a87e-010101010000,내과,0,1,1,1
9d7cc67f-f03e-11ef-ad91-010101010000,외과,0,1,1,1
9d7ee98f-f03e-11ef-850d-010101010000,내과,1,1,2,2
9d7fd3e6-f03e-11ef-a802-010101010000,치과,0,1,1,1
9d8034d6-f03e-11ef-ab5b-010101010000,피부과,0,1,1,1
9d805beb-f03e-11ef-9b72-010101010000,피부과,0,1,1,1
9d827ebf-f03e-11ef-9563-010101010000,외과,0,4,1,7
9d847a93-f03e-11ef-8487-010101010000,피부과,1,4,2,7
9d8516dc-f03e-11ef-9d42-010101010000,내과,0,3,1,1
9d858c08-f03e-11ef-a007-010101010000,외과,1,15,16,22
9d89358d-f03e-11ef-bf66-010101010000,내과,0,1,3,1
9d8b7f7c-f03e-11ef-ac57-010101010000,내과,0,1,1,1
9d946d83-f03e-11ef-b868-010101010000,내과,1,844,4710,1191
9d96de76-f03e-11ef-8773-010101010000,내과,1,1,3,1
9d977abd-f03e-11ef-aa64-010101010000,내과,1,1,1,2
9d992865-f03e-11ef-84b4-010101010000,외과,0,9,6,7
9d9cf92b-f03e-11ef-a1dc-010101010000,외과,1,1,1,1
9d9d4755-f03e-11ef-abff-010101010000,외과,0,1,1,1
9d9d6e58-f03e-11ef-a662-010101010000,피부과,0,1,1,2
9da0688b-f03e-11ef-b270-010101010000,치과,0,19,9,20
9da52373-f03e-11ef-9cd3-010101010000,외과,0,3,17,3
9db05b15-f03e-11ef-ab5b-010101010000,외과,0,1,2,1
9db27dfc-f03e-11ef-8bd3-010101010000,외과,1,3,1,7
9db4a0eb-f03e-11ef-9c4a-010101010000,치과,0,1,2,1
9dba4626-f03e-11ef-8829-010101010000,피부과,0,4,26,5
9dbd67c6-f03e-11ef-a043-010101010000,외과,1,2,6,6
9dc779e0-f03e-11ef-983c-010101010000,외과,0,16,7,36
9dc99cc0-f03e-11ef-b6a4-010101010000,외과,1,7,26,21
9dcaae5c-f03e-11ef-8f4e-010101010000,안과,0,1,1,1
9dcbe6de-f03e-11ef-9f36-010101010000,외과,1,605,2202,664
9dcce53d-f03e-11ef-ae77-010101010000,외과,1,2,1,3
9dce6bfb-f03e-11ef-8d51-010101010000,치과,0,29,8,31
9dcf5639-f03e-11ef-92ce-010101010000,안과,1,1,1,1
9dd08ed0-f03e-11ef-9821-010101010000,외과,0,1,4,1
9dd76c80-f03e-11ef-8bef-010101010000,외과,0,760,953,795
9dd9689e-f03e-11ef-9cb2-010101010000,피부과,1,4,6,6
9de192f3-f03e-11ef-a3bf-010101010000,외과,1,6,14,7
9de674e7-f03e-11ef-a148-010101010000,외과,0,1,1,1
9deb923c-f03e-11ef-a3ad-010101010000,외과,0,1,2,1
9ded6715-f03e-11ef-bb3b-010101010000,외과,1,47,33,64
9ded8e04-f03e-11ef-a281-010101010000,피부과,0,1,2,1
9dee2a55-f03e-11ef-9f69-010101010000,내과,1,105,45,827
9df3cf92-f03e-11ef-a5e8-010101010000,외과,1,3,25,15
9dfd0b6e-f03e-11ef-a753-010101010000,외과,1,12,15,18
9dfe43e4-f03e-11ef-aa95-010101010000,외과,0,853,1759,493
9e02b0b8-f03e-11ef-bc91-010101010000,외과,1,13,49,75
9e03e940-f03e-11ef-9ce0-010101010000,안과,1,36,16,83
9e0548ce-f03e-11ef-b45f-010101010000,외과,1,2,1,1
9e306527-f03e-11ef-88a7-010101010000,안과,1,1,1,1
9e3ea9e7-f03e-11ef-9b9b-010101010000,외과,1,659,269,1007
9e3fbb50-f03e-11ef-81ed-010101010000,외과,0,1,2,1
9e419012-f03e-11ef-b6d9-010101010000,피부과,0,1,5,3
9e41de34-f03e-11ef-be53-010101010000,외과,0,4,6,6
9e496c97-f03e-11ef-a55e-010101010000,외과,1,22,76,35
9e4e75b4-f03e-11ef-882b-010101010000,내과,1,3,23,37
9e50e6ab-f03e-11ef-92f6-010101010000,외과,0,1,1,1
9e526d63-f03e-11ef-8c53-010101010000,외과,1,5,1,9
9e640543-f03e-11ef-afec-010101010000,안과,0,1,8,2
9e64a172-f03e-11ef-84dd-010101010000,치과,0,1,1,1
9e6523d6-f03e-11ef-aabb-010101010000,피부과,0,2,1,8
9e67e2f6-f03e-11ef-a9f5-010101010000,외과,0,334,427,331
9e6f0eea-f03e-11ef-80df-010101010000,외과,1,1,1,1
9e71ce12-f03e-11ef-a937-010101010000,외과,1,16,32,69
9e7a6dc2-f03e-11ef-adde-010101010000,외과,1,3,10,9
9e7bcd57-f03e-11ef-931b-010101010000,외과,0,1,1,1
9e7c1b73-f03e-11ef-b507-010101010000,외과,1,1,1,1
9e7e3e5c-f03e-11ef-8a36-010101010000,외과,1,1,13,7
9e7e8c77-f03e-11ef-9cef-010101010000,외과,1,11,2,22
9e7f76dc-f03e-11ef-96b9-010101010000,피부과,0,1,11,1
9e82ab6a-f03e-11ef-a1a1-010101010000,피부과,0,1,2,1
9e848485-f03e-11ef-b241-010101010000,외과,1,6,7,5
9e8a02c5-f03e-11ef-8033-010101010000,외과,1,2,1,5
9e8e4888-f03e-11ef-bafc-010101010000,외과,1,29,29,76
9e92406c-f03e-11ef-92f7-010101010000,피부과,0,1,5,1
9e94ec58-f03e-11ef-970f-010101010000,내과,1,4,4,11
9e98209f-f03e-11ef-878e-010101010000,외과,1,1,1,1
9e9a4399-f03e-11ef-8d03-010101010000,피부과,1,1,1,1
9e9dc5f2-f03e-11ef-93dc-010101010000,외과,0,1,1,2
9e9e3b1d-f03e-11ef-b72e-010101010000,외과,0,1,1,1
9ea41bc2-f03e-11ef-bafe-010101010000,외과,1,31,20,51
9ea469d7-f03e-11ef-bbe6-010101010000,내과,0,1,1,1
9ea55436-f03e-11ef-b06e-010101010000,치과,0,1,1,1
9ea5a25b-f03e-11ef-9d74-010101010000,피부과,1,2,4,5
9eab2096-f03e-11ef-80b1-010101010000,피부과,1,19,2,68
9eb029e6-f03e-11ef-817b-010101010000,안과,1,3,34,5
9eb2a413-f03e-11ef-8b55-010101010000,외과,0,142,132,164
9eb78615-f03e-11ef-ba60-010101010000,외과,0,1,1,1
9eb9f712-f03e-11ef-bc62-010101010000,치과,1,3,8,106
9ec0e13a-f03e-11ef-903f-010101010000,외과,0,19,65,23
9ec219b4-f03e-11ef-8229-010101010000,안과,0,1,1,1
9ec35231-f03e-11ef-a48e-010101010000,안과,1,1,2,1
9ec4b1c8-f03e-11ef-9267-010101010000,외과,0,1,1,1
9ec5c331-f03e-11ef-add5-010101010000,피부과,1,20,43,44
9ec61155-f03e-11ef-8fcb-010101010000,내과,1,1,1,2
9ec8f787-f03e-11ef-9e2b-010101010000,치과,1,3,13,11
9ecec410-f03e-11ef-b661-010101010000,외과,0,1,1,1
9eceeb21-f03e-11ef-9b6d-010101010000,안과,0,38,15,33
9ed4f27f-f03e-11ef-a3a7-010101010000,외과,0,1,1,1
9ed7b186-f03e-11ef-9549-010101010000,외과,1,11,4,22
9edcbaa8-f03e-11ef-96df-010101010000,내과,1,1,1,1
9edf3ff3-f03e-11ef-bdee-010101010000,외과,0,1,1,1
9ee0ed9a-f03e-11ef-a3e4-010101010000,내과,0,3,2,13
9ee31074-f03e-11ef-b219-010101010000,외과,1,1,1,2
9ee5f6a6-f03e-11ef-a682-010101010000,외과,0,3,3,2
9ee72f2b-f03e-11ef-92a1-010101010000,치과,1,1,1,1
9ee9791d-f03e-11ef-8a39-010101010000,외과,1,1,2,1
9eec1132-f03e-11ef-973e-010101010000,내과,1,1,1,8
9eed70e4-f03e-11ef-a731-010101010000,외과,1,22,6,39
9ef12e55-f03e-11ef-b331-010101010000,외과,1,256,383,430
9ef6ac9f-f03e-11ef-b903-010101010000,외과,1,2,4,8
9ef8f68a-f03e-11ef-876d-010101010000,안과,1,12,12,14
9ef9b9dd-f03e-11ef-a95e-010101010000,치과,1,1,1,1
9efa07fe-f03e-11ef-8516-010101010000,외과,1,3,1,5
9efa7d2d-f03e-11ef-942b-010101010000,외과,1,2,6,4
9efc522d-f03e-11ef-8bff-010101010000,외과,1,1,1,1
9effc1a5-f03e-11ef-adf3-010101010000,외과,1,3,26,2
9f005de9-f03e-11ef-aac1-010101010000,외과,0,1,1,1
9f02329f-f03e-11ef-aa1f-010101010000,외과,1,4,26,34
9f0259b3-f03e-11ef-8621-010101010000,안과,1,2,23,38
9f05dc20-f03e-11ef-b84d-010101010000,안과,0,1,10,1
9f0714a1-f03e-11ef-8f06-010101010000,피부과,1,18,2,76
9f09859d-f03e-11ef-ba93-010101010000,안과,0,1,1,1
9f0d0d0b-f03e-11ef-9eb2-010101010000,치과,0,1,1,1
9f0d3417-f03e-11ef-8c55-010101010000,외과,0,1,1,1
9f0d5b27-f03e-11ef-a28a-010101010000,외과,1,190,160,166
9f0d5b28-f03e-11ef-9c13-010101010000,외과,0,41,1,13
9f0ff323-f03e-11ef-abfc-010101010000,외과,0,1,1,1
9f101a33-f03e-11ef-b1d2-010101010000,외과,1,1,1,2
9f12d973-f03e-11ef-b09f-010101010000,치과,1,8,10,39
9f1375b3-f03e-11ef-bea8-010101010000,외과,0,28,72,55
9f13c3e3-f03e-11ef-8816-010101010000,안과,1,1,1,1
9f1438f2-f03e-11ef-a814-010101010000,외과,0,1,1,1
9f14ae1b-f03e-11ef-ab4e-010101010000,피부과,0,1,3,1
9f176d4e-f03e-11ef-bf16-010101010000,외과,0,2,2,3
9f17bb5e-f03e-11ef-95bb-010101010000,내과,0,2,1,2
9f1941f5-f03e-11ef-a2ea-010101010000,안과,0,1,1,1
9f1b1725-f03e-11ef-942f-010101010000,외과,0,1,5,1
9f1db13e-f03e-11ef-a75d-010101010000,외과,0,1,1,1
9f1fad09-f03e-11ef-9766-010101010000,외과,0,1,1,1
9f1ffb2a-f03e-11ef-bf58-010101010000,외과,1,3,2,6
9f20e58d-f03e-11ef-b9ae-010101010000,외과,1,1,1,2
9f22ba3b-f03e-11ef-8281-010101010000,피부과,1,3,3,4
9f230853-f03e-11ef-86b3-010101010000,외과,0,4,19,23
9f230854-f03e-11ef-baf1-010101010000,피부과,1,1,4,10
9f2440ee-f03e-11ef-8e31-010101010000,외과,0,2,2,2
9f263c9c-f03e-11ef-b873-010101010000,외과,0,32,25,31
9f26b1ca-f03e-11ef-8570-010101010000,외과,0,1,4,1
9f277523-f03e-11ef-92cb-010101010000,외과,0,1,1,1
9f2a829e-f03e-11ef-8172-010101010000,외과,1,10,24,22
9f2af7ee-f03e-11ef-a514-010101010000,피부과,0,1,1,1
9f2e2f09-f03e-11ef-b72d-010101010000,외과,0,1,1,1
9f3226bb-f03e-11ef-a1ff-010101010000,안과,1,9,52,48
9f32c2dc-f03e-11ef-bdfe-010101010000,외과,0,2,2,2
9f36ba86-f03e-11ef-b72b-010101010000,안과,1,5,4,13
9f37f317-f03e-11ef-b206-010101010000,외과,0,26,99,18
9f38b691-f03e-11ef-85d6-010101010000,피부과,0,14,32,32
9f3979b6-f03e-11ef-a879-010101010000,외과,1,2,2,2
9f39a0cc-f03e-11ef-a4d7-010101010000,외과,1,1,1,2
9f3f0bfb-f03e-11ef-8937-010101010000,외과,1,2,5,17
9f3fa83b-f03e-11ef-b892-010101010000,안과,1,1,1,1
9f401d6f-f03e-11ef-a425-010101010000,내과,0,1,1,1
9f412ede-f03e-11ef-8fc0-010101010000,외과,0,1,3,5
9f45c2be-f03e-11ef-a6ca-010101010000,내과,0,4,1,4
9f48a918-f03e-11ef-809b-010101010000,피부과,0,1,1,1
9f491e54-f03e-11ef-9cc7-010101010000,피부과,1,2,6,2
9f496c6a-f03e-11ef-8a47-010101010000,피부과,0,1,6,1
9f49ba86-f03e-11ef-9cdb-010101010000,피부과,1,6,3,29
9f4a91b2-f03e-11ef-8ec3-010101010000,피부과,0,17,17,32
9f4ba31d-f03e-11ef-9534-010101010000,외과,0,2,3,2
9f4cb490-f03e-11ef-8398-010101010000,외과,0,2,1,1
9f519690-f03e-11ef-b492-010101010000,안과,0,9,19,11
9f51bdbc-f03e-11ef-a870-010101010000,외과,1,98,106,175
9f528105-f03e-11ef-82c2-010101010000,외과,0,1,6,1
9f5455ce-f03e-11ef-9a13-010101010000,외과,1,1,1,2
9f547cda-f03e-11ef-bcdb-010101010000,피부과,0,1,1,1
9f547cdc-f03e-11ef-ab33-010101010000,치과,1,18,2,38
9f56eddf-f03e-11ef-95e5-010101010000,외과,0,1,5,7
9f571538-f03e-11ef-a603-010101010000,외과,0,12,4,15
9f594baf-f03e-11ef-8126-010101010000,외과,0,44,27,54
9f5b20b5-f03e-11ef-9869-010101010000,외과,1,5,13,12
9f5b47c3-f03e-11ef-b3d0-010101010000,외과,1,1,1,1
9f6050df-f03e-11ef-98a9-010101010000,외과,1,1,1,1
9f6532bf-f03e-11ef-ae8c-010101010000,외과,0,2,28,5
9f67f225-f03e-11ef-9b8e-010101010000,외과,0,2,6,4
9f69659c-f03e-11ef-a914-010101010000,외과,1,498,179,730
9f6ac53d-f03e-11ef-95f0-010101010000,외과,1,464,857,772
9f6bfd9e-f03e-11ef-9960-010101010000,외과,1,22,36,38
9f6c24ae-f03e-11ef-bc91-010101010000,외과,0,1,5,1
9f6ce81d-f03e-11ef-b13c-010101010000,외과,0,1,1,1
9f6d362a-f03e-11ef-9a4b-010101010000,외과,0,1,1,1
9f6d5d2f-f03e-11ef-8023-010101010000,외과,1,1,1,1
9f6dd25b-f03e-11ef-b23c-010101010000,외과,0,1,1,1
9f6df98a-f03e-11ef-ae5b-010101010000,외과,0,28,25,23
9f6ebcda-f03e-11ef-b4df-010101010000,외과,1,1,1,1
9f6ebcdb-f03e-11ef-bbb3-010101010000,외과,0,5,1,6
9f6f591c-f03e-11ef-855d-010101010000,외과,1,8,42,23
9f701c4e-f03e-11ef-af75-010101010000,외과,0,1,1,1
9f754c71-f03e-11ef-8489-010101010000,치과,0,24,9,36
9f76850f-f03e-11ef-9699-010101010000,피부과,0,2,1,1
9f781340-f03e-11ef-a329-010101010000,외과,0,15,48,23
9f78af7e-f03e-11ef-8369-010101010000,피부과,1,17,17,57
9f7b6ea2-f03e-11ef-96bb-010101010000,외과,1,21,14,17
9f7d1c4b-f03e-11ef-adb8-010101010000,외과,0,2,20,3
9f822558-f03e-11ef-8c49-010101010000,외과,0,8,14,11
9f838502-f03e-11ef-9c6a-010101010000,피부과,1,1,1,1
9f8532f5-f03e-11ef-87f8-010101010000,외과,1,1,27,1
9f892ed4-f03e-11ef-886a-010101010000,피부과,0,1,2,1
9f897cf3-f03e-11ef-8194-010101010000,외과,1,3,27,12
9f89f222-f03e-11ef-beb1-010101010000,외과,0,1,1,1
9f8a8e44-f03e-11ef-95cf-010101010000,외과,0,4,95,2
9f9081cd-f03e-11ef-b61d-010101010000,외과,0,13,2,16
9f9319df-f03e-11ef-9804-010101010000,외과,1,1,1,1
9f947996-f03e-11ef-ba23-010101010000,내과,0,1,1,1
9f94a0b2-f03e-11ef-8fdb-010101010000,외과,0,1,2,1
9f94eec6-f03e-11ef-9099-010101010000,외과,1,1,1,1
9f964e77-f03e-11ef-a17b-010101010000,외과,1,61,367,182
9f969ec5-f03e-11ef-8ed4-010101010000,내과,0,2,49,3
9f96c5d0-f03e-11ef-be37-010101010000,내과,0,1,1,1
9f9761fc-f03e-11ef-b0c9-010101010000,내과,0,1,2,1
9f978910-f03e-11ef-9f59-010101010000,피부과,0,1,2,3
9f97b019-f03e-11ef-b5e8-010101010000,내과,0,1,1,1
9f984c5c-f03e-11ef-8dec-010101010000,외과,0,3,5,8
9f9a213c-f03e-11ef-9cec-010101010000,외과,0,1,2,1
9f9abd65-f03e-11ef-a5ef-010101010000,내과,1,1,2,1
9f9b0b8a-f03e-11ef-93fe-010101010000,외과,1,19,142,81
9f9bced2-f03e-11ef-834c-010101010000,외과,1,17,47,22
9f9d074d-f03e-11ef-9ed8-010101010000,내과,1,1,6,6
9f9dcaab-f03e-11ef-bafe-010101010000,내과,0,1,1,1
9f9e66ee-f03e-11ef-8197-010101010000,내과,0,1,1,1
9fa01c1a-f03e-11ef-86a7-010101010000,내과,0,1,1,1
9fa3c602-f03e-11ef-aacf-010101010000,외과,0,3,3,2
9fa3c604-f03e-11ef-93c3-010101010000,내과,0,1,1,1
9fa3ed1f-f03e-11ef-8a5a-010101010000,내과,1,2,8,2
9fa4140d-f03e-11ef-bc6e-010101010000,외과,0,1,1,2
9fa4fe84-f03e-11ef-a739-010101010000,피부과,1,1,4,1
9fa54c8d-f03e-11ef-b10f-010101010000,내과,0,1,1,1
9fa5c48f-f03e-11ef-8a8d-010101010000,내과,0,1,1,1
9fa7c05c-f03e-11ef-a746-010101010000,치과,1,36,3,111
9fa92001-f03e-11ef-b097-010101010000,외과,1,1,1,1
9faa316b-f03e-11ef-97e1-010101010000,내과,0,1,1,2
9faaf4b5-f03e-11ef-a059-010101010000,내과,1,181,286,483
9fac0621-f03e-11ef-8d48-010101010000,내과,0,12,30,30
9fac546b-f03e-11ef-bf9d-010101010000,외과,0,1,1,1
9fac7b51-f03e-11ef-9b0e-010101010000,내과,0,1,1,1
9faca25d-f03e-11ef-b97b-010101010000,내과,1,52,133,197
9facf0a8-f03e-11ef-ac3c-010101010000,내과,0,1,1,1
9fad43c4-f03e-11ef-947a-010101010000,내과,0,1,1,1
9fae7721-f03e-11ef-98e9-010101010000,내과,0,1,1,1
9fae9e30-f03e-11ef-9d93-010101010000,내과,1,1,1,1
9faf3a76-f03e-11ef-85e0-010101010000,내과,0,1,1,1
9faf8891-f03e-11ef-8c25-010101010000,외과,0,1,1,1
9fafd6a7-f03e-11ef-b446-010101010000,외과,0,1,1,1
9fb1ab73-f03e-11ef-8518-010101010000,내과,0,1,1,1
9fb30b25-f03e-11ef-9595-010101010000,외과,1,2,4,7
9fb41c93-f03e-11ef-8f6d-010101010000,내과,0,1,3,2
9fb46aab-f03e-11ef-b337-010101010000,외과,1,3,2,5
9fb6680d-f03e-11ef-8395-010101010000,외과,0,1,1,1
9fb6b62f-f03e-11ef-bced-010101010000,외과,1,2,1,16
9fb70454-f03e-11ef-9d45-010101010000,안과,0,1,1,1
9fb7c7c2-f03e-11ef-8178-010101010000,안과,0,4,22,15
9fb8d931-f03e-11ef-a247-010101010000,피부과,0,1,1,1
9fba11b1-f03e-11ef-b09a-010101010000,내과,0,1,1,1
9fbb7149-f03e-11ef-beab-010101010000,안과,1,1,1,1
9fbc0d82-f03e-11ef-ac22-010101010000,내과,0,1,1,1
9fbf1ad7-f03e-11ef-9b72-010101010000,내과,1,336,467,1355
9fbf41d3-f03e-11ef-a473-010101010000,내과,0,2,6,5
9fbf68e2-f03e-11ef-a346-010101010000,외과,0,1,1,1
9fbfb709-f03e-11ef-8eb0-010101010000,외과,1,2,3,7
9fc07a54-f03e-11ef-9206-010101010000,내과,1,2,1,3
9fc0a16d-f03e-11ef-b55b-010101010000,치과,0,1,1,1
9fc1d9e5-f03e-11ef-b5d2-010101010000,내과,0,1,1,2
9fc2c489-f03e-11ef-88ba-010101010000,내과,0,1,1,1
9fc312a8-f03e-11ef-9320-010101010000,내과,0,1,1,1
9fc3fd0c-f03e-11ef-9a07-010101010000,내과,0,1,1,1
9fc49c48-f03e-11ef-8fd8-010101010000,내과,1,137,177,238
9fc4ea68-f03e-11ef-87ac-010101010000,내과,0,1,2,1
9fc893ce-f03e-11ef-b67d-010101010000,내과,0,1,1,1
9fc8bada-f03e-11ef-8ed1-010101010000,내과,0,1,5,1
9fc908f8-f03e-11ef-aafd-010101010000,내과,1,1,1,5
9fcb2be3-f03e-11ef-b5c5-010101010000,외과,1,14,11,21
9fcc8b79-f03e-11ef-bcb7-010101010000,외과,1,1,1,1
9fcc8b7a-f03e-11ef-a6f8-010101010000,내과,0,1,3,2
9fce391f-f03e-11ef-8d0a-010101010000,외과,0,33,62,15
9fce6031-f03e-11ef-afb5-010101010000,내과,0,167,282,283
9fceae4c-f03e-11ef-ac63-010101010000,외과,1,8,1,9
9fd00dd7-f03e-11ef-8120-010101010000,내과,0,95,19,70
9fd0830c-f03e-11ef-ba89-010101010000,내과,0,12,5,4
9fd0d129-f03e-11ef-8539-010101010000,외과,1,6,14,11
9fd1e2bd-f03e-11ef-8ec0-010101010000,내과,1,2,1,2
9fd394bd-f03e-11ef-b520-010101010000,외과,1,3,1,4
9fd3e2cf-f03e-11ef-8f65-010101010000,내과,1,111,100,332
9fd56997-f03e-11ef-bef1-010101010000,피부과,0,1,1,14
9fd5dec7-f03e-11ef-b7c4-010101010000,외과,0,1,1,1
9fd605e2-f03e-11ef-9211-010101010000,외과,0,1,1,1
9fd7da97-f03e-11ef-8189-010101010000,내과,0,1,2,1
9fd801a2-f03e-11ef-be39-010101010000,내과,0,9,7,26
9fd876bc-f03e-11ef-889f-010101010000,외과,0,1,1,1
9fd89dd0-f03e-11ef-b42b-010101010000,내과,1,1,1,1
9fd8c4e2-f03e-11ef-947d-010101010000,치과,1,1,1,2
9fda2466-f03e-11ef-834f-010101010000,외과,1,247,53,226
9fda9997-f03e-11ef-87b4-010101010000,외과,1,2,1,20
9fdb0ec9-f03e-11ef-ad2d-010101010000,내과,0,1,1,1
9fdd58c7-f03e-11ef-b807-010101010000,내과,0,2,10,5
9fdda6d1-f03e-11ef-8673-010101010000,외과,1,1,1,1
9fde6a2c-f03e-11ef-aad1-010101010000,안과,1,5,7,19
9fdf7b95-f03e-11ef-96b2-010101010000,내과,1,1,2,2
9fdff0ca-f03e-11ef-b784-010101010000,안과,1,15,12,117
9fe03eea-f03e-11ef-b270-010101010000,내과,1,1,2,1
9fe0b44f-f03e-11ef-8978-010101010000,외과,0,1,1,1
9fe1297f-f03e-11ef-8732-010101010000,안과,0,2,2,3
9fe17797-f03e-11ef-ad2f-010101010000,내과,0,1,30,1
9fe1c5c4-f03e-11ef-a5f1-010101010000,내과,1,1,1,1
9fe2890c-f03e-11ef-8cfe-010101010000,안과,1,3,12,11
9fe32d55-f03e-11ef-badb-010101010000,내과,0,1,34,2
9fe35467-f03e-11ef-9186-010101010000,내과,0,4,4,12
9fe417ab-f03e-11ef-b6a0-010101010000,외과,1,9,11,13
9fe6d6cf-f03e-11ef-8028-010101010000,안과,1,95,41,171
9fe6fdde-f03e-11ef-ac07-010101010000,내과,0,1,1,1
9fe80f45-f03e-11ef-a410-010101010000,외과,1,4,1,5
9fe8849e-f03e-11ef-92fb-010101010000,내과,0,1,1,1
9fe8d2bc-f03e-11ef-899b-010101010000,내과,1,1,1,1
9feca346-f03e-11ef-b739-010101010000,내과,0,2,4,4
9fed1875-f03e-11ef-8a8c-010101010000,외과,1,1,12,22
9fed3f89-f03e-11ef-a029-010101010000,안과,1,1,1,2
9fee02c1-f03e-11ef-ac0f-010101010000,내과,0,3,6,15
9fef895c-f03e-11ef-969a-010101010000,피부과,1,1,1,1
9feffeb0-f03e-11ef-9680-010101010000,치과,0,2,6,3
9ff1ac5c-f03e-11ef-9d61-010101010000,내과,0,1,1,1
9ff1d36c-f03e-11ef-90b3-010101010000,치과,1,1,1,1
9ff2e68d-f03e-11ef-97da-010101010000,외과,0,1,1,1
9ff3f7fb-f03e-11ef-8301-010101010000,내과,0,28,63,30
9ff55796-f03e-11ef-8e99-010101010000,내과,1,2,48,6
9ff5a5a7-f03e-11ef-983e-010101010000,내과,1,1,1,1
9ff5ccb9-f03e-11ef-8873-010101010000,피부과,1,1,1,1
9ff69007-f03e-11ef-aefe-010101010000,외과,0,1,1,1
9ff77a6a-f03e-11ef-910b-010101010000,외과,0,26,169,26
9ff7c88d-f03e-11ef-a679-010101010000,내과,1,1,1,1
9ff864c7-f03e-11ef-be4e-010101010000,내과,0,1,1,1
9ff8b2eb-f03e-11ef-ac8c-010101010000,내과,0,1,1,2
9ff9010a-f03e-11ef-b0a4-010101010000,내과,0,1,1,1
9ff92819-f03e-11ef-919a-010101010000,내과,0,1,1,1
9ff9eb6e-f03e-11ef-9188-010101010000,내과,0,1,1,1
9ffa398b-f03e-11ef-bdc3-010101010000,내과,1,1,1,1
9ffa87b2-f03e-11ef-bc83-010101010000,내과,0,2,2,2
9ffb23e8-f03e-11ef-81da-010101010000,내과,0,89,167,430
9ffc355e-f03e-11ef-b7eb-010101010000,내과,0,2,1,6
9ffc8376-f03e-11ef-bc1e-010101010000,외과,1,38,26,39
9ffd1fba-f03e-11ef-ae23-010101010000,내과,0,1,3,1
9ffde30b-f03e-11ef-b441-010101010000,내과,0,1,1,1
9ffe7f49-f03e-11ef-8d03-010101010000,외과,0,8,2,8
9fff69f6-f03e-11ef-8ad8-010101010000,내과,0,6,45,11
9fff9104-f03e-11ef-afe3-010101010000,내과,0,1,1,1
a0005458-f03e-11ef-a517-010101010000,안과,0,1,1,1
a0013eac-f03e-11ef-890d-010101010000,내과,1,74,51,40
a0019411-f03e-11ef-922a-010101010000,내과,1,1,1,1
a001bb1d-f03e-11ef-82a6-010101010000,내과,0,1,1,1
a0020958-f03e-11ef-86c0-010101010000,내과,1,6,3,23
a0023056-f03e-11ef-a41b-010101010000,피부과,0,1,1,1
a0023057-f03e-11ef-94d6-010101010000,피부과,0,1,4,3
a002575f-f03e-11ef-88bb-010101010000,내과,1,1,1,1
a002a580-f03e-11ef-9d14-010101010000,내과,0,4,9,51
a002cc99-f03e-11ef-8492-010101010000,내과,1,19,6,33
a004a159-f03e-11ef-89e7-010101010000,내과,1,34,121,48
a004c862-f03e-11ef-8cf5-010101010000,내과,0,1,2,3
a0058bb0-f03e-11ef-8e59-010101010000,외과,0,1,1,2
a005b2c0-f03e-11ef-a8f8-010101010000,내과,0,1,1,9
a00823bd-f03e-11ef-a769-010101010000,외과,0,15,132,15
a00c1b46-f03e-11ef-ab6c-010101010000,내과,0,1,1,1
a00f9081-f03e-11ef-af93-010101010000,내과,1,1,4,1
a00fb78e-f03e-11ef-b128-010101010000,내과,1,67,87,117
a0107ae0-f03e-11ef-aa0d-010101010000,피부과,1,1,1,1
a0107ae1-f03e-11ef-9dc5-010101010000,피부과,0,1,2,1
a010cea5-f03e-11ef-90e4-010101010000,내과,0,1,1,1
a010f5b2-f03e-11ef-b53e-010101010000,내과,0,1,1,1
a010f5b3-f03e-11ef-b9db-010101010000,내과,0,1,2,1
a011b930-f03e-11ef-8360-010101010000,내과,1,232,260,585
a011e016-f03e-11ef-ac66-010101010000,피부과,0,1,1,1
a0122e37-f03e-11ef-9380-010101010000,내과,1,2,3,6
a0125543-f03e-11ef-9d4a-010101010000,내과,1,3275,4947,3667
a0127c56-f03e-11ef-b594-010101010000,내과,0,3,5,4
a012f184-f03e-11ef-843e-010101010000,피부과,0,1,3,2
a0133fa0-f03e-11ef-83b7-010101010000,피부과,0,2,1,2
a013b4db-f03e-11ef-8994-010101010000,내과,1,2,2,3
a014782b-f03e-11ef-83b2-010101010000,내과,0,1,1,1
a01625d1-f03e-11ef-bbcd-010101010000,피부과,0,2553,2662,5170
a0164cf3-f03e-11ef-897d-010101010000,외과,1,125,229,190
a0169b05-f03e-11ef-8587-010101010000,치과,1,14,11,48
a01896dc-f03e-11ef-aaf8-010101010000,안과,1,78,15,264
a0195a29-f03e-11ef-982f-010101010000,외과,1,11,19,16
a01ae0c0-f03e-11ef-9818-010101010000,내과,0,1,4,1
a01b7d04-f03e-11ef-8ebb-010101010000,내과,0,3,2,21
a01c405d-f03e-11ef-9263-010101010000,내과,1,1,5,4
a01c6765-f03e-11ef-aa95-010101010000,내과,0,1,1,1
a01d2ab4-f03e-11ef-a042-010101010000,내과,0,1,1,1
a01d51c2-f03e-11ef-8f5a-010101010000,외과,0,1,1,1
a01ed888-f03e-11ef-84be-010101010000,외과,0,80,63,88
a01f9bdc-f03e-11ef-9d24-010101010000,외과,1,15,4,127
a020b1ab-f03e-11ef-8f54-010101010000,피부과,1,19,38,61
a020d8bb-f03e-11ef-bd1e-010101010000,외과,1,30,78,38
a02126d9-f03e-11ef-862d-010101010000,내과,0,1,13,2
a02126da-f03e-11ef-aa8f-010101010000,외과,0,1,1,2
a0214dec-f03e-11ef-b290-010101010000,내과,1,1,1,1
a021ea2c-f03e-11ef-9b6f-010101010000,내과,0,1,2,1
a02349bb-f03e-11ef-b4d0-010101010000,내과,1,84,159,110
a02370ca-f03e-11ef-ad51-010101010000,내과,1,45,6,188
a023beea-f03e-11ef-a6e8-010101010000,내과,0,1,1,1
a0240d0a-f03e-11ef-a294-010101010000,내과,1,2,6,53
a024341a-f03e-11ef-99c5-010101010000,외과,1,1,2,1
a027dd9b-f03e-11ef-95ad-010101010000,내과,0,1,2,1
a028c7f9-f03e-11ef-b4f9-010101010000,외과,0,1,4,2
a0291619-f03e-11ef-9d31-010101010000,내과,0,1,1,1
a0293d29-f03e-11ef-83d4-010101010000,치과,0,1,1,1
a029643a-f03e-11ef-a5b0-010101010000,내과,0,3,3,12
a029b258-f03e-11ef-8854-010101010000,안과,1,1,12,7
a02a278c-f03e-11ef-a17f-010101010000,내과,0,5,40,13
a02a75a9-f03e-11ef-9e4f-010101010000,내과,0,1,1,1
a02a9cba-f03e-11ef-9d15-010101010000,외과,0,5,52,6
a02bfc4a-f03e-11ef-8f9d-010101010000,내과,0,1,1,2
a02c9888-f03e-11ef-a05e-010101010000,내과,0,3,6,3
a02c9889-f03e-11ef-bd3a-010101010000,피부과,1,1,2,1
a02d0dd3-f03e-11ef-9777-010101010000,내과,0,1,1,1
a02d34e3-f03e-11ef-975a-010101010000,안과,0,1,2,1
a02e946f-f03e-11ef-8785-010101010000,외과,1,1,5,6
a03055d8-f03e-11ef-b6d6-010101010000,외과,1,33,98,46
a030cb11-f03e-11ef-8ce3-010101010000,치과,0,1,1,2
a030f22d-f03e-11ef-b85b-010101010000,내과,1,11,55,97
a0322aa7-f03e-11ef-b381-010101010000,치과,0,1,1,1
a032c6e3-f03e-11ef-9a55-010101010000,외과,0,66,55,104
a033b146-f03e-11ef-b58a-010101010000,내과,1,39,59,116
a034c2b1-f03e-11ef-ab61-010101010000,외과,1,251,166,406
a035fb37-f03e-11ef-90aa-010101010000,외과,1,144,83,230
a03733a8-f03e-11ef-a0e9-010101010000,치과,1,16,12,31
a0375ab6-f03e-11ef-a588-010101010000,내과,0,1,1,1
a03781c7-f03e-11ef-a438-010101010000,외과,1,14,2,90
a037a8d7-f03e-11ef-abcb-010101010000,내과,0,1,1,1
a0397d97-f03e-11ef-a9ba-010101010000,피부과,0,33,76,81
a03ba091-f03e-11ef-8e48-010101010000,치과,0,8,5,6
a03dea88-f03e-11ef-9d9b-010101010000,내과,0,1,1,1
a03f84f4-f03e-11ef-8da4-010101010000,외과,0,5,5,11
a040965b-f03e-11ef-8424-010101010000,내과,1,3,2,13
a0410b8f-f03e-11ef-9cfc-010101010000,외과,0,32,40,32
a041f5f0-f03e-11ef-831b-010101010000,피부과,1,1,3,2
a042440b-f03e-11ef-adfb-010101010000,내과,1,153,17,162
a0426b20-f03e-11ef-96e4-010101010000,내과,0,2,3,2
a0435577-f03e-11ef-bc52-010101010000,외과,0,1,5,2
a04418d4-f03e-11ef-b0f8-010101010000,안과,1,12,109,27
a0463ba7-f03e-11ef-a7ee-010101010000,외과,1,8,18,6
a046b0db-f03e-11ef-82dd-010101010000,피부과,0,1,1,1
a047742a-f03e-11ef-a316-010101010000,내과,0,1,6,12
a048d3c0-f03e-11ef-8219-010101010000,외과,0,1,3,1
a048fac9-f03e-11ef-9057-010101010000,내과,0,12,111,16
a049be1f-f03e-11ef-a596-010101010000,피부과,0,2,5,1
a04a334d-f03e-11ef-a231-010101010000,내과,0,2,46,7
a04b44bd-f03e-11ef-9c03-010101010000,피부과,0,1,4,9
a04b92fe-f03e-11ef-8336-010101010000,피부과,0,1,1,1
a04c7d82-f03e-11ef-acff-010101010000,내과,1,2,1,4
a0507bce-f03e-11ef-9f2b-010101010000,내과,0,31,24,37
a050c9f0-f03e-11ef-9aca-010101010000,피부과,1,1,2,1
a0516630-f03e-11ef-a461-010101010000,피부과,0,1,2,1
a052c5bc-f03e-11ef-9bb8-010101010000,내과,0,1,1,1
a05361df-f03e-11ef-8dee-010101010000,내과,0,1,1,1
a053b001-f03e-11ef-a3fe-010101010000,피부과,1,2,36,2
a053fe20-f03e-11ef-89ef-010101010000,외과,1,1,1,5
a0550f8d-f03e-11ef-bc07-010101010000,외과,1,13,2,42
a055abd0-f03e-11ef-989d-010101010000,외과,0,5,27,10
a057ceaf-f03e-11ef-9fc4-010101010000,내과,0,10,5,3
a0581cd7-f03e-11ef-bdc5-010101010000,외과,0,1,2,1
a0589203-f03e-11ef-a978-010101010000,내과,0,1,1,1
a059a372-f03e-11ef-9050-010101010000,안과,1,1,5,10
a059f190-f03e-11ef-a427-010101010000,외과,0,1,1,1
a05a189e-f03e-11ef-9271-010101010000,내과,0,1,1,1
a05b0359-f03e-11ef-9a11-010101010000,외과,0,1,1,1
a05bc6a9-f03e-11ef-a18a-010101010000,피부과,1,1,1,1
a05bc6aa-f03e-11ef-b9bf-010101010000,치과,1,30,14,74
a05d2949-f03e-11ef-ab86-010101010000,외과,0,1,1,1
a05d7764-f03e-11ef-abc1-010101010000,외과,0,1,1,1
a05e61c1-f03e-11ef-b718-010101010000,피부과,0,2,3,2
a05f9a52-f03e-11ef-aca5-010101010000,내과,0,1,1,1
a05fe864-f03e-11ef-aa75-010101010000,내과,0,1,1,1
a0605d8f-f03e-11ef-83d3-010101010000,치과,0,31,984,25
a061480f-f03e-11ef-9425-010101010000,외과,0,1,1,1
a061e435-f03e-11ef-bb94-010101010000,내과,0,9,37,15
a0620b45-f03e-11ef-92ac-010101010000,내과,0,1,4,1
a0628076-f03e-11ef-ba9f-010101010000,내과,0,103,140,89
a062a799-f03e-11ef-bc5d-010101010000,내과,1,9,26,23
a063b8f6-f03e-11ef-9f19-010101010000,안과,0,11,12,18
a0640716-f03e-11ef-b3e1-010101010000,외과,1,1,6,4
a0651887-f03e-11ef-b5a0-010101010000,내과,0,1,1,1
a0658db6-f03e-11ef-acae-010101010000,내과,1,13,85,10
a06825c3-f03e-11ef-b34a-010101010000,내과,1,433,530,776
a0689aed-f03e-11ef-a318-010101010000,내과,0,1,4,2
a06a21ba-f03e-11ef-9629-010101010000,외과,0,1,1,1
a06b332b-f03e-11ef-8db1-010101010000,내과,0,1,1,2
a06b332d-f03e-11ef-8d9d-010101010000,내과,0,1,1,1
a06bf676-f03e-11ef-b719-010101010000,내과,1,8,27,89
a06c1d89-f03e-11ef-b330-010101010000,외과,1,39,56,68
a06c6e22-f03e-11ef-a97c-010101010000,외과,0,3,3,5
a06d0a66-f03e-11ef-baa9-010101010000,외과,0,1,1,1
a06e1bee-f03e-11ef-9a1c-010101010000,치과,1,5,4,10
a06e6a0c-f03e-11ef-812e-010101010000,치과,1,50,86,192
a06e9119-f03e-11ef-9364-010101010000,외과,0,1,1,1
a06eb82a-f03e-11ef-86e2-010101010000,내과,0,2,3,3
a06fa28d-f03e-11ef-ad40-010101010000,내과,1,3,4,1
a0708cf1-f03e-11ef-b99a-010101010000,내과,0,1,3,1
a0723a97-f03e-11ef-93fd-010101010000,내과,0,1,3,3
a072afce-f03e-11ef-b052-010101010000,피부과,0,3,11,4
a07324fe-f03e-11ef-9ed2-010101010000,내과,0,1,4,6
a0739a29-f03e-11ef-858f-010101010000,안과,1,26,83,34
a0739a2a-f03e-11ef-9a80-010101010000,내과,0,14,35,19
a07595ff-f03e-11ef-bacb-010101010000,치과,0,1,1,1
a075e416-f03e-11ef-9b82-010101010000,내과,1,1,3,4
a077dfeb-f03e-11ef-a5f9-010101010000,내과,0,17,7,47
a07806f8-f03e-11ef-885a-010101010000,외과,0,51,17,55
a07806fa-f03e-11ef-88f3-010101010000,안과,1,10,18,24
a078f160-f03e-11ef-afe9-010101010000,내과,0,1,11,1
a0791870-f03e-11ef-993d-010101010000,외과,1,2,3,2
a07a2a2c-f03e-11ef-9980-010101010000,내과,0,3,1,3
a07b1484-f03e-11ef-a6ac-010101010000,외과,1,115,135,213
a07bdf79-f03e-11ef-9854-010101010000,내과,0,1,1,1
a07c7bbb-f03e-11ef-8d92-010101010000,치과,0,1,24,1
a07cc9da-f03e-11ef-90b8-010101010000,안과,0,119,249,263
a07db435-f03e-11ef-aa3f-010101010000,피부과,0,12,5,27
a07e0252-f03e-11ef-b1c6-010101010000,내과,0,46,103,157
a07e5074-f03e-11ef-b0c7-010101010000,내과,0,1,1,2
a07f61c2-f03e-11ef-a64c-010101010000,피부과,0,1,1,1
a07f61c3-f03e-11ef-aaa0-010101010000,내과,0,2,4,2
a080733c-f03e-11ef-9edd-010101010000,안과,0,1,1,1
a08247f6-f03e-11ef-af34-010101010000,피부과,0,1,1,1
a0830b49-f03e-11ef-a99e-010101010000,내과,1,133,184,482
a0835963-f03e-11ef-9912-010101010000,내과,0,5,6,11
a084b8f4-f03e-11ef-a055-010101010000,내과,0,1,1,1
a085553a-f03e-11ef-b32c-010101010000,외과,0,8,11,10
a085553b-f03e-11ef-9270-010101010000,외과,1,1,1,1
a085f178-f03e-11ef-b5f9-010101010000,내과,0,3,4,1
a0868dd4-f03e-11ef-bda2-010101010000,내과,1,13,3,37
a0870305-f03e-11ef-9001-010101010000,외과,1,5,1,5
a087ed6a-f03e-11ef-bcc5-010101010000,피부과,0,2,5,4
a0883b86-f03e-11ef-9768-010101010000,내과,0,1,1,1
a0886294-f03e-11ef-9676-010101010000,피부과,1,1,6,2
a088d819-f03e-11ef-8426-010101010000,내과,0,14,28,29
a0897428-f03e-11ef-9348-010101010000,내과,1,1,3,3
a089c24c-f03e-11ef-a014-010101010000,치과,1,23,10,42
a08a1079-f03e-11ef-b91c-010101010000,치과,0,3,5,10
a08a3795-f03e-11ef-b10a-010101010000,내과,1,834,843,1946
a08afff2-f03e-11ef-a2ad-010101010000,안과,0,3,10,16
a08bc342-f03e-11ef-b2b3-010101010000,내과,0,1,13,1
a08c3874-f03e-11ef-b280-010101010000,외과,0,1,1,1
a08c5f7c-f03e-11ef-83d7-010101010000,내과,0,1,6,3
a08c868c-f03e-11ef-9312-010101010000,내과,0,1,2,1
a08dbf0f-f03e-11ef-bff1-010101010000,내과,1,5,5,6
a08e825e-f03e-11ef-bbb1-010101010000,안과,0,1,6,1
a08f45ac-f03e-11ef-a1fe-010101010000,내과,0,9,24,13
a08fe1f3-f03e-11ef-aa64-010101010000,내과,0,2,1,1
a0903010-f03e-11ef-9d90-010101010000,내과,0,1,2,1
a09204d0-f03e-11ef-ad6e-010101010000,외과,1,1,1,1
a09279fd-f03e-11ef-b7fc-010101010000,외과,1,76,85,109
a092a10f-f03e-11ef-99e6-010101010000,내과,1,1,12,1
a092c823-f03e-11ef-a5a7-010101010000,내과,0,1,1,2
a093164c-f03e-11ef-a2ac-010101010000,피부과,1,8,32,17
a0933d50-f03e-11ef-a225-010101010000,피부과,1,1,3,6
a0938b70-f03e-11ef-a542-010101010000,피부과,0,1,14,3
a093d994-f03e-11ef-887b-010101010000,피부과,0,1,2,1
a0944ec1-f03e-11ef-bf8e-010101010000,내과,1,1,1,20
a0956031-f03e-11ef-be8d-010101010000,내과,0,2,10,11
a095ae51-f03e-11ef-8c1b-010101010000,내과,1,14,61,209
a095d562-f03e-11ef-b369-010101010000,피부과,0,1,3,1
a095fc71-f03e-11ef-a4c2-010101010000,내과,0,3,8,4
a0978310-f03e-11ef-91f7-010101010000,외과,1,532,239,821
a097d17e-f03e-11ef-b66a-010101010000,피부과,0,1,3,1
a09894c8-f03e-11ef-a7ab-010101010000,내과,0,1,4,2
a098e2ec-f03e-11ef-9e70-010101010000,내과,0,1,5,1
a099310c-f03e-11ef-970f-010101010000,내과,0,1,1,1
a099a638-f03e-11ef-bae1-010101010000,내과,0,1,1,1
a09b7f66-f03e-11ef-994d-010101010000,내과,0,2,3,4
a09c42b3-f03e-11ef-b9f8-010101010000,내과,1,3,21,10
a09d7b1e-f03e-11ef-8326-010101010000,내과,1,2,2,3
a09d7b1f-f03e-11ef-b21e-010101010000,내과,0,4,1,10
a0a01345-f03e-11ef-91b9-010101010000,내과,1,5,2,5
a0a199e3-f03e-11ef-b47a-010101010000,내과,1,4,2,3
a0a2d264-f03e-11ef-873d-010101010000,내과,1,1,3,1
a0a36ea2-f03e-11ef-ac03-010101010000,피부과,1,3,20,6
a0a3e3cd-f03e-11ef-8c53-010101010000,내과,0,8,25,15
a0a4ce2f-f03e-11ef-8f69-010101010000,내과,0,1,1,1
a0a4f547-f03e-11ef-ab4b-010101010000,외과,0,1,1,1
a0a4f548-f03e-11ef-9458-010101010000,내과,0,2,8,12
a0a59184-f03e-11ef-82fb-010101010000,치과,1,1,2,2
a0a71859-f03e-11ef-8d62-010101010000,피부과,0,2,3,1
a0a76683-f03e-11ef-9b7c-010101010000,내과,0,1,1,1
a0a89ed8-f03e-11ef-bc69-010101010000,피부과,0,48,54,39
a0a9140c-f03e-11ef-a016-010101010000,안과,1,3,2,12
a0aaee2e-f03e-11ef-a9a9-010101010000,내과,1,1,8,4
a0abff9f-f03e-11ef-9265-010101010000,외과,0,102,429,167
a0acc2f3-f03e-11ef-94ee-010101010000,피부과,0,1,1,1
a0adad53-f03e-11ef-9613-010101010000,외과,1,3,1,4
a0adfb76-f03e-11ef-ae13-010101010000,외과,0,1,1,1
a0ae97b5-f03e-11ef-9dfd-010101010000,내과,1,2,35,2
a0aebec8-f03e-11ef-92c3-010101010000,내과,0,1,1,1
a0afd031-f03e-11ef-a9fe-010101010000,내과,0,1,1,1
a0b09386-f03e-11ef-9227-010101010000,피부과,1,1,1,2
a0b1cc09-f03e-11ef-a84f-010101010000,안과,0,1,1,1
a0b28f56-f03e-11ef-95bd-010101010000,내과,0,1,2,1
a0b32b9a-f03e-11ef-ae98-010101010000,안과,0,17,80,15
a0b3eee4-f03e-11ef-b0fb-010101010000,외과,0,1,1,1
a0b52766-f03e-11ef-8021-010101010000,내과,0,1,7,1
a0b5c3aa-f03e-11ef-90c9-010101010000,안과,0,114,70,324
a0b5ead3-f03e-11ef-83fc-010101010000,치과,0,1,24,1
a0b6875e-f03e-11ef-b7ef-010101010000,내과,0,14,1,18
a0b771bb-f03e-11ef-b9d2-010101010000,피부과,0,1,1,1
a0b798cc-f03e-11ef-9686-010101010000,피부과,1,1,6,3
a0b80dfd-f03e-11ef-8333-010101010000,외과,1,1,2,3
a0b9a8c0-f03e-11ef-83b0-010101010000,피부과,0,53,92,75
a0bae13e-f03e-11ef-be88-010101010000,외과,0,73,32,82
a0bb2f5f-f03e-11ef-8137-010101010000,내과,0,1,1,1
a0bb566d-f03e-11ef-ac8f-010101010000,외과,0,279,552,438
a0bb566e-f03e-11ef-b840-010101010000,내과,0,2,1,1
a0bbf2ac-f03e-11ef-abd2-010101010000,외과,1,1,3,1
a0bc67e2-f03e-11ef-8320-010101010000,내과,0,28,37,10
a0bd041e-f03e-11ef-9a9b-010101010000,내과,1,6,43,7
a0bd794e-f03e-11ef-9221-010101010000,내과,0,1,1,1
a0bdee7d-f03e-11ef-891f-010101010000,내과,0,9,58,21
a0beffca-f03e-11ef-8428-010101010000,내과,1,1,1,1
a0c05f5f-f03e-11ef-a96c-010101010000,내과,0,14,22,27
a0c170cf-f03e-11ef-a5b9-010101010000,내과,1,1,1,1
a0c197d6-f03e-11ef-aae3-010101010000,외과,0,1,6,2
a0c2a950-f03e-11ef-8467-010101010000,피부과,0,1,4,1
a0c7c65c-f03e-11ef-9ef9-010101010000,피부과,0,1,1,1
a0c83c32-f03e-11ef-bcc2-010101010000,피부과,0,4,2,4
a0c92638-f03e-11ef-a45e-010101010000,내과,0,1,3,1
a0c9e989-f03e-11ef-b97f-010101010000,피부과,1,1,2,1
a0ca37a6-f03e-11ef-819f-010101010000,내과,0,29,77,14
a0ca5eb9-f03e-11ef-b235-010101010000,안과,1,4,2,25
a0caacdb-f03e-11ef-be42-010101010000,피부과,0,1,1,1
a0cc0c6b-f03e-11ef-86d4-010101010000,안과,0,1,1,1
a0cd6bfb-f03e-11ef-917e-010101010000,내과,0,1,1,1
a0ce2f4a-f03e-11ef-98ac-010101010000,외과,0,14,4,43
a0cea479-f03e-11ef-9878-010101010000,안과,1,7,26,11
a0cfdcf7-f03e-11ef-8b7a-010101010000,피부과,0,1,1,1
a0cfdcf8-f03e-11ef-81b7-010101010000,내과,0,1,4,2
a0d0793b-f03e-11ef-9fda-010101010000,내과,1,1,1,1
a0d1ffd9-f03e-11ef-9f53-010101010000,외과,1,23,17,29
a0d2ea3b-f03e-11ef-93e5-010101010000,내과,0,1,2,1
a0d4e5e2-f03e-11ef-a396-010101010000,피부과,1,1,5,7
a0d536b3-f03e-11ef-befe-010101010000,내과,0,2,1,1
a0d5fa01-f03e-11ef-ba37-010101010000,안과,1,1,2,1
a0d64828-f03e-11ef-9eeb-010101010000,내과,0,1,1,1
a0d6e462-f03e-11ef-b066-010101010000,외과,0,1,1,1
a0d75c54-f03e-11ef-8b38-010101010000,내과,1,1,1,1
a0d78366-f03e-11ef-bab5-010101010000,내과,1,2,2,3
a0d95828-f03e-11ef-a9ae-010101010000,내과,0,5,4,5
a0da4294-f03e-11ef-b3bf-010101010000,내과,1,2,5,12
a0da90a7-f03e-11ef-b0e9-010101010000,내과,0,1,1,1
a0dc3e50-f03e-11ef-869d-010101010000,내과,0,1,1,1
a0dd76ce-f03e-11ef-8e08-010101010000,내과,0,1,6,1
a0de1310-f03e-11ef-ac43-010101010000,내과,0,1,1,1
a0ded667-f03e-11ef-a575-010101010000,피부과,1,1,1,1
a0dfc0c5-f03e-11ef-8788-010101010000,내과,0,1,1,1
a0dfc0c6-f03e-11ef-8d39-010101010000,내과,0,1,3,4
a0dfe7ce-f03e-11ef-ae6e-010101010000,내과,0,2,1,2
a0e12057-f03e-11ef-b817-010101010000,외과,1,2,12,14
a0e14769-f03e-11ef-bd07-010101010000,내과,1,1,41,4
a0e258eb-f03e-11ef-a470-010101010000,내과,1,1,1,1
a0e2a6f9-f03e-11ef-a9e7-010101010000,외과,0,1,1,1
a0e56656-f03e-11ef-a866-010101010000,내과,0,1,1,1
a0e629a2-f03e-11ef-8d46-010101010000,내과,0,1,1,1
a0e73d5a-f03e-11ef-a09b-010101010000,내과,1,1,1,1
a0e96036-f03e-11ef-acba-010101010000,피부과,0,844,297,698
a0e98746-f03e-11ef-ad6b-010101010000,내과,1,1,5,2
a0e9ae57-f03e-11ef-a286-010101010000,외과,1,16,2,29
a0e9d569-f03e-11ef-9062-010101010000,안과,0,2,4,4
a0eabfc2-f03e-11ef-9512-010101010000,내과,1,519,1420,919
a0ec4667-f03e-11ef-affe-010101010000,피부과,0,19,8,73
a0ec9486-f03e-11ef-893a-010101010000,피부과,1,1,3,2
a0eeb763-f03e-11ef-b71c-010101010000,내과,0,1,2,1
a0ef2c98-f03e-11ef-b4bf-010101010000,내과,1,5,4,6
a0efa1bf-f03e-11ef-98e4-010101010000,안과,0,1,1,1
a0f08c1f-f03e-11ef-aa82-010101010000,내과,0,1,1,1
a0f212c3-f03e-11ef-86d6-010101010000,외과,1,15,17,46
a0f239db-f03e-11ef-826a-010101010000,내과,1,3,1,8
a0f260df-f03e-11ef-962b-010101010000,외과,1,3,3,15
a0f2aefd-f03e-11ef-9aba-010101010000,치과,1,43,48,55
a0f2d614-f03e-11ef-872b-010101010000,안과,0,1,1,1
a0f45cee-f03e-11ef-b2b1-010101010000,내과,0,28,102,21
a0f4d213-f03e-11ef-bec9-010101010000,외과,0,1,1,1
a0f7573f-f03e-11ef-bc16-010101010000,내과,0,1,1,1
a0f88fa2-f03e-11ef-8b28-010101010000,내과,1,1,2,2
a0f904cf-f03e-11ef-820a-010101010000,내과,0,32,3,2
a0f97a03-f03e-11ef-8a7a-010101010000,치과,0,2,2,2
a0fa8b74-f03e-11ef-8edc-010101010000,내과,0,9,4,21
a0fb75d0-f03e-11ef-bbfc-010101010000,피부과,0,17,26,43
a0fb75d1-f03e-11ef-b06c-010101010000,내과,0,2,20,4
a0fb9ce0-f03e-11ef-a59e-010101010000,안과,1,1,1,1
a0fe0ddf-f03e-11ef-8b22-010101010000,피부과,1,2,5,4
a0fef839-f03e-11ef-9653-010101010000,내과,0,1,1,1
a0ff947b-f03e-11ef-9d96-010101010000,내과,1,41,58,83
a0ffe29e-f03e-11ef-9217-010101010000,내과,1,111,72,96
a100a5f3-f03e-11ef-9613-010101010000,내과,1,4,14,4
a1014232-f03e-11ef-b320-010101010000,내과,0,5,2,9
a101de70-f03e-11ef-9bde-010101010000,내과,0,1,8,2
a1033e32-f03e-11ef-b423-010101010000,외과,0,1,1,1
a1038c47-f03e-11ef-a988-010101010000,피부과,1,1,1,2
a10428a9-f03e-11ef-bc11-010101010000,내과,0,1,1,1
a1057544-f03e-11ef-92ef-010101010000,외과,0,49,112,73
a105c358-f03e-11ef-9b30-010101010000,외과,0,10,24,17
a105c359-f03e-11ef-b286-010101010000,내과,0,1,1,1
a1065fa3-f03e-11ef-a8fe-010101010000,내과,0,1,1,1
a10686ac-f03e-11ef-ac56-010101010000,피부과,0,1,18,3
a1080d52-f03e-11ef-9eea-010101010000,내과,0,9,11,17
a108345d-f03e-11ef-b8fc-010101010000,내과,0,1,11,3
a1085b6b-f03e-11ef-9b2f-010101010000,피부과,0,19,32,34
a1096cbc-f03e-11ef-867a-010101010000,외과,0,2,7,5
a10a5717-f03e-11ef-987e-010101010000,내과,0,1,1,1
a10a7e39-f03e-11ef-8387-010101010000,내과,0,1,2,1
a10bdddd-f03e-11ef-b119-010101010000,내과,1,1,4,3
a10c04ec-f03e-11ef-9043-010101010000,내과,0,3837,9101,6912
a10d3d6e-f03e-11ef-893b-010101010000,내과,0,1,1,5
a10dd992-f03e-11ef-be32-010101010000,내과,0,1,3,1
a10e009b-f03e-11ef-8da9-010101010000,내과,0,23,19,30
a110719b-f03e-11ef-8685-010101010000,내과,1,295,224,956
a111aa13-f03e-11ef-b777-010101010000,피부과,0,1,1,1
a111aa14-f03e-11ef-b6fa-010101010000,외과,0,1,1,1
a1121f8e-f03e-11ef-9bd8-010101010000,내과,1,221,134,302
a1124689-f03e-11ef-b4e1-010101010000,외과,0,1,1,1
a11330e9-f03e-11ef-8b5b-010101010000,내과,0,1,4,2
a1141b47-f03e-11ef-a18a-010101010000,피부과,0,1,1,1
a1144462-f03e-11ef-969f-010101010000,내과,0,3136,4756,6722
a11507ba-f03e-11ef-98d3-010101010000,내과,0,1,1,1
a115cb04-f03e-11ef-a0fb-010101010000,안과,0,1,1,1
a1179fca-f03e-11ef-8cd9-010101010000,내과,1,4,3,8
a118ff55-f03e-11ef-bb4e-010101010000,내과,0,2,1,7
a1192666-f03e-11ef-b9a6-010101010000,내과,0,3,1,2
a1194d75-f03e-11ef-8d70-010101010000,외과,0,6,5,9
a119c2b1-f03e-11ef-b766-010101010000,치과,1,5,1,29
a11aad08-f03e-11ef-8ed7-010101010000,내과,0,1,2,2
a11afb26-f03e-11ef-b8ab-010101010000,피부과,0,7,5,23
a11cf6f6-f03e-11ef-bef5-010101010000,내과,0,1,2,2
a11ecbba-f03e-11ef-b601-010101010000,내과,1,1,1,1
a11ef2d0-f03e-11ef-b051-010101010000,외과,1,56,267,126
a11fb616-f03e-11ef-87ce-010101010000,내과,1,1,18,10
a11fdd27-f03e-11ef-85f5-010101010000,내과,1,2,27,3
a1200438-f03e-11ef-aa9d-010101010000,내과,0,1,1,1
a1224e78-f03e-11ef-a23d-010101010000,내과,1,1,1,1
a1239ac9-f03e-11ef-8354-010101010000,내과,0,2,2,2
a1245e1d-f03e-11ef-86e8-010101010000,내과,0,1,1,1
a124d347-f03e-11ef-b94c-010101010000,내과,0,68,16,111
a124fa5c-f03e-11ef-8ab6-010101010000,내과,0,1,1,1
a12659e8-f03e-11ef-9deb-010101010000,내과,0,1,1,1
a126cf1a-f03e-11ef-b1f9-010101010000,피부과,0,1,3,1
a12e9748-f03e-11ef-afac-010101010000,내과,0,116,98,263
a1301de6-f03e-11ef-bd5f-010101010000,치과,0,1,1,1
a1306c2b-f03e-11ef-9ecb-010101010000,내과,0,1,1,1
a130933a-f03e-11ef-bd33-010101010000,내과,0,13,28,10
a133b446-f03e-11ef-bd9c-010101010000,내과,0,2,7,3
a133db51-f03e-11ef-9549-010101010000,외과,1,175,104,243
a134508c-f03e-11ef-b595-010101010000,내과,1,21,22,8
a1347795-f03e-11ef-bc0b-010101010000,치과,0,1,1,1
a1349ea4-f03e-11ef-bd56-010101010000,외과,0,4,5,7
a134ecc4-f03e-11ef-aacf-010101010000,내과,0,1,1,1
a13561f3-f03e-11ef-99a5-010101010000,내과,0,13,15,23
a135b016-f03e-11ef-8c41-010101010000,내과,0,1,5,1
a13736b2-f03e-11ef-8026-010101010000,내과,1,364,523,696
a13784d5-f03e-11ef-ba81-010101010000,내과,0,5,5,12
a139a7b2-f03e-11ef-b949-010101010000,외과,0,17,12,23
a13a43f1-f03e-11ef-b265-010101010000,내과,0,1,3,1
a13ae039-f03e-11ef-95a3-010101010000,내과,0,2,2,4
a13b556f-f03e-11ef-9a3a-010101010000,피부과,0,1,1,1
a13b7c74-f03e-11ef-9e5f-010101010000,피부과,1,2,5,3
a13c8de2-f03e-11ef-b1d9-010101010000,내과,0,1,20,9
a13dc664-f03e-11ef-896e-010101010000,내과,1,562,139,1185
a13ded76-f03e-11ef-ad32-010101010000,내과,0,1,1,1
a13f7414-f03e-11ef-a341-010101010000,내과,1,1,2,2
a140d3c8-f03e-11ef-92ca-010101010000,안과,0,2,12,2
a140fad3-f03e-11ef-aeb4-010101010000,내과,0,1,1,1
a14234cf-f03e-11ef-bc21-010101010000,내과,0,1,1,1
a1431f26-f03e-11ef-8ef0-010101010000,내과,1,9,20,22
a1447ebb-f03e-11ef-97e6-010101010000,외과,1,15,124,62
a144a5cf-f03e-11ef-8a8b-010101010000,피부과,0,1,4,1
a146a196-f03e-11ef-9eba-010101010000,내과,0,29,2,22
a14716ca-f03e-11ef-a097-010101010000,내과,0,12,1,11
a1484f50-f03e-11ef-95ac-010101010000,외과,0,13,5,73
a148765b-f03e-11ef-8482-010101010000,내과,1,2,2,2
a14987ca-f03e-11ef-a88f-010101010000,내과,0,17,15,37
a14987cb-f03e-11ef-9bd0-010101010000,피부과,0,2,8,6
a149d5ea-f03e-11ef-8a50-010101010000,내과,0,2,2,3
a14b5c88-f03e-11ef-b4ff-010101010000,내과,0,24,5,15
a14bf8cd-f03e-11ef-8fd4-010101010000,내과,0,1,1,1
a14c1fdb-f03e-11ef-bcc6-010101010000,피부과,1,1,1,1
a14cbc1e-f03e-11ef-8091-010101010000,내과,1,1,1,1
a14d5859-f03e-11ef-8180-010101010000,피부과,0,1,1,1
a150179f-f03e-11ef-922e-010101010000,외과,1,1,1,3
a15017a1-f03e-11ef-848f-010101010000,내과,1,13,3,24
a1508cd6-f03e-11ef-b434-010101010000,내과,0,5,1,4
a1512914-f03e-11ef-8827-010101010000,내과,1,2,2,3
a152433b-f03e-11ef-a1af-010101010000,피부과,1,1,2,1
a1530687-f03e-11ef-953d-010101010000,외과,1,1,15,1
a15417f2-f03e-11ef-abe5-010101010000,내과,0,1,1,1
a154b428-f03e-11ef-b25f-010101010000,내과,0,19,86,21
a1552976-f03e-11ef-ae20-010101010000,내과,1,1,1,1
a1555077-f03e-11ef-b7c1-010101010000,내과,0,1,3,2
a1559eb4-f03e-11ef-9404-010101010000,내과,1,1,1,1
a1568914-f03e-11ef-a028-010101010000,내과,0,1,1,1
a156b035-f03e-11ef-8883-010101010000,내과,0,74,155,154
a15836c6-f03e-11ef-9472-010101010000,안과,0,106,552,120
a1585dd8-f03e-11ef-8d02-010101010000,피부과,1,93,11,342
a158abf1-f03e-11ef-be98-010101010000,내과,0,11,2,12
a158fa16-f03e-11ef-a36e-010101010000,외과,0,1,4,1
a15b4404-f03e-11ef-96d5-010101010000,내과,0,1,1,1
a15c7c84-f03e-11ef-9058-010101010000,외과,0,1,1,1
a15ccaa4-f03e-11ef-8ca1-010101010000,내과,1,1,1,1
a15e789d-f03e-11ef-8b17-010101010000,외과,1,3,1,4
a15ec6b2-f03e-11ef-8624-010101010000,내과,0,50,12,89
a15eedc9-f03e-11ef-8a0c-010101010000,내과,0,1,1,1
a15fb115-f03e-11ef-a13e-010101010000,내과,0,1,1,1
a15fff34-f03e-11ef-bab5-010101010000,내과,0,1,1,1
a1602649-f03e-11ef-b5c3-010101010000,내과,1,22,11,59
a1607469-f03e-11ef-b920-010101010000,외과,0,3,2,1
a1633687-f03e-11ef-a8ae-010101010000,내과,0,2,4,6
a163d2c9-f03e-11ef-9b74-010101010000,내과,0,1,1,1
a1649615-f03e-11ef-b0a7-010101010000,내과,0,1,1,2
a164e433-f03e-11ef-89b9-010101010000,내과,1,1,1,1
a1650b49-f03e-11ef-a61c-010101010000,피부과,1,1,1,1
a1655967-f03e-11ef-9df0-010101010000,내과,0,4,59,14
a16706fb-f03e-11ef-8c98-010101010000,내과,1,1,1,2
a1672e0c-f03e-11ef-875f-010101010000,외과,1,1,1,1
a1698eec-f03e-11ef-b803-010101010000,내과,1,1,1,1
a16a0424-f03e-11ef-9cfd-010101010000,내과,1,9,28,66
a16a0425-f03e-11ef-8cc3-010101010000,내과,0,1,1,2
a16a523f-f03e-11ef-a0c0-010101010000,내과,1,9634,4915,11718
a16bb1d2-f03e-11ef-a7a1-010101010000,내과,0,3,2,2
a16c4e26-f03e-11ef-81d0-010101010000,내과,0,1,1,1
a16c751c-f03e-11ef-8895-010101010000,치과,1,236,58,513
a16dfbff-f03e-11ef-b347-010101010000,외과,1,1,1,1
a16e22f5-f03e-11ef-9605-010101010000,내과,0,15,16,10
a16f8281-f03e-11ef-928a-010101010000,내과,1,1,3,3
a1714404-f03e-11ef-b51f-010101010000,내과,0,72,42,60
a1719222-f03e-11ef-aa90-010101010000,외과,0,1,1,1
a17366e6-f03e-11ef-ba6f-010101010000,피부과,0,1,1,1
a173dc17-f03e-11ef-bfef-010101010000,내과,1,95,145,241
a1762608-f03e-11ef-9d6f-010101010000,내과,0,2,20,13
a1762609-f03e-11ef-8728-010101010000,내과,0,18,108,26
a1786ff1-f03e-11ef-8638-010101010000,내과,1,2,1,14
a1789703-f03e-11ef-8b2c-010101010000,치과,0,1,1,1
a178e522-f03e-11ef-b3c1-010101010000,외과,0,1,1,2
a1798162-f03e-11ef-bd2b-010101010000,내과,0,1,4,4
a179f692-f03e-11ef-a72f-010101010000,안과,0,20,13,10
a17a1da3-f03e-11ef-8a2b-010101010000,외과,0,1,1,1
a17d03f7-f03e-11ef-9abc-010101010000,내과,0,7,5,6
a17da037-f03e-11ef-890b-010101010000,내과,1,1,3,1
a17e3c73-f03e-11ef-a6cd-010101010000,피부과,0,1,11,3
a17f61c7-f03e-11ef-9e2f-010101010000,내과,0,1,8,1
a181f9db-f03e-11ef-bb1e-010101010000,치과,1,21,152,27
a18220e9-f03e-11ef-9bf4-010101010000,외과,0,190,448,654
a182e43c-f03e-11ef-97ff-010101010000,외과,1,5,3,8
a1833258-f03e-11ef-bea1-010101010000,내과,1,2,1,4
a1838079-f03e-11ef-9555-010101010000,내과,1,8,1,10
a18443c5-f03e-11ef-a8fb-010101010000,내과,0,1,10,11
a1855545-f03e-11ef-a06a-010101010000,내과,1,55,71,45
a185ca68-f03e-11ef-9b8f-010101010000,피부과,0,1,2,6
a186b4c3-f03e-11ef-a8e9-010101010000,내과,0,1,1,1
a18702ea-f03e-11ef-a9d6-010101010000,외과,0,1,1,1
a18729f5-f03e-11ef-9fa4-010101010000,치과,0,11,15,16
a187c636-f03e-11ef-909c-010101010000,내과,1,29,35,139
a1886276-f03e-11ef-ab93-010101010000,안과,1,1,2,2
a189e915-f03e-11ef-a5fb-010101010000,내과,1,1,10,4
a18b6fb8-f03e-11ef-b1e1-010101010000,피부과,0,1,1,1
a18c5a3e-f03e-11ef-8668-010101010000,안과,0,3,14,10
a18d4499-f03e-11ef-a134-010101010000,외과,1,8,1,9
a18e90d8-f03e-11ef-901c-010101010000,내과,0,5,5,14
a18eb7ea-f03e-11ef-80e3-010101010000,외과,0,1,1,1
a18f5432-f03e-11ef-b79c-010101010000,치과,1,1,1,1
a1919fe2-f03e-11ef-92ec-010101010000,피부과,1,203,153,805
a192b14e-f03e-11ef-a91b-010101010000,외과,0,8,23,7
a1932680-f03e-11ef-9ad2-010101010000,치과,1,1,4,2
a194ad24-f03e-11ef-91db-010101010000,내과,0,1,4,1
a1954965-f03e-11ef-9dc2-010101010000,내과,0,1,2,1
a1957073-f03e-11ef-b201-010101010000,내과,1,2,5,2
a195977f-f03e-11ef-979e-010101010000,피부과,0,2,1,4
a195e5a7-f03e-11ef-bc57-010101010000,내과,1,1,1,1
a19633c0-f03e-11ef-837d-010101010000,외과,0,29,8,61
a1965ae5-f03e-11ef-9491-010101010000,내과,0,36,97,38
a1974545-f03e-11ef-a8b8-010101010000,피부과,0,1,1,1
a1979354-f03e-11ef-8fa4-010101010000,내과,0,2,2,6
a1998f25-f03e-11ef-b5ec-010101010000,내과,0,1,3,1
a19a044f-f03e-11ef-a063-010101010000,피부과,0,1,1,1
a19a5270-f03e-11ef-aac7-010101010000,내과,0,1,2,1
a19b3cd5-f03e-11ef-87d7-010101010000,내과,0,64,39,76
a19c2759-f03e-11ef-809b-010101010000,외과,1,52,8,83
a19c9c90-f03e-11ef-95e5-010101010000,외과,0,2,49,1
a19ddec3-f03e-11ef-b875-010101010000,내과,1,8,9,15
a19e05d7-f03e-11ef-a809-010101010000,외과,0,3,4,3
a19e53e4-f03e-11ef-8150-010101010000,내과,0,1,1,1
a19ea1ff-f03e-11ef-8a2a-010101010000,치과,0,5,1,43
a19f8c5e-f03e-11ef-9dfa-010101010000,안과,0,17,41,41
a1a04fb6-f03e-11ef-a90e-010101010000,내과,0,312,242,983
a1a09ddc-f03e-11ef-a740-010101010000,내과,1,30,127,73
a1a13a36-f03e-11ef-afe8-010101010000,내과,0,1,1,1
a1a1af45-f03e-11ef-9211-010101010000,내과,0,1,2,1
a1a2e7c6-f03e-11ef-8122-010101010000,치과,1,24,42,84
a1a335e4-f03e-11ef-927e-010101010000,내과,0,9,12,12
a1a35cf0-f03e-11ef-895d-010101010000,내과,0,65,31,21
a1a4bc84-f03e-11ef-9804-010101010000,내과,0,35,174,9
a1a531b9-f03e-11ef-8045-010101010000,피부과,0,1,1,2
a1a5f4fa-f03e-11ef-9df3-010101010000,내과,0,1,7,2
a1a7548f-f03e-11ef-a107-010101010000,외과,1,14,14,120
a1a865fd-f03e-11ef-82af-010101010000,내과,0,71,100,75
a1a90265-f03e-11ef-9c14-010101010000,내과,1,15,5,5
a1a9505c-f03e-11ef-ba88-010101010000,내과,0,1,1,1
a1a99e7d-f03e-11ef-ba07-010101010000,피부과,1,8,12,10
a1aa61c5-f03e-11ef-836b-010101010000,내과,0,3,9,3
a1ac5db6-f03e-11ef-b357-010101010000,내과,0,187,345,148
a1ad248c-f03e-11ef-b5af-010101010000,내과,0,5,22,3
a1ad72b8-f03e-11ef-a534-010101010000,피부과,0,1,1,1
a1ad72b9-f03e-11ef-ba14-010101010000,피부과,0,6,15,8
a1adc0cf-f03e-11ef-8d4b-010101010000,외과,1,12,14,31
a1aef952-f03e-11ef-bc04-010101010000,외과,1,49,5,88
a1b058e2-f03e-11ef-9bc0-010101010000,내과,0,1,2,1
a1b0a712-f03e-11ef-ba52-010101010000,치과,0,1,1,1
a1b1b86c-f03e-11ef-ad65-010101010000,치과,0,1,1,1
a1b33f1d-f03e-11ef-ab65-010101010000,피부과,0,6,3,14
a1b3b43d-f03e-11ef-b617-010101010000,치과,0,4,3,4
a1b4507e-f03e-11ef-99ff-010101010000,내과,0,3,15,14
a1b4778c-f03e-11ef-8469-010101010000,내과,1,3,4,3
a1b4c5ad-f03e-11ef-808f-010101010000,치과,1,8,2,20
a1b4ecc0-f03e-11ef-93a6-010101010000,외과,0,15,5,16
a1b561ee-f03e-11ef-9927-010101010000,피부과,0,1,1,1
a1b561ef-f03e-11ef-bc84-010101010000,내과,0,4,4,5
a1b6c17c-f03e-11ef-9132-010101010000,치과,1,13,7,16
a1b70f9f-f03e-11ef-95c1-010101010000,내과,0,1,5,4
a1b7f9fc-f03e-11ef-8db1-010101010000,내과,0,2,7,2
a1b84830-f03e-11ef-a989-010101010000,내과,0,1,4,1
a1b86f3f-f03e-11ef-9228-010101010000,내과,0,1,3,2
a1bbcad2-f03e-11ef-8b36-010101010000,외과,0,1,2,1
a1bc6c7d-f03e-11ef-93ca-010101010000,외과,1,40,40,45
a1bd2fc8-f03e-11ef-8303-010101010000,내과,1,2,1,2
a1bd56db-f03e-11ef-b031-010101010000,내과,1,1,16,1
a1bd7de5-f03e-11ef-a28c-010101010000,내과,0,1,2,1
a1bda4f6-f03e-11ef-8add-010101010000,외과,0,1,3,2
a1be1a26-f03e-11ef-a934-010101010000,치과,1,2,2,5
a1bf52ae-f03e-11ef-a53a-010101010000,안과,0,1,1,1
a1bfa0c6-f03e-11ef-99f4-010101010000,안과,0,5,3,4
a1c08b20-f03e-11ef-8ba3-010101010000,내과,0,1,1,1
a1c08b21-f03e-11ef-96d4-010101010000,외과,1,10,37,12
a1c12769-f03e-11ef-be17-010101010000,내과,0,2,22,6
a1c1276a-f03e-11ef-9e9d-010101010000,피부과,0,1,1,1
a1c14e6f-f03e-11ef-ae78-010101010000,내과,0,1,4,1
a1c14e70-f03e-11ef-b7c6-010101010000,내과,0,159,14,63
a1c37155-f03e-11ef-98b2-010101010000,치과,0,18,25,21
a1c3e68a-f03e-11ef-823c-010101010000,내과,0,17,25,9
a1c40d9b-f03e-11ef-aaa2-010101010000,외과,1,1655,1043,2614
a1c4d0ea-f03e-11ef-8576-010101010000,내과,0,1,1,1
a1c6ccca-f03e-11ef-8db3-010101010000,내과,0,1,1,1
a1c7b71e-f03e-11ef-8688-010101010000,치과,0,1,1,1
a1c80538-f03e-11ef-be6b-010101010000,치과,0,1,1,1
a1c82c47-f03e-11ef-a927-010101010000,내과,0,16,24,10
a1c8535c-f03e-11ef-bc3b-010101010000,내과,1,1,3,2
a1c8ef94-f03e-11ef-b6fd-010101010000,피부과,0,1,1,1
a1ca0138-f03e-11ef-ad31-010101010000,내과,1,847,266,1502
a1ca0139-f03e-11ef-83af-010101010000,외과,0,21,11,18
a1ca4f5c-f03e-11ef-97a5-010101010000,내과,0,11,11,66
a1caeb99-f03e-11ef-892e-010101010000,피부과,0,2,3,2
a1cb9bdb-f03e-11ef-8e43-010101010000,내과,0,1,1,1
a1cc110d-f03e-11ef-a9e0-010101010000,외과,1,59,56,145
a1ccfb6e-f03e-11ef-b316-010101010000,내과,0,1,1,1
a1ccfb6f-f03e-11ef-a324-010101010000,내과,0,5,22,6
a1cd498c-f03e-11ef-8100-010101010000,내과,0,3,4,3
a1ce0ce0-f03e-11ef-84a5-010101010000,외과,0,202,158,220
a1ce33ed-f03e-11ef-a85f-010101010000,내과,0,1,1,1
a1cf6c70-f03e-11ef-b448-010101010000,내과,0,111,31,38
a1cf9382-f03e-11ef-8964-010101010000,내과,0,3,2,11
a1cfe19d-f03e-11ef-a975-010101010000,내과,0,61,212,46
a1d07ddd-f03e-11ef-a4b9-010101010000,내과,0,1,1,1
a1d1683f-f03e-11ef-8103-010101010000,외과,0,1,1,1
a1d1b65e-f03e-11ef-8813-010101010000,외과,0,3,9,2
a1d2529a-f03e-11ef-8b28-010101010000,피부과,1,1,10,3
a1d279ae-f03e-11ef-8e2f-010101010000,내과,0,1,1,1
a1d2eedb-f03e-11ef-a6e9-010101010000,내과,0,1,2,3
a1d33cfd-f03e-11ef-8746-010101010000,외과,1,4,3,4
a1d4275b-f03e-11ef-8f88-010101010000,내과,0,4,17,5
a1d49c89-f03e-11ef-a3c0-010101010000,피부과,1,1,2,2
a1d49c8a-f03e-11ef-9e93-010101010000,피부과,1,1,1,1
a1d6714a-f03e-11ef-afca-010101010000,내과,0,1,1,2
a1d6e67c-f03e-11ef-adc1-010101010000,내과,0,1,1,1
a1d70d8c-f03e-11ef-9b42-010101010000,피부과,1,128,179,97
a1d7a9cf-f03e-11ef-a16c-010101010000,내과,0,12,69,22
a1d8460e-f03e-11ef-8bee-010101010000,안과,1,17,33,31
a1d8e286-f03e-11ef-b3d7-010101010000,내과,0,109,289,108
a1d9a5ca-f03e-11ef-812d-010101010000,외과,0,1,3,2
a1daf222-f03e-11ef-8592-010101010000,피부과,0,11,14,8
a1db192b-f03e-11ef-9d4e-010101010000,외과,1,4,7,18
a1dc9fca-f03e-11ef-a7cf-010101010000,외과,1,113,41,265
a1dcc6db-f03e-11ef-9049-010101010000,외과,0,3,76,5
a1dd631d-f03e-11ef-94a5-010101010000,내과,1,1,1,1
a1de9b9c-f03e-11ef-aaef-010101010000,피부과,0,1,2,1
a1df37da-f03e-11ef-b305-010101010000,피부과,0,1,3,6
a1dfad08-f03e-11ef-84bd-010101010000,내과,0,1,1,1
a1e0224a-f03e-11ef-bdd4-010101010000,외과,1,13,18,17
a1e0494c-f03e-11ef-831a-010101010000,피부과,0,1,1,1
a1e0976e-f03e-11ef-8016-010101010000,외과,0,1,1,1
a1e0be7d-f03e-11ef-a8a3-010101010000,외과,0,59,20,65
a1e133b2-f03e-11ef-be40-010101010000,내과,0,4,1,7
a1e1f6f5-f03e-11ef-a232-010101010000,외과,0,2,1,1
a1e26c28-f03e-11ef-ba98-010101010000,외과,1,1,1,2
a1e32f80-f03e-11ef-9ed9-010101010000,피부과,0,19,11,29
a1e35687-f03e-11ef-9e96-010101010000,내과,0,4,3,4
a1e3f2cd-f03e-11ef-962d-010101010000,피부과,0,11,20,14
a1e57972-f03e-11ef-bee9-010101010000,내과,0,1,1,1
a1e5c786-f03e-11ef-8929-010101010000,피부과,0,3,9,5
a1e5ee9c-f03e-11ef-8fd2-010101010000,외과,0,1,1,1
a1e7000c-f03e-11ef-8571-010101010000,내과,0,7,13,6
a1e79c48-f03e-11ef-9754-010101010000,피부과,1,2,1,3
a1e7c37f-f03e-11ef-9698-010101010000,외과,1,46,8,55
a1e8add8-f03e-11ef-a1be-010101010000,내과,1,2,1,4
a1e92308-f03e-11ef-bc9b-010101010000,피부과,0,3,7,11
a1e9e65c-f03e-11ef-a69d-010101010000,내과,1,1,1,1
a1e9e65e-f03e-11ef-bf66-010101010000,내과,0,1,1,1
a1ea38e1-f03e-11ef-a115-010101010000,내과,0,431,582,459
a1eaae05-f03e-11ef-b6a5-010101010000,안과,0,1,1,1
a1eaae06-f03e-11ef-8e61-010101010000,치과,1,1,7,1
a1eb233e-f03e-11ef-86d4-010101010000,외과,0,1,1,1
a1eb9868-f03e-11ef-80bc-010101010000,내과,0,3,3,4
a1ecd0ef-f03e-11ef-8fd0-010101010000,외과,0,1,1,1
a1ed6d1e-f03e-11ef-ad17-010101010000,안과,0,1,1,1
a1ef1ad0-f03e-11ef-81e7-010101010000,내과,0,1,6,6
a1ef68ef-f03e-11ef-b7fa-010101010000,내과,0,408,947,460
a1f0052b-f03e-11ef-9406-010101010000,내과,0,1,1,1
a1f27627-f03e-11ef-af8b-010101010000,내과,0,11,50,121
a1f29d42-f03e-11ef-be56-010101010000,피부과,1,3,3,2
a1f3398a-f03e-11ef-82af-010101010000,내과,0,1,1,2
a1f36098-f03e-11ef-9d35-010101010000,외과,1,162,170,276
a1f387b3-f03e-11ef-a7ac-010101010000,내과,0,6,12,4
a1f3d5c7-f03e-11ef-be06-010101010000,내과,0,3,6,3
a1f49919-f03e-11ef-ac3b-010101010000,내과,0,2,1,2
a1f5d18e-f03e-11ef-81a8-010101010000,외과,1,2,1,3
a1f61fb6-f03e-11ef-8d26-010101010000,외과,0,44,13,72
a1f7a67b-f03e-11ef-9063-010101010000,안과,1,1,1,1
a1f842c1-f03e-11ef-abe5-010101010000,내과,0,1,1,1
a1f92d1c-f03e-11ef-ac60-010101010000,내과,0,234,894,186
a1fb2db9-f03e-11ef-b39f-010101010000,내과,1,2,6,2
a1fb54cb-f03e-11ef-ad85-010101010000,내과,0,225,179,355
a1fc3f29-f03e-11ef-a21e-010101010000,내과,0,352,354,414
a1fc663c-f03e-11ef-a0c6-010101010000,내과,0,2,7,3
a1fc8d4f-f03e-11ef-a596-010101010000,내과,0,1,1,1
a1fcdb64-f03e-11ef-960e-010101010000,내과,0,4,11,3
a1fd027f-f03e-11ef-8168-010101010000,내과,0,7,15,8
a1fd9eb9-f03e-11ef-a704-010101010000,내과,0,1069,2368,697
a1fe3afc-f03e-11ef-b8f3-010101010000,외과,0,1,1,1
a1fe891a-f03e-11ef-bb9f-010101010000,내과,0,1,1,1
a1ff255c-f03e-11ef-bb8e-010101010000,외과,0,39,87,81
a1ff737b-f03e-11ef-9735-010101010000,피부과,1,1,1,1
a2000fba-f03e-11ef-bb79-010101010000,피부과,0,1,1,1
a20036ca-f03e-11ef-a33c-010101010000,외과,0,300,2132,399
a200d307-f03e-11ef-b346-010101010000,외과,0,37,16,77
a2012130-f03e-11ef-8253-010101010000,내과,1,2,1,6
a2019658-f03e-11ef-9478-010101010000,내과,0,5,6,10
a201e47a-f03e-11ef-8d78-010101010000,외과,1,260,59,363
a20280be-f03e-11ef-9527-010101010000,내과,0,45,54,29
a2042e6c-f03e-11ef-954d-010101010000,내과,0,84,66,19
a2047c8e-f03e-11ef-94f0-010101010000,내과,1,74,215,131
a204a399-f03e-11ef-9329-010101010000,내과,0,21,3,15
a204f1bd-f03e-11ef-b5c8-010101010000,치과,1,1,1,4
a2062a3d-f03e-11ef-85dc-010101010000,피부과,0,1,1,1
a2067884-f03e-11ef-a360-010101010000,외과,0,1,1,1
a2084d43-f03e-11ef-a1b4-010101010000,외과,0,17,30,19
a20999a8-f03e-11ef-a695-010101010000,내과,0,1,4,1
a209e7d1-f03e-11ef-925e-010101010000,피부과,0,6,4,33
a20a0edd-f03e-11ef-a213-010101010000,피부과,0,2,2,2
a20a8409-f03e-11ef-974d-010101010000,피부과,0,4,7,1
a20b2055-f03e-11ef-914d-010101010000,내과,0,2,1,2
a20b475c-f03e-11ef-ac20-010101010000,안과,0,1,4,1
a20b6e70-f03e-11ef-9753-010101010000,치과,0,32,13,31
a20c7fd9-f03e-11ef-a9f4-010101010000,치과,0,1,1,1
a20ca6ec-f03e-11ef-af09-010101010000,내과,0,1,1,1
a20d432b-f03e-11ef-909f-010101010000,외과,0,24,42,33
a20d6a3d-f03e-11ef-ae11-010101010000,내과,1,59,7,150
a20f6609-f03e-11ef-98ac-010101010000,내과,0,4,1,1
a20fdb40-f03e-11ef-a264-010101010000,피부과,0,13,35,41
a2100249-f03e-11ef-a6c0-010101010000,내과,0,1,6,1
a210c59a-f03e-11ef-99f5-010101010000,내과,1,1,5,1
a210ecad-f03e-11ef-b13c-010101010000,치과,1,1,1,1
a21113c3-f03e-11ef-ba60-010101010000,내과,0,1,1,1
a211affc-f03e-11ef-9d36-010101010000,외과,0,10,68,11
a2129a5a-f03e-11ef-ba9d-010101010000,내과,0,3,2,5
a2129a5b-f03e-11ef-9f1f-010101010000,내과,0,39,67,103
a212c16c-f03e-11ef-b8da-010101010000,외과,1,1,1,1
a214bd3b-f03e-11ef-a9c4-010101010000,치과,0,1,1,1
a2150b62-f03e-11ef-a1c7-010101010000,외과,0,1,1,1
a217074b-f03e-11ef-969e-010101010000,피부과,0,1,6,2
a2172e5e-f03e-11ef-a7db-010101010000,내과,1,125,75,187
a2175571-f03e-11ef-b76e-010101010000,외과,0,202,84,125
a217b740-f03e-11ef-b938-010101010000,외과,0,1,1,1
a218058d-f03e-11ef-8ce0-010101010000,내과,1,7,5,7
a218a1cf-f03e-11ef-be2d-010101010000,내과,0,1,1,1
a2196548-f03e-11ef-a3f8-010101010000,치과,0,1,1,1
a219b33e-f03e-11ef-b709-010101010000,피부과,0,1,2,1
a21a9db3-f03e-11ef-910e-010101010000,내과,0,1,1,1
a21cc077-f03e-11ef-b17f-010101010000,외과,1,1,1,2
a21d5cb7-f03e-11ef-857a-010101010000,피부과,1,1,5,10
a21e2007-f03e-11ef-8dec-010101010000,내과,0,1,1,1
a21fa6a8-f03e-11ef-b42a-010101010000,외과,0,1,1,1
a2201bd9-f03e-11ef-ad70-010101010000,내과,0,1,1,1
a220910c-f03e-11ef-b5c3-010101010000,피부과,1,1,1,1
a221a284-f03e-11ef-a10a-010101010000,외과,0,30,10,29
a2228cd8-f03e-11ef-b208-010101010000,내과,1,9,13,9
a223502a-f03e-11ef-a354-010101010000,외과,0,27,23,63
a223c559-f03e-11ef-9e85-010101010000,외과,0,4,6,2
a22413a9-f03e-11ef-aa25-010101010000,내과,0,5,21,25
a22488ab-f03e-11ef-9f89-010101010000,외과,1,4,14,5
a224d6ed-f03e-11ef-b37c-010101010000,안과,0,3,3,58
a224fdfd-f03e-11ef-98a6-010101010000,내과,1,1,4,1
a2257325-f03e-11ef-8f6e-010101010000,피부과,0,1,3,1
a2268497-f03e-11ef-8f20-010101010000,외과,0,1,3,1
a226aba9-f03e-11ef-9a00-010101010000,내과,1,2,5,2
a22799f9-f03e-11ef-a357-010101010000,내과,1,2,1,3
a2280f29-f03e-11ef-8d7c-010101010000,피부과,0,2,4,3
a229bcd7-f03e-11ef-95f6-010101010000,피부과,0,33,52,52
a229e409-f03e-11ef-b755-010101010000,내과,1,1,1,2
a22a5917-f03e-11ef-b9bf-010101010000,내과,0,2,2,2
a22b0b84-f03e-11ef-bc5b-010101010000,외과,0,6,5,15
a22b805d-f03e-11ef-b8fb-010101010000,외과,0,3,6,5
a22c1ca9-f03e-11ef-b23a-010101010000,내과,0,1,1,1
a22c91dd-f03e-11ef-8363-010101010000,내과,0,11,20,12
a22d0714-f03e-11ef-b22b-010101010000,내과,0,15,105,20
a22edbcf-f03e-11ef-b4c5-010101010000,내과,0,1,1,4
a22f29f1-f03e-11ef-98eb-010101010000,치과,0,5,1,4
a230146d-f03e-11ef-9474-010101010000,내과,0,10,34,34
a230625f-f03e-11ef-b0c7-010101010000,피부과,0,1,11,2
a230b086-f03e-11ef-a895-010101010000,내과,0,119,159,125
a230b087-f03e-11ef-9a88-010101010000,내과,1,189,128,227
a2325e37-f03e-11ef-a402-010101010000,내과,0,1,1,1
a233bdc6-f03e-11ef-bcd9-010101010000,안과,1,4,19,6
a233e4cf-f03e-11ef-90af-010101010000,내과,1,1,1,1
a2340c08-f03e-11ef-a367-010101010000,내과,0,1,1,1
a234cf5c-f03e-11ef-b418-010101010000,외과,0,1,1,1
a235b9b6-f03e-11ef-b859-010101010000,피부과,1,1,3,9
a235e0c4-f03e-11ef-907c-010101010000,피부과,0,1,1,1
a23669ca-f03e-11ef-b928-010101010000,내과,1,4,3,8
a236df02-f03e-11ef-b24f-010101010000,안과,0,1,1,1
a237a251-f03e-11ef-be09-010101010000,외과,1,9,7,30
a239c52b-f03e-11ef-bf1a-010101010000,외과,0,1,1,1
a23bc100-f03e-11ef-8df5-010101010000,안과,0,18,115,21
a23c5d3a-f03e-11ef-a80f-010101010000,외과,0,82,82,106
a23c5d3b-f03e-11ef-b403-010101010000,안과,1,67,76,415
a23cd269-f03e-11ef-a010-010101010000,내과,0,5,9,8
a23d6ea4-f03e-11ef-aa5c-010101010000,외과,1,154,138,444
a23dbcc6-f03e-11ef-ae51-010101010000,피부과,0,1,1,1
a23e0ae3-f03e-11ef-a0ae-010101010000,피부과,1,1,1,1
a23e320a-f03e-11ef-a586-010101010000,피부과,0,1,1,1
a23ef54d-f03e-11ef-9a6d-010101010000,내과,1,1,6,1
a23f1c53-f03e-11ef-85e7-010101010000,외과,0,79,9,118
a23f1c54-f03e-11ef-b632-010101010000,치과,1,1,2,1
a24006b3-f03e-11ef-bf23-010101010000,피부과,0,4,9,3
a2402dcf-f03e-11ef-83a4-010101010000,내과,1,1,1,1
a240a301-f03e-11ef-8ffc-010101010000,피부과,0,1,1,1
a241664f-f03e-11ef-aaa7-010101010000,내과,1,141,146,177
a2418d61-f03e-11ef-b902-010101010000,안과,0,1,1,1
a242028d-f03e-11ef-813e-010101010000,내과,1,1,1,1
a243895d-f03e-11ef-9d0d-010101010000,내과,0,24,7,126
a2450ffd-f03e-11ef-82dc-010101010000,피부과,1,2,1,24
a2458541-f03e-11ef-a55c-010101010000,피부과,1,2,1,7
a2458542-f03e-11ef-9bc9-010101010000,내과,1,1,2,1
a246598b-f03e-11ef-a365-010101010000,내과,0,110,215,162
a2471cd6-f03e-11ef-9705-010101010000,외과,0,1,2,3
a2476af2-f03e-11ef-bb02-010101010000,내과,1,403,171,561
a2487c75-f03e-11ef-93d2-010101010000,내과,1,1,2,4
a2487c76-f03e-11ef-80a6-010101010000,내과,0,1,1,1
a2493fb6-f03e-11ef-9629-010101010000,외과,1,17,7,38
a249b4e6-f03e-11ef-b1e5-010101010000,피부과,1,1,2,1
a24a512c-f03e-11ef-9bd6-010101010000,외과,0,4,6,4
a24a512d-f03e-11ef-b05f-010101010000,피부과,0,1,1,1
a24b3b90-f03e-11ef-974a-010101010000,외과,1,1,2,1
a24bfeef-f03e-11ef-8b4a-010101010000,피부과,0,30,30,22
a24c740a-f03e-11ef-b555-010101010000,내과,0,1,2,2
a24ce939-f03e-11ef-b5d5-010101010000,외과,0,1,1,1
a24d1049-f03e-11ef-85e8-010101010000,내과,0,43,95,55
a24ebdfa-f03e-11ef-a3e8-010101010000,외과,1,1,1,1
a24fb52f-f03e-11ef-82f1-010101010000,안과,0,1,1,1
a24fdc3e-f03e-11ef-a53f-010101010000,내과,1,1,1,1
a250034f-f03e-11ef-acdb-010101010000,내과,0,1,10,1
a250edb4-f03e-11ef-b88b-010101010000,안과,1,3,9,11
a25189f0-f03e-11ef-a62d-010101010000,내과,1,18,21,55
a252744e-f03e-11ef-aa4b-010101010000,내과,0,1,12,3
a2529b81-f03e-11ef-b819-010101010000,내과,0,4,20,8
a252e99e-f03e-11ef-ae79-010101010000,외과,0,8,28,6
a254d205-f03e-11ef-87f3-010101010000,내과,1,2,3,3
a2556e6e-f03e-11ef-ac65-010101010000,치과,0,1,1,1
a2556e6f-f03e-11ef-9312-010101010000,외과,1,5,5,15
a2560aac-f03e-11ef-95c0-010101010000,치과,0,4,1,5
a25631c5-f03e-11ef-9dbf-010101010000,피부과,1,9,7,15
a2567fdb-f03e-11ef-8bde-010101010000,내과,1,142,42,265
a2571c18-f03e-11ef-ad63-010101010000,내과,0,62,126,91
a257914b-f03e-11ef-a233-010101010000,피부과,0,1,5,3
a258067c-f03e-11ef-ba0f-010101010000,안과,1,3,7,11
a25a0249-f03e-11ef-8286-010101010000,외과,0,1,1,1
a25a9e89-f03e-11ef-9c4a-010101010000,내과,0,68,697,233
a25b13ba-f03e-11ef-b5cd-010101010000,내과,1,177,264,219
a25b61db-f03e-11ef-92c3-010101010000,내과,0,1,1,2
a25bd70b-f03e-11ef-8e59-010101010000,내과,0,3,16,6
a25bfe1b-f03e-11ef-830e-010101010000,피부과,1,17,7,9
a25bfe1c-f03e-11ef-8108-010101010000,외과,0,1,1,2
a25d0f8e-f03e-11ef-b5df-010101010000,외과,0,1,1,1
a25e6f19-f03e-11ef-ac91-010101010000,내과,1,115,115,177
a260e01a-f03e-11ef-84bb-010101010000,내과,0,6,30,15
a2612e3d-f03e-11ef-ba46-010101010000,치과,0,170,11,119
a26218bd-f03e-11ef-9007-010101010000,외과,1,24,4,63
a2628df2-f03e-11ef-93cc-010101010000,내과,0,3,64,4
a262b4fd-f03e-11ef-b11b-010101010000,내과,0,1,1,1
a263031d-f03e-11ef-831c-010101010000,내과,0,3,2,3
a2644f6c-f03e-11ef-a925-010101010000,외과,0,3,12,8
a26587e9-f03e-11ef-a64e-010101010000,내과,0,28,169,18
a2662429-f03e-11ef-a20c-010101010000,내과,0,1,1,1
a2669959-f03e-11ef-9e12-010101010000,치과,0,2,8,1
a2670e93-f03e-11ef-8d1d-010101010000,피부과,0,1,3,2
a2681ffa-f03e-11ef-a165-010101010000,외과,0,1,4,1
a269316b-f03e-11ef-96c1-010101010000,내과,0,203,184,100
a269a69c-f03e-11ef-a9ae-010101010000,외과,0,1,1,3
a26a69eb-f03e-11ef-97e4-010101010000,외과,1,10,7,41
a26c3eb4-f03e-11ef-9b09-010101010000,내과,1,2,2,2
a26c65bc-f03e-11ef-96c6-010101010000,내과,0,248,213,287
a26d501e-f03e-11ef-b4d1-010101010000,외과,0,1,12,5
a26dec5f-f03e-11ef-8da3-010101010000,내과,0,2,11,4
a26e136e-f03e-11ef-8538-010101010000,피부과,0,1,1,1
a26e136f-f03e-11ef-9d7d-010101010000,외과,1,4,3,13
a26fe82a-f03e-11ef-9e8c-010101010000,외과,0,2,3,5
a2716ef5-f03e-11ef-a48b-010101010000,내과,1,4,5,8
a271bd15-f03e-11ef-8633-010101010000,피부과,1,8,1,13
a271e425-f03e-11ef-9be1-010101010000,안과,0,1,1,2
a272f596-f03e-11ef-af94-010101010000,외과,1,1,1,5
a274de31-f03e-11ef-8e97-010101010000,내과,1,1,1,1
a277010d-f03e-11ef-950d-010101010000,외과,0,1,2,2
a27a0e56-f03e-11ef-8828-010101010000,외과,0,1,1,1
a27a0e57-f03e-11ef-ba0b-010101010000,외과,0,25,126,29
a27a356a-f03e-11ef-838c-010101010000,외과,0,1,1,1
a27a8382-f03e-11ef-84f0-010101010000,내과,1,5,2,10
a27ad19f-f03e-11ef-b3c0-010101010000,내과,0,21,13,50
a27af8b2-f03e-11ef-83b4-010101010000,내과,1,1,1,1
a27b46f0-f03e-11ef-a88e-010101010000,내과,1,3,5,3
a27b46f1-f03e-11ef-948c-010101010000,내과,0,1,1,1
a27bbc04-f03e-11ef-9925-010101010000,안과,0,1,1,1
a27c3138-f03e-11ef-9d2b-010101010000,외과,1,53,84,81
a27ccd6e-f03e-11ef-9791-010101010000,내과,1,1,1,1
a27fdab0-f03e-11ef-b8ba-010101010000,내과,1,35,13,212
a2804fe2-f03e-11ef-8f52-010101010000,내과,1,6,10,18
a28363d6-f03e-11ef-8d27-010101010000,내과,0,1,1,1
a283b1fd-f03e-11ef-bd41-010101010000,외과,0,1,1,1
a283d903-f03e-11ef-896f-010101010000,내과,0,1,1,1
a2847578-f03e-11ef-a5f1-010101010000,피부과,0,72,30,162
a28586be-f03e-11ef-8300-010101010000,내과,0,4,6,4
a2870d5c-f03e-11ef-902a-010101010000,내과,1,1,2,1
a2881ee7-f03e-11ef-b401-010101010000,안과,0,8,29,2
a2881ee8-f03e-11ef-a72d-010101010000,외과,0,6,6,5
a28845e8-f03e-11ef-90fb-010101010000,외과,1,16,7,26
a28893fd-f03e-11ef-836c-010101010000,피부과,0,1,2,1
a288bb0e-f03e-11ef-960e-010101010000,안과,0,6,25,7
a288e222-f03e-11ef-84e2-010101010000,내과,1,2,3,3
a289303b-f03e-11ef-b70d-010101010000,내과,1,1,5,1
a289f390-f03e-11ef-9354-010101010000,피부과,0,1,1,1
a28a8fd3-f03e-11ef-ab9b-010101010000,외과,1,4,10,11
a28c166a-f03e-11ef-9de7-010101010000,외과,0,2,2,2
a28c3d7e-f03e-11ef-8f62-010101010000,외과,1,6,10,10
a28cd9bf-f03e-11ef-b682-010101010000,내과,0,1,1,1
a28deb2e-f03e-11ef-8467-010101010000,외과,1,82,35,431
a28e394f-f03e-11ef-b948-010101010000,외과,1,3,2,3
a28ed58d-f03e-11ef-900c-010101010000,외과,0,11,4,5
a28fc017-f03e-11ef-88a5-010101010000,외과,0,1,1,1
a2905c55-f03e-11ef-afbf-010101010000,내과,1,1,4,2
a294dd09-f03e-11ef-9131-010101010000,외과,0,1,1,1
a2957948-f03e-11ef-8fbd-010101010000,내과,1,2,3,4
a2961584-f03e-11ef-91f9-010101010000,외과,0,1,1,1
a2968ab8-f03e-11ef-ac2d-010101010000,내과,1,1,1,1
a2968ab9-f03e-11ef-92cb-010101010000,내과,0,9,5,207
a296ffe6-f03e-11ef-9adf-010101010000,내과,1,1,8,1
a296ffe7-f03e-11ef-8c09-010101010000,외과,0,85,293,209
a29726f7-f03e-11ef-b5cb-010101010000,외과,0,1,1,1
a2974e0d-f03e-11ef-b510-010101010000,내과,0,254,155,830
a2981157-f03e-11ef-825f-010101010000,내과,1,1,1,1
a2985f79-f03e-11ef-ab23-010101010000,피부과,1,1,1,3
a2988685-f03e-11ef-9fda-010101010000,내과,0,33,116,9
a298ad95-f03e-11ef-a9fa-010101010000,내과,0,3,2,3
a29970e8-f03e-11ef-80ed-010101010000,외과,0,1,5,1
a29af787-f03e-11ef-a581-010101010000,내과,0,1,1,1
a29b6cba-f03e-11ef-8fb0-010101010000,외과,0,1,2,1
a29c08f7-f03e-11ef-9d56-010101010000,내과,0,1,5,1
a29dddb7-f03e-11ef-b3c8-010101010000,내과,0,1,1,1
a29e04c6-f03e-11ef-ad1d-010101010000,내과,0,5,1,11
a29e04c7-f03e-11ef-9eec-010101010000,내과,1,33,15,55
a29e52e5-f03e-11ef-b464-010101010000,피부과,1,1,3,1
a29e79f7-f03e-11ef-a2b6-010101010000,내과,0,1,1,1
a29f3d74-f03e-11ef-b5bc-010101010000,내과,0,3,3,4
a2a000c4-f03e-11ef-bcea-010101010000,내과,0,2,1,4
a2a027d0-f03e-11ef-a402-010101010000,치과,1,3,2,24
a2a0c410-f03e-11ef-b990-010101010000,내과,0,314,240,412
a2a25e90-f03e-11ef-83ed-010101010000,내과,0,1,1,1
a2a348f1-f03e-11ef-875f-010101010000,내과,0,1,3,1
a2a4816c-f03e-11ef-99d9-010101010000,외과,0,2,13,2
a2a4816d-f03e-11ef-a525-010101010000,치과,1,109,22,925
a2a65630-f03e-11ef-be8f-010101010000,피부과,0,1,1,1
a2a7408d-f03e-11ef-8181-010101010000,내과,0,1,1,1
a2a7679d-f03e-11ef-acc3-010101010000,안과,0,1,1,1
a2a78eae-f03e-11ef-8f6c-010101010000,내과,0,10,2,18
a2a8c72e-f03e-11ef-b0f8-010101010000,안과,0,5,15,6
a2a9154e-f03e-11ef-a968-010101010000,피부과,0,1,1,1
a2a98a81-f03e-11ef-a119-010101010000,외과,1,583,3515,617
a2aa26c2-f03e-11ef-a0dc-010101010000,안과,0,1,2,3
a2aa9bec-f03e-11ef-b450-010101010000,내과,0,1,3,1
a2ab111d-f03e-11ef-808d-010101010000,외과,0,1,1,1
a2ab382d-f03e-11ef-9d2b-010101010000,내과,0,1,1,1
a2abad5d-f03e-11ef-80b5-010101010000,외과,1,1,1,1
a2ad33fc-f03e-11ef-8d25-010101010000,내과,0,1,1,1
a2ad5b0e-f03e-11ef-a989-010101010000,내과,0,322,945,343
a2adf74e-f03e-11ef-9973-010101010000,내과,1,1,1,1
a2af7e17-f03e-11ef-88eb-010101010000,피부과,1,1,1,1
a2afcc35-f03e-11ef-b379-010101010000,내과,1,1,2,2
a2b098a0-f03e-11ef-8582-010101010000,내과,0,8,10,18
a2b15bea-f03e-11ef-9573-010101010000,내과,0,1,1,1
a2b1d11c-f03e-11ef-8d15-010101010000,피부과,0,5,5,5
a2b1f82f-f03e-11ef-a228-010101010000,내과,0,5,160,32
a2b24644-f03e-11ef-ae7f-010101010000,내과,0,1,25,1
a2b2bb77-f03e-11ef-af8a-010101010000,내과,1,47,82,74
a2b44213-f03e-11ef-be40-010101010000,내과,0,1,8,2
a2b4b747-f03e-11ef-a773-010101010000,내과,0,1,1,1
a2b79d7a-f03e-11ef-9c1f-010101010000,내과,0,1,1,1
a2b79d7b-f03e-11ef-950c-010101010000,내과,0,11,17,11
a2b812ad-f03e-11ef-8fc2-010101010000,외과,0,2,220,7
a2b8fd06-f03e-11ef-95ed-010101010000,피부과,1,1,8,1
a2b94b29-f03e-11ef-bf72-010101010000,외과,0,1,1,1
a2b9c057-f03e-11ef-a190-010101010000,외과,1,3,4,2
a2ba83ab-f03e-11ef-8950-010101010000,내과,0,2,2,4
a2baaab9-f03e-11ef-b879-010101010000,외과,0,1,1,1
a2baaaba-f03e-11ef-b02e-010101010000,피부과,0,15,24,51
a2bca688-f03e-11ef-82ef-010101010000,내과,0,1,3,1
a2bd9113-f03e-11ef-97dc-010101010000,내과,0,1,1,1
a2be2d52-f03e-11ef-be47-010101010000,외과,0,1,3,7
a2be545f-f03e-11ef-afc5-010101010000,내과,0,2,3,2
a2be7b74-f03e-11ef-bea4-010101010000,치과,0,1,4,1
a2bf65d6-f03e-11ef-9ac9-010101010000,내과,0,1,1,2
a2c015ee-f03e-11ef-bf1b-010101010000,내과,0,69,51,32
a2c0640a-f03e-11ef-a4c1-010101010000,외과,0,7,21,8
a2c1757d-f03e-11ef-8325-010101010000,치과,0,1,11,2
a2c1c39c-f03e-11ef-afbc-010101010000,외과,0,7,10,7
a2c211ba-f03e-11ef-9001-010101010000,내과,0,1,2,1
a2c238cd-f03e-11ef-8044-010101010000,내과,1,145,1718,174
a2c2ae00-f03e-11ef-953f-010101010000,치과,1,1,1,1
a2c3bf65-f03e-11ef-8bbf-010101010000,치과,1,1,1,1
a2c4a9cb-f03e-11ef-b498-010101010000,외과,1,15,16,36
a2c54613-f03e-11ef-86bd-010101010000,내과,1,1,3,3
a2c5942b-f03e-11ef-9140-010101010000,치과,0,1,2,1
a2c5e24d-f03e-11ef-abe5-010101010000,내과,0,1,1,1
a2c6f3c4-f03e-11ef-89ec-010101010000,내과,1,8,40,37
a2c7b70c-f03e-11ef-8fad-010101010000,내과,1,1,11,4
a2c85349-f03e-11ef-bf00-010101010000,피부과,1,14,16,108
a2c964c0-f03e-11ef-9c88-010101010000,내과,0,1,1,1
a2c9b2de-f03e-11ef-ad54-010101010000,내과,0,1,1,1
a2cac43b-f03e-11ef-b7da-010101010000,내과,0,1,1,1
a2cb87a0-f03e-11ef-a0bf-010101010000,내과,0,1,1,1
a2cbaeb7-f03e-11ef-8721-010101010000,내과,0,3,3,4
a2cbfccc-f03e-11ef-b9aa-010101010000,치과,1,1,3,1
a2cc23e7-f03e-11ef-a37f-010101010000,외과,0,1,5,9
a2cd9de3-f03e-11ef-9a5d-010101010000,안과,0,2,3,2
a2ce6130-f03e-11ef-9d4e-010101010000,내과,0,1,1,1
a2cf867c-f03e-11ef-811d-010101010000,내과,0,22,49,34
a2d022c0-f03e-11ef-85c9-010101010000,외과,0,1,1,1
a2d097f0-f03e-11ef-96ff-010101010000,안과,0,1,1,1
a2d10d1a-f03e-11ef-9976-010101010000,내과,1,5,43,7
a2d15b3e-f03e-11ef-8ef3-010101010000,외과,1,36,62,52
a2d245a0-f03e-11ef-adab-010101010000,내과,0,1,1,1
a2d26cac-f03e-11ef-9179-010101010000,외과,0,1,1,1
a2d2e1da-f03e-11ef-b52b-010101010000,내과,1,21,21,13
a2d4b69d-f03e-11ef-a2fe-010101010000,외과,0,2,2,2
a2d504be-f03e-11ef-8f9b-010101010000,내과,0,1,1,1
a2d5c80f-f03e-11ef-ba0e-010101010000,외과,0,1,1,1
a2d6162e-f03e-11ef-9d5a-010101010000,외과,1,1,3,1
a2d727a1-f03e-11ef-95a5-010101010000,외과,1,1,1,1
a2d9718e-f03e-11ef-aeae-010101010000,내과,1,1,1,1
a2d9bfad-f03e-11ef-95db-010101010000,피부과,0,1,1,2
a2db9473-f03e-11ef-98d0-010101010000,외과,1,1,7,40
a2dc30d2-f03e-11ef-86cd-010101010000,안과,0,1,1,1
a2dc7ef7-f03e-11ef-baa5-010101010000,외과,1,20,29,83
a2dd6957-f03e-11ef-8029-010101010000,내과,1,32,32,28
a2ddb776-f03e-11ef-a1dc-010101010000,내과,0,1,1,1
a2de8ea1-f03e-11ef-a8e7-010101010000,내과,0,53,452,134
a2df03cf-f03e-11ef-ae21-010101010000,내과,0,2,3,3
a2e03c4e-f03e-11ef-a493-010101010000,외과,1,6,6,6
a2e19bde-f03e-11ef-a369-010101010000,내과,0,3,8,11
a2e1e9ff-f03e-11ef-8b65-010101010000,내과,0,1,1,1
a2e2110c-f03e-11ef-a85e-010101010000,내과,1,3,25,11
a2e2381c-f03e-11ef-8978-010101010000,내과,0,5,2,10
a2e2863e-f03e-11ef-9bea-010101010000,내과,0,1,10,1
a2e2ad48-f03e-11ef-a420-010101010000,내과,0,12,24,8
a2e2fb7a-f03e-11ef-bb9e-010101010000,외과,1,1,1,2
a2e40cd9-f03e-11ef-bb85-010101010000,외과,1,6,2,5
a2e433ec-f03e-11ef-a04b-010101010000,외과,0,1,1,1
a2e5bad8-f03e-11ef-8a7b-010101010000,내과,1,2,3,9
a2e5e1a8-f03e-11ef-81b7-010101010000,치과,1,37,31,52
a2e608b4-f03e-11ef-8be9-010101010000,피부과,1,7,3,11
a2e62fd7-f03e-11ef-bacb-010101010000,내과,0,168,825,180
a2e67e59-f03e-11ef-b697-010101010000,내과,0,7,5,7
a2e71a28-f03e-11ef-a568-010101010000,내과,0,11,37,4
a2e8c7e0-f03e-11ef-a4b4-010101010000,외과,0,1,1,1
a2ea2765-f03e-11ef-9874-010101010000,피부과,1,1,7,3
a2eb38e2-f03e-11ef-b944-010101010000,외과,0,1,1,1
a2ebae46-f03e-11ef-b3e9-010101010000,내과,0,1,3,1
a2ec4a88-f03e-11ef-97a0-010101010000,내과,0,1,1,1
a2ede525-f03e-11ef-b91b-010101010000,외과,0,1,1,1
a2eecf7e-f03e-11ef-8e31-010101010000,외과,0,50,9,74
a2eef6a0-f03e-11ef-b08c-010101010000,내과,0,1,1,2
a2f007fe-f03e-11ef-9c8a-010101010000,내과,0,12,41,13
a2f3ff9f-f03e-11ef-ac6a-010101010000,외과,0,1,1,1
a2f55f42-f03e-11ef-9c5e-010101010000,내과,0,4,9,3
a2f6bebe-f03e-11ef-b739-010101010000,내과,0,2,15,2
a2f6e5d1-f03e-11ef-b390-010101010000,내과,0,1,1,1
a2f70ce1-f03e-11ef-b371-010101010000,내과,1,1,1,1
a2f733ed-f03e-11ef-9459-010101010000,외과,1,14,4,87
a2f8937d-f03e-11ef-9a1a-010101010000,외과,0,30,30,26
a2f8e19e-f03e-11ef-92ab-010101010000,내과,0,32,26,81
a2fa8f92-f03e-11ef-81f4-010101010000,내과,1,1,1,1
a2fadda8-f03e-11ef-987b-010101010000,내과,1,1,1,1
a2fba0f4-f03e-11ef-9c55-010101010000,외과,0,1,1,1
a2fbef15-f03e-11ef-84fa-010101010000,외과,0,1,1,1
a2fd3b90-f03e-11ef-bfc5-010101010000,치과,0,2,3,2
a2fe9b16-f03e-11ef-9778-010101010000,내과,0,152,978,335
a2ff1041-f03e-11ef-b733-010101010000,외과,0,1,1,2
a2ff1042-f03e-11ef-a8b5-010101010000,외과,1,4,41,18
a2fffaae-f03e-11ef-9439-010101010000,내과,0,152,22,850
a30048c7-f03e-11ef-8936-010101010000,내과,1,81,92,1054
a3006fdd-f03e-11ef-a491-010101010000,외과,1,7251,2445,12602
a30096ea-f03e-11ef-94de-010101010000,내과,1,139,42,426
a301a859-f03e-11ef-9a8f-010101010000,외과,0,5,4,22
a302e0da-f03e-11ef-84d4-010101010000,내과,0,1,1,3
a30307eb-f03e-11ef-836a-010101010000,내과,1,28,13,166
a303560a-f03e-11ef-b74b-010101010000,내과,1,195,479,975
a303cb37-f03e-11ef-b42c-010101010000,내과,0,184,549,806
a304b5a2-f03e-11ef-97ff-010101010000,내과,0,285,29,746
a3052aca-f03e-11ef-b803-010101010000,내과,1,3,2,19
a30551da-f03e-11ef-a5fe-010101010000,내과,1,385,1327,1013
a30578e8-f03e-11ef-a679-010101010000,내과,1,287,464,1101
a3061529-f03e-11ef-9676-010101010000,피부과,0,402,592,930
a3063c3c-f03e-11ef-a66e-010101010000,외과,0,1414,1273,3103
a3074db7-f03e-11ef-94b2-010101010000,안과,0,30,41,67
a30774be-f03e-11ef-bae2-010101010000,내과,0,139,185,221
a309497d-f03e-11ef-9ca5-010101010000,내과,0,1,1,1
a3099798-f03e-11ef-b642-010101010000,내과,0,10,13,23
a30ad05d-f03e-11ef-a28c-010101010000,내과,0,24,5,35
a30b6c97-f03e-11ef-9cff-010101010000,내과,0,114,169,991
a30be1d0-f03e-11ef-91a2-010101010000,외과,0,594,1625,721
a30c08df-f03e-11ef-a545-010101010000,내과,1,16,34,126
a30c1ca1-f03e-11ef-ac06-010101010000,내과,0,2,3,7
a30c43fb-f03e-11ef-bdea-010101010000,내과,1,4197,2963,9720
a30cb91a-f03e-11ef-b293-010101010000,내과,1,55,145,239
a30da378-f03e-11ef-b901-010101010000,내과,1,171,234,716
a30f2a1e-f03e-11ef-972b-010101010000,피부과,0,1,1,9
a30f783a-f03e-11ef-be25-010101010000,피부과,1,73,138,122
a30fc65c-f03e-11ef-b368-010101010000,내과,0,728,661,3964
a30fed6b-f03e-11ef-86d2-010101010000,치과,1,18,143,98
a310899c-f03e-11ef-a686-010101010000,내과,0,1,2,116
a3114cee-f03e-11ef-887d-010101010000,내과,1,20,11,91
a313bdfc-f03e-11ef-a397-010101010000,외과,0,1,2,6
a3145a3c-f03e-11ef-8869-010101010000,안과,0,99,34,342
a3145a3d-f03e-11ef-acfd-010101010000,안과,0,25,141,131
a314cf5a-f03e-11ef-a34e-010101010000,외과,1,4,19,11
a31592c2-f03e-11ef-9407-010101010000,내과,1,42,21,529
a3165603-f03e-11ef-aa1e-010101010000,내과,0,55,91,447
a316f237-f03e-11ef-bdad-010101010000,내과,0,261,235,475
a3178e7e-f03e-11ef-9865-010101010000,내과,0,1,1,1
a3193c59-f03e-11ef-8182-010101010000,내과,0,14,31,32
a31aff2a-f03e-11ef-ba22-010101010000,외과,1,2,3,4
a31b4d49-f03e-11ef-abdf-010101010000,외과,0,145,111,257
a31b7984-f03e-11ef-bab2-010101010000,안과,0,23,14,93
a31d0009-f03e-11ef-b7d0-010101010000,내과,0,143,1727,534
a31d9c47-f03e-11ef-b109-010101010000,내과,0,13,14,62
a31e5f9d-f03e-11ef-8879-010101010000,내과,0,53,28,458
a31e86a7-f03e-11ef-a37f-010101010000,내과,0,1,1,1
a31efbe0-f03e-11ef-9ac1-010101010000,외과,0,1075,2970,1407
a31f981f-f03e-11ef-84b9-010101010000,내과,0,4038,4931,8436
a3200d4b-f03e-11ef-ac46-010101010000,치과,1,1349,844,4217
a320d0a8-f03e-11ef-aa4e-010101010000,내과,0,8,3,32
a3227e53-f03e-11ef-a6ca-010101010000,내과,0,90,48,325
a323ddd4-f03e-11ef-ad9e-010101010000,내과,0,159,408,353
a3258b8b-f03e-11ef-afc0-010101010000,내과,0,22,40,202
a325d9ab-f03e-11ef-b13e-010101010000,내과,0,3,61,21
a32675f3-f03e-11ef-91b6-010101010000,내과,0,497,2123,2641
a326c407-f03e-11ef-b826-010101010000,내과,1,76,13,377
a3271229-f03e-11ef-b3d0-010101010000,외과,1,32,22,347
a329d16f-f03e-11ef-bf9b-010101010000,내과,0,4,12,7
a329f87c-f03e-11ef-b0f4-010101010000,내과,1,58,50,399
a32a6db7-f03e-11ef-9155-010101010000,내과,0,3,1,20
a32b0b07-f03e-11ef-a2d4-010101010000,외과,1,371,42,1158
a32bce5f-f03e-11ef-bc18-010101010000,내과,0,17,164,607
a32c6a8f-f03e-11ef-a10d-010101010000,내과,0,1643,1567,2959
a32cdfcf-f03e-11ef-b4eb-010101010000,내과,0,1,1,1
a32d2deb-f03e-11ef-b323-010101010000,치과,0,9967,1599,15518
a32da31d-f03e-11ef-9697-010101010000,내과,0,15,8,29
a32e3f5b-f03e-11ef-ad0a-010101010000,내과,0,4,1,13
a32e8d72-f03e-11ef-a31c-010101010000,내과,0,25,111,48
a3301418-f03e-11ef-9d18-010101010000,내과,0,1068,3128,2642
a3308941-f03e-11ef-8774-010101010000,내과,0,25,20,56
a3308943-f03e-11ef-82a9-010101010000,내과,1,1,1,1
a3334868-f03e-11ef-b7b9-010101010000,피부과,0,41,135,178
a3334869-f03e-11ef-a8f7-010101010000,피부과,0,2,3,5
a3339689-f03e-11ef-b590-010101010000,외과,0,926,817,1832
a33480e4-f03e-11ef-a99e-010101010000,내과,1,181,483,358
a334cf0c-f03e-11ef-8be1-010101010000,내과,0,89,201,186
a334f621-f03e-11ef-9afd-010101010000,피부과,1,416,472,1665
a3356b41-f03e-11ef-b815-010101010000,내과,0,279,196,755
a335b960-f03e-11ef-8832-010101010000,외과,1,3158,6225,8938
a3367cbb-f03e-11ef-a0e9-010101010000,피부과,0,14,7,37
a336cad8-f03e-11ef-bf40-010101010000,내과,1,2,3,2
a33878c0-f03e-11ef-b5b6-010101010000,내과,0,5221,6152,10155
a3391506-f03e-11ef-be0a-010101010000,안과,1,1,11,4
a339631b-f03e-11ef-b3f4-010101010000,외과,1,4011,4894,11817
a339b146-f03e-11ef-8d9c-010101010000,내과,1,18,29,175
a33b392b-f03e-11ef-a055-010101010000,내과,1,6090,3075,13922
a33b602c-f03e-11ef-a943-010101010000,내과,1,6044,9142,14650
a33bd55c-f03e-11ef-b34e-010101010000,내과,1,980,921,2673
a33c71a0-f03e-11ef-a105-010101010000,외과,1,471,717,659
a33d830a-f03e-11ef-ad39-010101010000,내과,1,7296,6583,15960
a33daa23-f03e-11ef-b1df-010101010000,치과,0,3950,3577,13471
a33df837-f03e-11ef-b378-010101010000,외과,0,15,206,48
a33e4661-f03e-11ef-b6c8-010101010000,치과,0,3388,4978,9175
a33ebb81-f03e-11ef-a170-010101010000,내과,0,170,511,655
a33f57c6-f03e-11ef-a4c2-010101010000,안과,1,19,7,157
a33f57c7-f03e-11ef-8766-010101010000,내과,1,4,3,8
a3404226-f03e-11ef-a059-010101010000,내과,1,656,199,5298
a340de65-f03e-11ef-890a-010101010000,내과,1,1219,780,3442
a3417aa8-f03e-11ef-b0b9-010101010000,치과,0,1017,484,5111
a3423df9-f03e-11ef-9e8b-010101010000,외과,0,1584,6047,3771
a343c49c-f03e-11ef-bdbd-010101010000,치과,0,304,300,1731
a343c49d-f03e-11ef-a205-010101010000,내과,1,7,13,32
a34460e7-f03e-11ef-b760-010101010000,피부과,1,334,66,1549
a344fd16-f03e-11ef-9bda-010101010000,내과,1,92,678,1250
a34683b8-f03e-11ef-8802-010101010000,내과,1,1154,719,3195
a34a078b-f03e-11ef-9e34-010101010000,내과,1,315,638,611
a34a7c9a-f03e-11ef-8ffd-010101010000,내과,1,24,29,77
a34bb522-f03e-11ef-ba98-010101010000,치과,1,2717,6102,8781
a34bb524-f03e-11ef-b020-010101010000,내과,1,498,572,2804
a34c2a51-f03e-11ef-96c1-010101010000,치과,0,298,109,795
a34d14b1-f03e-11ef-adb5-010101010000,치과,1,616,153,4463
a34d62d0-f03e-11ef-a114-010101010000,내과,1,783,5162,5504
a34d89e2-f03e-11ef-b9d4-010101010000,외과,1,120,46,283
a34d89e3-f03e-11ef-91e6-010101010000,외과,1,196,55,449
a34db0f0-f03e-11ef-ad7c-010101010000,내과,1,366,225,843
a34dd804-f03e-11ef-9641-010101010000,내과,1,290,286,806
a34ec25f-f03e-11ef-8492-010101010000,외과,1,10,3,85
a34f10bd-f03e-11ef-ba0e-010101010000,안과,0,60,93,223
a34f3797-f03e-11ef-ab8d-010101010000,내과,1,4,5,5
a3526be3-f03e-11ef-8d51-010101010000,내과,1,2394,2694,7194
a3530820-f03e-11ef-9f16-010101010000,외과,1,4516,8332,10763
a3532f33-f03e-11ef-9971-010101010000,치과,1,934,2368,6561
a353f283-f03e-11ef-9f16-010101010000,외과,1,580,224,1168
a3548ec4-f03e-11ef-bac2-010101010000,내과,1,1116,479,6659
a35503f5-f03e-11ef-9e9b-010101010000,내과,1,163,907,1082
a355c740-f03e-11ef-9bf7-010101010000,내과,1,1070,738,3651
a3561560-f03e-11ef-8dd6-010101010000,내과,1,2418,6885,5032
a357ea40-f03e-11ef-8842-010101010000,외과,1,2,3,2
a3585f79-f03e-11ef-ad84-010101010000,피부과,1,862,253,3014
a358c178-f03e-11ef-ac87-010101010000,내과,1,269,584,1249
a35b0b79-f03e-11ef-b0e3-010101010000,내과,1,22,355,157
a35bf5c5-f03e-11ef-9d49-010101010000,외과,1,1749,4933,3819
a35bf5c6-f03e-11ef-adaf-010101010000,내과,1,524,441,1200
a35d2e4c-f03e-11ef-9f57-010101010000,내과,1,3,22,21
a35df19a-f03e-11ef-a382-010101010000,외과,1,403,306,595
a3603b8b-f03e-11ef-a591-010101010000,치과,1,1,1,1
a360629a-f03e-11ef-9b1e-010101010000,내과,1,2,1,1
a360b0ac-f03e-11ef-b8e0-010101010000,외과,0,19,18,41
a3623758-f03e-11ef-9cf9-010101010000,내과,1,2,3,7
a36321b6-f03e-11ef-8fb2-010101010000,피부과,0,2,11,4
a363bdf7-f03e-11ef-b551-010101010000,내과,0,11,7,22
a3643326-f03e-11ef-b33a-010101010000,안과,0,3,9,37
a3665638-f03e-11ef-8267-010101010000,피부과,0,45,135,80
a3669c41-f03e-11ef-8418-010101010000,피부과,0,1,1,1
a366ea85-f03e-11ef-837f-010101010000,내과,1,26,6,63
a366ea86-f03e-11ef-9851-010101010000,피부과,1,50,45,112
a36738a8-f03e-11ef-b75c-010101010000,외과,1,57,90,175
a3675fb2-f03e-11ef-85cf-010101010000,내과,1,1,1,1
a3675fb3-f03e-11ef-a902-010101010000,내과,0,2,1,1
a36786c7-f03e-11ef-bdc4-010101010000,내과,1,1,2,2
a367add4-f03e-11ef-bd0a-010101010000,피부과,0,1,2,2
a368265b-f03e-11ef-83b9-010101010000,내과,0,2,4,4
a3695ee2-f03e-11ef-9fbd-010101010000,내과,1,1,22,5
a369fb20-f03e-11ef-8251-010101010000,내과,0,2,2,2
a36a704e-f03e-11ef-882d-010101010000,내과,1,761,413,963
a36a9760-f03e-11ef-a803-010101010000,내과,1,1180,539,1610
a36abe70-f03e-11ef-8e9b-010101010000,내과,1,2,11,2
a36b5ab0-f03e-11ef-9e56-010101010000,내과,1,16,15,20
a36ba8cd-f03e-11ef-a98f-010101010000,외과,1,13,21,20
a36ba8ce-f03e-11ef-9fd0-010101010000,내과,1,2,2,2
a36c4516-f03e-11ef-a806-010101010000,내과,1,19,39,113
a36c4517-f03e-11ef-90c9-010101010000,내과,0,1,1,1
a36c6c20-f03e-11ef-b1fc-010101010000,피부과,0,11,18,14
a36d0862-f03e-11ef-95ba-010101010000,피부과,1,2,1,5
a36d569c-f03e-11ef-9db5-010101010000,내과,0,2,1,3
a36e19cd-f03e-11ef-af19-010101010000,내과,0,2,4,3
a36e40dd-f03e-11ef-be77-010101010000,내과,0,154,245,421
a36e40de-f03e-11ef-9221-010101010000,내과,1,3,3,2
a3719c41-f03e-11ef-b789-010101010000,내과,1,1,4,4
a3725f90-f03e-11ef-aa88-010101010000,내과,1,1,1,1
a37286a0-f03e-11ef-935a-010101010000,피부과,1,1,6,1
a372adb1-f03e-11ef-ab18-010101010000,외과,0,1,1,1
a372d4c6-f03e-11ef-a46b-010101010000,내과,1,1,3,4
a3743451-f03e-11ef-acd1-010101010000,외과,0,1,1,1
a374a97b-f03e-11ef-9d76-010101010000,내과,0,1,1,1
a377e15d-f03e-11ef-8c6f-010101010000,외과,1,2,2,3
a377e15e-f03e-11ef-aa86-010101010000,외과,0,174,56,381
a3798f06-f03e-11ef-b84e-010101010000,안과,0,1,1,1
a3798f08-f03e-11ef-be86-010101010000,외과,1,1,1,1
a37a2b48-f03e-11ef-ab0c-010101010000,치과,0,71,378,69
a37b15a4-f03e-11ef-8163-010101010000,피부과,1,2,2,2
a37b3cb6-f03e-11ef-8165-010101010000,외과,1,1,1,1
a37b63c6-f03e-11ef-8dfb-010101010000,내과,1,1,4,1
a37c2718-f03e-11ef-bf8f-010101010000,외과,0,1,1,1
a37c7534-f03e-11ef-8795-010101010000,외과,0,4,11,8
a37c9c43-f03e-11ef-bc2a-010101010000,내과,0,1,1,1
a37c9c44-f03e-11ef-800a-010101010000,안과,0,14,2,24
a37cea65-f03e-11ef-bf6a-010101010000,내과,1,1,2,4
a37d86ad-f03e-11ef-82eb-010101010000,외과,0,1,5,1
a37e22ed-f03e-11ef-9fc0-010101010000,피부과,1,77,143,218
a3810927-f03e-11ef-be12-010101010000,외과,0,1,1,1
a381cc72-f03e-11ef-a94d-010101010000,내과,1,2,9,3
a383050b-f03e-11ef-805a-010101010000,내과,1,1,13,3
a38416e2-f03e-11ef-bb08-010101010000,외과,1,3,7,4
a3843de9-f03e-11ef-a876-010101010000,피부과,0,1,1,1
a385013c-f03e-11ef-9d31-010101010000,피부과,1,18,3,66
a386c30f-f03e-11ef-bf37-010101010000,외과,0,4,3,6
a387112c-f03e-11ef-bd1b-010101010000,외과,0,1,2,1
a387ad72-f03e-11ef-a167-010101010000,외과,1,483,378,788
a387ad73-f03e-11ef-aa0d-010101010000,내과,0,6,5,3
a3890d07-f03e-11ef-bb25-010101010000,내과,0,2,1,2
a3895b21-f03e-11ef-867b-010101010000,내과,0,1,1,1
a38ae1b9-f03e-11ef-b548-010101010000,내과,1,430,3872,621
a38b56f1-f03e-11ef-a571-010101010000,피부과,1,5,7,12
a38c414c-f03e-11ef-bb24-010101010000,내과,0,1,26,2
a38c685a-f03e-11ef-ba12-010101010000,치과,0,16,460,34
a38fc3c6-f03e-11ef-866a-010101010000,내과,0,22,108,26
a390fc36-f03e-11ef-9010-010101010000,내과,0,7,4,6
a393945e-f03e-11ef-ba28-010101010000,내과,1,16,17,83
a3968e6d-f03e-11ef-85bc-010101010000,내과,1,2,2,3
a396b57f-f03e-11ef-bef2-010101010000,외과,0,1,1,1
a397c6f3-f03e-11ef-b36c-010101010000,내과,0,4,6,4
a3981515-f03e-11ef-ae8c-010101010000,외과,0,1,1,1
a3986331-f03e-11ef-a748-010101010000,외과,0,2,9,2
a398ff75-f03e-11ef-8ca1-010101010000,내과,0,2,2,2
a39a37f1-f03e-11ef-a0fa-010101010000,내과,1,1,12,51
a39cf70b-f03e-11ef-a0a8-010101010000,외과,0,13,119,26
a39cf70d-f03e-11ef-b987-010101010000,외과,0,3,2,3
a39d1e2c-f03e-11ef-b0c9-010101010000,내과,0,29,16,39
a39f4105-f03e-11ef-878a-010101010000,내과,0,1,1,1
a39f6815-f03e-11ef-8bf1-010101010000,내과,1,4,30,38
a39f8f38-f03e-11ef-935c-010101010000,내과,0,17,4,16
a39fb639-f03e-11ef-9033-010101010000,내과,1,1,1,1
a39fdd4a-f03e-11ef-83fc-010101010000,내과,0,23,60,30
a3a44a33-f03e-11ef-a493-010101010000,외과,1,1,2,1
a3a44a34-f03e-11ef-bacf-010101010000,외과,0,1,1,1
a3a4fa5d-f03e-11ef-8eed-010101010000,내과,1,190,26,1962
a3a52169-f03e-11ef-8049-010101010000,내과,1,194,85,350
a3a56f7e-f03e-11ef-ab45-010101010000,내과,0,38,21,52
a3a60bca-f03e-11ef-a42a-010101010000,내과,0,137,115,308
a3a632d1-f03e-11ef-a78d-010101010000,내과,0,31,7,210
a3a6cf0b-f03e-11ef-acc1-010101010000,내과,0,1,3,4
a3a6f61b-f03e-11ef-ada7-010101010000,내과,0,32,8,184
a3a87cd1-f03e-11ef-9e5a-010101010000,내과,0,1,1,1
a3a94020-f03e-11ef-b2c6-010101010000,피부과,1,353,31,821
a3aaedc2-f03e-11ef-bf05-010101010000,외과,1,26,3,20
a3ab3be7-f03e-11ef-96c0-010101010000,내과,1,1,1,1
a3abff3a-f03e-11ef-b286-010101010000,내과,1,3,23,9
a3ace994-f03e-11ef-aad3-010101010000,외과,1,1,1,2
a3af3386-f03e-11ef-abd9-010101010000,내과,0,3,9,5
a3b09311-f03e-11ef-a7ac-010101010000,외과,1,5,4,19
a3b12f52-f03e-11ef-a423-010101010000,내과,0,4,1,6
a3b219e4-f03e-11ef-a3bf-010101010000,내과,0,1,4,2
a3b240f4-f03e-11ef-9ab4-010101010000,피부과,1,4,2,13
a3b26800-f03e-11ef-bfe8-010101010000,내과,1,2,9,55
a3b35264-f03e-11ef-991b-010101010000,피부과,0,1,1,1
a3b35265-f03e-11ef-9513-010101010000,내과,0,44,24,95
a3b58922-f03e-11ef-ac61-010101010000,내과,0,1,1,1
a3b5b03b-f03e-11ef-8772-010101010000,외과,1,1,2,4
a3b6737d-f03e-11ef-bff9-010101010000,외과,0,93,80,185
a3b69abf-f03e-11ef-afd4-010101010000,외과,1,185,45,320
a3b6e8b6-f03e-11ef-9418-010101010000,외과,1,344,76,922
a3b8bd76-f03e-11ef-a6e0-010101010000,외과,1,56,12,83
a3bab9a2-f03e-11ef-b8a0-010101010000,외과,1,4,2,5
a3bc8dff-f03e-11ef-afd1-010101010000,내과,0,1,1,1
a3bcdc22-f03e-11ef-9276-010101010000,내과,0,1,3,3
a3bcdc23-f03e-11ef-8e63-010101010000,내과,0,7,5,13
a3bd2a3f-f03e-11ef-8dbc-010101010000,외과,0,6,1,2
a3bd9f66-f03e-11ef-bc54-010101010000,외과,1,1,1,4
a3be149e-f03e-11ef-923d-010101010000,내과,1,911,458,4070
a3be89cf-f03e-11ef-8087-010101010000,외과,1,525,738,1048
a3beb0fc-f03e-11ef-b30b-010101010000,피부과,1,1,1,2
a3c0377c-f03e-11ef-94e4-010101010000,외과,0,7,9,34
a3c05e8f-f03e-11ef-ab03-010101010000,내과,1,1,1,1
a3c20c63-f03e-11ef-94e2-010101010000,내과,0,322,1267,579
a3c395d2-f03e-11ef-b176-010101010000,내과,1,1600,2593,4008
a3c3e3f8-f03e-11ef-93ac-010101010000,안과,0,37,147,144
a3c40b08-f03e-11ef-8ee4-010101010000,치과,0,365,377,715
a3c4ce4d-f03e-11ef-b465-010101010000,안과,0,30,42,92
a3c4f5a0-f03e-11ef-aa78-010101010000,피부과,0,3,3,3
a3c51c74-f03e-11ef-88c6-010101010000,내과,0,6,16,12
a3c54380-f03e-11ef-9036-010101010000,내과,0,24,13,32
a3c5dfd6-f03e-11ef-8e15-010101010000,외과,0,1,1,1
a3c5dfd7-f03e-11ef-b15b-010101010000,피부과,0,8,21,14
a3c6a31b-f03e-11ef-8a17-010101010000,외과,0,1,1,1
a3c6ca2a-f03e-11ef-8e23-010101010000,외과,0,1,1,1
a3c78d75-f03e-11ef-a126-010101010000,피부과,1,2,57,20
a3c877f4-f03e-11ef-81e5-010101010000,외과,0,3,1,27
a3c89ee9-f03e-11ef-95b5-010101010000,내과,0,13,2,15
a3c9141b-f03e-11ef-a784-010101010000,내과,0,2,1,6
a3cae8d7-f03e-11ef-8985-010101010000,외과,0,1,1,1
a3cb36f3-f03e-11ef-9c67-010101010000,안과,0,26,60,47
a3cb5e06-f03e-11ef-a720-010101010000,외과,0,3,3,6
a3cbfa46-f03e-11ef-abca-010101010000,외과,1,2,1,2
a3cd32c4-f03e-11ef-a5bd-010101010000,내과,0,6,4,5
a3cdcf07-f03e-11ef-9805-010101010000,외과,1,2,4,2
a3ce4432-f03e-11ef-b771-010101010000,외과,0,11,18,24
a3cee075-f03e-11ef-8dd2-010101010000,외과,1,6,2,25
a3cfcad4-f03e-11ef-8227-010101010000,외과,1,137,122,150
a3cfcad6-f03e-11ef-af31-010101010000,내과,1,3,1,5
a3d06739-f03e-11ef-abf9-010101010000,내과,1,468,577,851
a3d0dc6b-f03e-11ef-899f-010101010000,외과,0,3,1,3
a3d15199-f03e-11ef-8b93-010101010000,내과,0,112,104,53
a3d55d1c-f03e-11ef-a21c-010101010000,피부과,1,2,2,2
a3d5842c-f03e-11ef-b4a7-010101010000,안과,0,3,2,7
a3d6959c-f03e-11ef-ab13-010101010000,내과,0,38,8,72
a3d731db-f03e-11ef-b09f-010101010000,내과,0,1057,2113,1191
a3d758e7-f03e-11ef-b3c8-010101010000,치과,1,23,8,23
a3d7a70b-f03e-11ef-9f31-010101010000,내과,0,5,13,9
a3d9c9eb-f03e-11ef-83a0-010101010000,외과,1,29,42,41
a3da180d-f03e-11ef-b409-010101010000,외과,1,30,26,68
a3da6630-f03e-11ef-a2eb-010101010000,내과,0,7,2,6
a3da8d3b-f03e-11ef-bc52-010101010000,외과,1,2,2,4
a3dab448-f03e-11ef-8de5-010101010000,외과,0,660,657,1127
a3db026b-f03e-11ef-ae40-010101010000,내과,1,2,2,2
a3dd736b-f03e-11ef-9326-010101010000,내과,0,1,2,1
a3ddc18b-f03e-11ef-a955-010101010000,외과,1,3,3,8
a3e032b9-f03e-11ef-8ef9-010101010000,내과,0,1,1,1
a3e24269-f03e-11ef-a37b-010101010000,내과,0,45,138,115
a3e26977-f03e-11ef-bbdd-010101010000,내과,0,1,1,1
a3e29088-f03e-11ef-92e8-010101010000,치과,0,1,1,1
a3e305b6-f03e-11ef-9897-010101010000,외과,0,16,41,31
a3e32cc8-f03e-11ef-955e-010101010000,내과,0,2,3,6
a3e353d9-f03e-11ef-a116-010101010000,내과,1,41,68,39
a3e54fa4-f03e-11ef-ab19-010101010000,내과,0,4,2,23
a3e5c4d9-f03e-11ef-965a-010101010000,내과,0,9,6,30
a3e612f4-f03e-11ef-8535-010101010000,내과,0,77,193,129
a3e63a08-f03e-11ef-8f93-010101010000,내과,0,189,174,306
a3e66116-f03e-11ef-9905-010101010000,내과,0,125,42,158
a3e6fd57-f03e-11ef-8486-010101010000,피부과,0,79,194,152
a3e94745-f03e-11ef-997e-010101010000,외과,1,15,13,62
a3e96e57-f03e-11ef-8022-010101010000,치과,0,8,2,10
a3ea0a95-f03e-11ef-8748-010101010000,피부과,0,1,1,1
a3ecc9d1-f03e-11ef-84e2-010101010000,외과,0,2,2,2
a3ecf0e2-f03e-11ef-9474-010101010000,내과,0,4,11,4
a3ed660e-f03e-11ef-859e-010101010000,내과,1,2,2,2
a3ef1400-f03e-11ef-9021-010101010000,내과,0,204,304,228
a3ef6222-f03e-11ef-830f-010101010000,외과,0,1,5,8
a3f09aa2-f03e-11ef-9bf1-010101010000,외과,1,4,3,13
a3f10fd4-f03e-11ef-8812-010101010000,내과,1,153,183,352
a3f171fc-f03e-11ef-aa0e-010101010000,외과,1,1,1,1
a3f1c01e-f03e-11ef-a806-010101010000,내과,0,2,2,2
a3f20e3d-f03e-11ef-a985-010101010000,외과,0,3,2,4
a3f23555-f03e-11ef-8bcd-010101010000,내과,1,207,117,548
a3f2f89c-f03e-11ef-9046-010101010000,피부과,1,13,1,36
a3f346bc-f03e-11ef-bf30-010101010000,내과,0,1,1,1
a3f36dd4-f03e-11ef-861a-010101010000,외과,0,2,9,2
a3f394df-f03e-11ef-b2ce-010101010000,내과,1,1,3,1
a3f3bbfc-f03e-11ef-8857-010101010000,외과,0,4,17,5
a3f4cd5d-f03e-11ef-bceb-010101010000,내과,1,1,5,1
a3f590b7-f03e-11ef-9935-010101010000,외과,1,10,4,40
a3f5ded7-f03e-11ef-a424-010101010000,내과,1,1,1,1
a3f6c99d-f03e-11ef-953c-010101010000,내과,1,6,3,7
a3f73e7b-f03e-11ef-8b31-010101010000,내과,1,925,1192,3348
a3f78c88-f03e-11ef-a65f-010101010000,내과,0,1,10,2
a3f828c7-f03e-11ef-b765-010101010000,외과,0,775,2425,1389
a3f876e6-f03e-11ef-8041-010101010000,내과,0,35,52,146
a3f89df6-f03e-11ef-ac13-010101010000,피부과,1,160,194,1545
a3f98857-f03e-11ef-8cbb-010101010000,내과,0,693,2992,1149
a3f9d676-f03e-11ef-9faf-010101010000,내과,0,44,84,148
a3fc2067-f03e-11ef-bc4f-010101010000,피부과,0,34,66,129
a3fda704-f03e-11ef-82f3-010101010000,외과,0,4,264,26
a3fdf516-f03e-11ef-a25c-010101010000,외과,1,6,10,26
a3fe4358-f03e-11ef-bb1e-010101010000,피부과,1,69,123,306
a3feb885-f03e-11ef-b524-010101010000,외과,0,40,76,244
a3ff06aa-f03e-11ef-b1c9-010101010000,치과,1,1911,1998,3085
a3ff7bd9-f03e-11ef-856e-010101010000,외과,1,21,33,101
a3ffa2ea-f03e-11ef-aab8-010101010000,내과,1,2296,7263,9257
a3ffc9f7-f03e-11ef-b3a0-010101010000,피부과,1,237,339,1114
a3fff102-f03e-11ef-8f41-010101010000,내과,1,154,84,360
a4001818-f03e-11ef-9cd0-010101010000,외과,0,6,4,6
a4018b8e-f03e-11ef-9fa4-010101010000,내과,0,430,1528,665
a4029d13-f03e-11ef-bde4-010101010000,내과,0,5,5,5
a402eb1f-f03e-11ef-8c4c-010101010000,외과,1,307,352,399
a4031224-f03e-11ef-86e3-010101010000,외과,1,2,1,3
a4036043-f03e-11ef-99c5-010101010000,내과,1,705,487,2548
a4042394-f03e-11ef-bc37-010101010000,외과,1,268,1068,1553
a40471b3-f03e-11ef-b7f2-010101010000,내과,1,114,183,608
a4053501-f03e-11ef-9ca1-010101010000,외과,1,114,607,506
a405834e-f03e-11ef-bc47-010101010000,치과,1,587,1353,1615
a405834f-f03e-11ef-b583-010101010000,외과,0,3,6,4
a405f854-f03e-11ef-b2c9-010101010000,피부과,0,240,462,685
a4064676-f03e-11ef-b97c-010101010000,내과,1,89,2813,967
a406e2ac-f03e-11ef-abd7-010101010000,내과,1,15903,14280,19176
a40730cb-f03e-11ef-be85-010101010000,내과,0,76,157,96
a4077eed-f03e-11ef-835f-010101010000,피부과,0,65,140,233
a4081b34-f03e-11ef-896f-010101010000,내과,1,2,8,13
a4084242-f03e-11ef-a44d-010101010000,내과,0,314,526,408
a40a1716-f03e-11ef-af2d-010101010000,내과,0,38,1656,248
a40a3e13-f03e-11ef-b089-010101010000,치과,0,9036,870,17302
a40b9daa-f03e-11ef-8cbd-010101010000,내과,0,465,1201,982
a40d9999-f03e-11ef-8293-010101010000,내과,1,588,683,663
a40f9566-f03e-11ef-8bc0-010101010000,외과,0,2,2,2
a410fa87-f03e-11ef-8923-010101010000,내과,1,17,71,58
a41196ca-f03e-11ef-a52d-010101010000,내과,1,46,50,273
a411e4eb-f03e-11ef-bae6-010101010000,치과,0,11,18,50
a411e4ed-f03e-11ef-9471-010101010000,피부과,0,167,255,95
a4125a1d-f03e-11ef-8d66-010101010000,외과,1,1,1,2
a41392a3-f03e-11ef-93f4-010101010000,외과,0,2,5,2
a4147cfb-f03e-11ef-9d3f-010101010000,외과,0,2,2,2
a414cb30-f03e-11ef-b242-010101010000,내과,0,1,1,2
a415dc8a-f03e-11ef-be20-010101010000,외과,0,2,2,2
a4169fda-f03e-11ef-815a-010101010000,내과,0,2,9,4
a4178a3d-f03e-11ef-b8be-010101010000,내과,0,3,1,7
a417d862-f03e-11ef-9d72-010101010000,내과,0,6,3,7
a417d863-f03e-11ef-9198-010101010000,피부과,1,12,23,51
a417ff6e-f03e-11ef-a197-010101010000,내과,0,42,246,109
a4189bb2-f03e-11ef-b10b-010101010000,외과,1,8,8,30
a4195eff-f03e-11ef-b4f8-010101010000,내과,1,1,1,1
a419d432-f03e-11ef-8220-010101010000,외과,0,1,1,4
a419fb45-f03e-11ef-b21e-010101010000,내과,1,1844,2740,3458
a41abe8f-f03e-11ef-885f-010101010000,내과,0,1,2,1
a41f66b0-f03e-11ef-8af2-010101010000,외과,0,1,1,1
a41f8dc4-f03e-11ef-ae45-010101010000,내과,1,22,5,27
a422c215-f03e-11ef-8db4-010101010000,외과,1,1,1,1
a423fa9a-f03e-11ef-8d4f-010101010000,안과,0,9,5,16
a4246fc3-f03e-11ef-be72-010101010000,내과,0,5,3,1
a424e4f5-f03e-11ef-9289-010101010000,내과,1,1060,565,1709
a424e4f6-f03e-11ef-ad39-010101010000,내과,0,17849,10908,15985
a4250c03-f03e-11ef-95f7-010101010000,피부과,0,3,4,4
a4253317-f03e-11ef-aebf-010101010000,내과,1,350,446,366
a4258131-f03e-11ef-b6ff-010101010000,외과,1,316,778,340
a425cf54-f03e-11ef-9ca8-010101010000,치과,0,99,312,50
a4272ee6-f03e-11ef-b16a-010101010000,외과,0,3,3,7
a428b584-f03e-11ef-ab79-010101010000,내과,1,2,2,2
a42951c6-f03e-11ef-bc8b-010101010000,외과,1,267,299,654
a42ad867-f03e-11ef-a1e2-010101010000,외과,0,295,351,331
a42b267d-f03e-11ef-be62-010101010000,외과,0,27,9,57
a42b4d95-f03e-11ef-9269-010101010000,외과,0,2,8,3
a42bc2cc-f03e-11ef-b264-010101010000,외과,0,1,1,1
a42c864a-f03e-11ef-a1dc-010101010000,외과,0,71,71,89
a42d97bc-f03e-11ef-94d1-010101010000,외과,0,12,12,14
a42e20ab-f03e-11ef-ba96-010101010000,내과,0,35,28,169
a42ebd24-f03e-11ef-9d27-010101010000,내과,0,18,32,53
a430b8fd-f03e-11ef-b2b8-010101010000,내과,1,1,1,1
a430e00a-f03e-11ef-9500-010101010000,내과,0,16,4,14
a4312e21-f03e-11ef-88b4-010101010000,외과,0,2,1,1
a4315532-f03e-11ef-ae49-010101010000,피부과,0,1,1,3
a431a358-f03e-11ef-90c5-010101010000,내과,0,19,33,133
a431ca67-f03e-11ef-888c-010101010000,외과,0,179,275,562
a4328db3-f03e-11ef-bf0d-010101010000,내과,0,282,354,262
a433511e-f03e-11ef-905a-010101010000,내과,0,1,1,1
a4339f24-f03e-11ef-bcca-010101010000,내과,0,1,1,1
a4341453-f03e-11ef-9678-010101010000,외과,0,1,1,1
a434d79f-f03e-11ef-904f-010101010000,외과,0,17,26,17
a4354cd4-f03e-11ef-aa70-010101010000,내과,0,540,551,4533
a436373a-f03e-11ef-a2a7-010101010000,외과,0,1,1,1
a436ac65-f03e-11ef-8db1-010101010000,내과,1,170,43,315
a438a83b-f03e-11ef-9917-010101010000,피부과,0,1,1,9
a438cf49-f03e-11ef-b735-010101010000,내과,0,2688,462,10187
a43992a0-f03e-11ef-bc17-010101010000,내과,1,45,13,183
a43c51ef-f03e-11ef-b611-010101010000,내과,1,254,239,328
a43c7901-f03e-11ef-8f27-010101010000,내과,1,93,587,513
a43deca9-f03e-11ef-acb8-010101010000,내과,0,2,3,2
a43e88e5-f03e-11ef-9174-010101010000,내과,0,5,9,16
a43f9a5e-f03e-11ef-8209-010101010000,외과,0,1,1,1
a43fc16b-f03e-11ef-868f-010101010000,내과,0,50,140,156
a43fe87a-f03e-11ef-b85e-010101010000,피부과,1,1,1,1
a44120f3-f03e-11ef-acc9-010101010000,내과,1,2339,3098,5436
a4425975-f03e-11ef-a8d5-010101010000,내과,1,8,30,232
a4436ae6-f03e-11ef-9483-010101010000,내과,1,10,99,42
a444a34b-f03e-11ef-b72c-010101010000,내과,1,73,40,710
a444f17a-f03e-11ef-bf4d-010101010000,치과,0,291,2161,1190
a445dbda-f03e-11ef-aad1-010101010000,내과,0,92,36,381
a44602ee-f03e-11ef-87e1-010101010000,피부과,0,214,42,364
a4471461-f03e-11ef-bc5e-010101010000,치과,0,10,15,51
a4495e5c-f03e-11ef-92dc-010101010000,내과,0,1,3,2
a449d379-f03e-11ef-b24d-010101010000,내과,0,1288,973,2616
a44a2199-f03e-11ef-a1a3-010101010000,피부과,0,4,5,14
a44b8152-f03e-11ef-b7a9-010101010000,내과,0,11,10,39
a44bf67f-f03e-11ef-8269-010101010000,치과,0,1,1,1
a44c6bb0-f03e-11ef-bbf4-010101010000,내과,1,2,5,31
a44ea268-f03e-11ef-8c62-010101010000,외과,1,2,1,4
a44ec976-f03e-11ef-95b3-010101010000,외과,1,2,2,2
a4622bf7-f03e-11ef-b155-010101010000,내과,0,1,6,2
a4622bf8-f03e-11ef-97b8-010101010000,외과,0,20,72,48
a462530a-f03e-11ef-8b3d-010101010000,내과,0,1,1,1
a4633d72-f03e-11ef-b532-010101010000,외과,0,26,5,38
a4638b90-f03e-11ef-a589-010101010000,안과,0,1311,1476,2438
a46400b9-f03e-11ef-8f51-010101010000,외과,1,553,100,983
a4649cf9-f03e-11ef-8e94-010101010000,내과,0,6,11,10
a468948d-f03e-11ef-8bd6-010101010000,내과,0,367,106,294
a468948e-f03e-11ef-bc40-010101010000,내과,0,1070,5060,1505
a468bbad-f03e-11ef-9ccf-010101010000,내과,0,82,581,36
a46a1b44-f03e-11ef-82b4-010101010000,외과,0,969,488,1219
a46d0449-f03e-11ef-bb25-010101010000,내과,0,882,1546,2426
a46e15b8-f03e-11ef-98bb-010101010000,안과,0,1469,911,2542
a46e3ccb-f03e-11ef-a505-010101010000,내과,0,13,96,36
a46e63d7-f03e-11ef-b104-010101010000,내과,1,1,1,1
a46f4e39-f03e-11ef-a810-010101010000,외과,0,113,63,75
a47086b7-f03e-11ef-8e3d-010101010000,내과,0,1,2,2
a4723457-f03e-11ef-8a9d-010101010000,내과,0,842,2075,1325
a472f7a7-f03e-11ef-87bd-010101010000,피부과,1,307,527,1579
a473e205-f03e-11ef-a976-010101010000,외과,1,146,84,522
a474a564-f03e-11ef-a92f-010101010000,피부과,0,596,724,1508
a47568b6-f03e-11ef-a3c6-010101010000,내과,0,1,1,1
a476c835-f03e-11ef-8715-010101010000,내과,1,4,1,23
a479fcd6-f03e-11ef-ae3a-010101010000,내과,0,1,2,1
a47a71f3-f03e-11ef-9fca-010101010000,외과,0,1,2,2
a47aad1b-f03e-11ef-8918-010101010000,외과,1,7,19,61
a47ad42d-f03e-11ef-b688-010101010000,내과,0,32,2018,6
a47bbe8a-f03e-11ef-bb44-010101010000,내과,1,2488,2673,5561
a47d6c3d-f03e-11ef-9c4d-010101010000,내과,1,46,81,137
a47de16b-f03e-11ef-80ab-010101010000,내과,0,2,11,83
a47e56a7-f03e-11ef-a1c6-010101010000,내과,0,789,448,434
a47e7dac-f03e-11ef-a3eb-010101010000,외과,0,875,837,717
a481b1f8-f03e-11ef-8734-010101010000,내과,1,4969,4825,8937
a4833898-f03e-11ef-be88-010101010000,치과,0,382,2102,878
a4875749-f03e-11ef-8406-010101010000,외과,0,19,52,45
a487ccb3-f03e-11ef-8f39-010101010000,피부과,0,2,20,2
a4881ad1-f03e-11ef-8728-010101010000,안과,0,28,51,13
a4881ad3-f03e-11ef-a1b2-010101010000,외과,0,4067,1153,10903
a488b711-f03e-11ef-b657-010101010000,내과,0,2608,4337,7258
a488de2a-f03e-11ef-8ec1-010101010000,피부과,0,975,696,888
a488de2b-f03e-11ef-8ce0-010101010000,피부과,0,842,363,1405
a48ac6c3-f03e-11ef-84db-010101010000,피부과,0,13774,18340,13797
a48bd835-f03e-11ef-9ac6-010101010000,외과,0,4,1,2
a48bff42-f03e-11ef-aed8-010101010000,내과,0,45,61,96
a48c4d66-f03e-11ef-ba25-010101010000,내과,0,118,31,296
a48ce9a4-f03e-11ef-aafc-010101010000,내과,0,6355,6148,12325
a48e9752-f03e-11ef-9246-010101010000,내과,1,263,983,733
a48e9753-f03e-11ef-ac70-010101010000,내과,0,8,9,8
a48f338b-f03e-11ef-87bf-010101010000,외과,0,528,1028,510
a49044f8-f03e-11ef-a8d4-010101010000,치과,1,920,557,1901
a490ba2c-f03e-11ef-80eb-010101010000,치과,1,1056,5092,3324
a491a4a0-f03e-11ef-9922-010101010000,피부과,0,1,2,1
a49240d5-f03e-11ef-b6ec-010101010000,내과,0,247,501,326
a49267e4-f03e-11ef-afc3-010101010000,내과,0,48,83,27
a4928ef3-f03e-11ef-bb54-010101010000,피부과,0,107,202,56
a492b609-f03e-11ef-96de-010101010000,내과,0,191,153,95
a49463af-f03e-11ef-b145-010101010000,피부과,1,493,584,1105
a4948b0a-f03e-11ef-b9bf-010101010000,피부과,0,104,265,79
a49686a8-f03e-11ef-a389-010101010000,내과,1,18,131,39
a496fbe9-f03e-11ef-b9c1-010101010000,내과,0,6,20,18
a49722f8-f03e-11ef-807d-010101010000,내과,0,15,10,15
a4977150-f03e-11ef-a963-010101010000,내과,0,1722,2834,4983
a4985b97-f03e-11ef-a734-010101010000,내과,1,21,20,52
a49882a7-f03e-11ef-8f00-010101010000,내과,1,1022,270,240
a49a5ac7-f03e-11ef-a9b3-010101010000,내과,1,98,499,438
a49af704-f03e-11ef-8be4-010101010000,피부과,0,10,10,18
a49c7da2-f03e-11ef-a58b-010101010000,피부과,1,22,84,509
a49d40d6-f03e-11ef-9193-010101010000,내과,0,181,234,443
a49e042d-f03e-11ef-a16d-010101010000,내과,0,4,16,18
a49fd8e2-f03e-11ef-b753-010101010000,치과,0,6,13,14
a4a0c34a-f03e-11ef-b446-010101010000,내과,0,333,327,1793
a4a1116d-f03e-11ef-bbb6-010101010000,피부과,1,3131,4671,3742
a4a15f86-f03e-11ef-a3e0-010101010000,외과,0,43,120,36
a4a18695-f03e-11ef-a09a-010101010000,내과,0,661,310,1733
a4a18696-f03e-11ef-b8d0-010101010000,피부과,0,7,24,2
a4a1ada7-f03e-11ef-a8f2-010101010000,내과,1,28,142,53
a4a249e4-f03e-11ef-bf3e-010101010000,내과,0,8,3,6
a4a35b5b-f03e-11ef-ad5e-010101010000,내과,1,60,53,145
a4a3d085-f03e-11ef-bd38-010101010000,안과,0,299,699,585
a4a493d2-f03e-11ef-bbcc-010101010000,외과,0,1732,4286,5547
a4a5300d-f03e-11ef-a229-010101010000,외과,1,686,606,2681
a4a57e3b-f03e-11ef-8474-010101010000,내과,0,2,1,1
a4a5f367-f03e-11ef-a31d-010101010000,안과,0,6,11,4
a4a6b6d8-f03e-11ef-be11-010101010000,피부과,0,4813,11609,10764
a4a6b6d9-f03e-11ef-b5b7-010101010000,내과,1,46,32,201
a4a77a28-f03e-11ef-8f7d-010101010000,외과,0,2557,2182,6217
a4a7c848-f03e-11ef-9925-010101010000,외과,1,1362,1750,3117
a4a8697a-f03e-11ef-946c-010101010000,내과,0,2,6,5
a4a92ccf-f03e-11ef-9d01-010101010000,치과,1,1448,364,3451
a4a9c910-f03e-11ef-919e-010101010000,외과,0,255,250,343
a4aa3e3e-f03e-11ef-aaae-010101010000,치과,1,232,190,415
a4aa654f-f03e-11ef-8752-010101010000,내과,0,6,76,6
a4aab35b-f03e-11ef-ac32-010101010000,내과,1,152,139,662
a4ab4fb3-f03e-11ef-aa32-010101010000,내과,0,5625,12845,11784
a4ab9dcf-f03e-11ef-bcb9-010101010000,내과,1,29,72,173
a4abebf2-f03e-11ef-9d50-010101010000,피부과,0,12,9,14
a4adc08d-f03e-11ef-8f27-010101010000,내과,0,1223,3298,3005
a4afe373-f03e-11ef-89d1-010101010000,내과,1,51,34,24
a4afe374-f03e-11ef-b456-010101010000,치과,0,1638,3271,556
a4b0cdd0-f03e-11ef-859b-010101010000,내과,0,10,37,17
a4b33ece-f03e-11ef-8e56-010101010000,내과,1,3599,4292,6600
a4b365e3-f03e-11ef-b77f-010101010000,내과,0,263,196,399
a4b3db0e-f03e-11ef-b91d-010101010000,내과,0,162,518,564
a4b53ab0-f03e-11ef-88cf-010101010000,치과,0,5,3,12
a4b70fa1-f03e-11ef-902d-010101010000,내과,0,18,21,25
a4b736c0-f03e-11ef-9d4c-010101010000,피부과,1,1553,3731,5730
a4b7bff9-f03e-11ef-8efc-010101010000,안과,0,10,44,12
a4b8d16a-f03e-11ef-a184-010101010000,안과,0,1,2,2
a4b9bbd1-f03e-11ef-a55e-010101010000,피부과,0,1,2,1
a4ba3100-f03e-11ef-9484-010101010000,내과,0,120,157,294
a4baa62d-f03e-11ef-8373-010101010000,내과,0,5,6,8
a4bb9086-f03e-11ef-83c9-010101010000,내과,0,7661,3817,15146
a4bd654c-f03e-11ef-b1eb-010101010000,내과,0,4,2,4
a4bdb36a-f03e-11ef-bfea-010101010000,내과,1,816,1552,984
a4bdda7c-f03e-11ef-b004-010101010000,피부과,0,51,37,176
a4be289b-f03e-11ef-aaa6-010101010000,피부과,0,317,146,230
a4be4faf-f03e-11ef-b7d7-010101010000,피부과,0,833,663,636
a4bfaf3a-f03e-11ef-9eb2-010101010000,내과,1,869,4456,1285
a4bfd649-f03e-11ef-ac30-010101010000,피부과,0,41,13,48
a4c0e7ba-f03e-11ef-836a-010101010000,외과,1,1566,4114,2461
a4c2bc7f-f03e-11ef-ba4c-010101010000,외과,0,10,20,9
a4c30a9a-f03e-11ef-8985-010101010000,피부과,1,208,289,273
a4c30a9b-f03e-11ef-b6fb-010101010000,외과,0,449,452,458
a4c3f557-f03e-11ef-bd17-010101010000,외과,0,62,18,48
a4c44332-f03e-11ef-899a-010101010000,치과,0,134,230,110
a4c4b87a-f03e-11ef-846e-010101010000,치과,0,2079,6365,3194
a4c4df88-f03e-11ef-90ea-010101010000,피부과,0,2825,4293,4943
a4c554bd-f03e-11ef-b284-010101010000,외과,1,748,802,1110
a4c5c9f1-f03e-11ef-9ec9-010101010000,내과,0,135,220,193
a4c73ddb-f03e-11ef-bc04-010101010000,내과,0,43,91,296
a4c764ec-f03e-11ef-974a-010101010000,내과,0,48,279,257
a4cac0ea-f03e-11ef-b77a-010101010000,피부과,0,2221,7241,3882
a4cb0e6b-f03e-11ef-884b-010101010000,내과,1,2743,7360,6451
a4cbaaaa-f03e-11ef-895d-010101010000,외과,0,12,13,17
a4cd314d-f03e-11ef-a464-010101010000,내과,0,1588,628,1486
a4cd585e-f03e-11ef-b3ff-010101010000,치과,1,1023,840,2731
a4cda681-f03e-11ef-b78a-010101010000,내과,0,1964,911,3102
a4cf542c-f03e-11ef-ab5a-010101010000,내과,0,1864,913,5144
a4cfc960-f03e-11ef-9a8c-010101010000,외과,1,272,225,234
a4d08cab-f03e-11ef-bbbe-010101010000,내과,1,131,80,295
a4d0b3b9-f03e-11ef-b44b-010101010000,내과,1,1565,1523,2065
a4d101ed-f03e-11ef-b84d-010101010000,내과,0,43,62,88
a4d19e1d-f03e-11ef-b156-010101010000,내과,0,471,588,574
a4d2134d-f03e-11ef-99f2-010101010000,내과,0,3663,3725,10069
a4d29c40-f03e-11ef-8cad-010101010000,피부과,0,8042,14534,11904
a4d2ea96-f03e-11ef-a195-010101010000,내과,0,8517,7397,13577
a4d3d52d-f03e-11ef-b367-010101010000,내과,1,41,8,62
a4d3fc3f-f03e-11ef-832b-010101010000,외과,1,328,203,466
a4d4716b-f03e-11ef-8371-010101010000,내과,1,3,13,4
a4d55bd0-f03e-11ef-b89d-010101010000,내과,0,34,89,24
a4d60bdb-f03e-11ef-a46f-010101010000,내과,0,1259,901,3774
a4d6815f-f03e-11ef-a17f-010101010000,내과,0,11471,16592,8813
a4d6f674-f03e-11ef-b8a7-010101010000,내과,1,209,219,567
a4d8a430-f03e-11ef-9bec-010101010000,피부과,1,522,396,376
a4dbd87b-f03e-11ef-8da9-010101010000,내과,0,1877,1478,3848
a4dd10f9-f03e-11ef-ad4a-010101010000,내과,0,946,6679,1261
a4de9780-f03e-11ef-8c46-010101010000,내과,0,2591,10305,3192
a4dee5a4-f03e-11ef-8411-010101010000,내과,0,130,42,120
a4dff72d-f03e-11ef-8b31-010101010000,내과,1,14,14,30
a4e10893-f03e-11ef-b4cf-010101010000,외과,1,536,532,714
a4e30478-f03e-11ef-8c88-010101010000,치과,0,12,24,26
a4e32bc8-f03e-11ef-9922-010101010000,내과,0,208,1901,1942
a4e379eb-f03e-11ef-ba1b-010101010000,내과,0,7273,2980,12564
a4e3a0fb-f03e-11ef-833f-010101010000,안과,0,5,11,31
a4e43d3a-f03e-11ef-8dd5-010101010000,피부과,0,707,576,668
a4e4644b-f03e-11ef-a051-010101010000,내과,0,44,67,23
a4e4b26b-f03e-11ef-a283-010101010000,외과,0,4,1,16
a4e54e96-f03e-11ef-bcb3-010101010000,내과,0,523,985,1724
a4e5eed1-f03e-11ef-80ad-010101010000,피부과,0,1,1,5
a4e72752-f03e-11ef-a419-010101010000,내과,0,1,1,1
a4e79c85-f03e-11ef-904f-010101010000,안과,0,1,3,1
a4e81199-f03e-11ef-9e8b-010101010000,내과,0,76,386,161
a4e85fb5-f03e-11ef-b8e4-010101010000,내과,1,4,4,10
a4e886c5-f03e-11ef-a4e2-010101010000,내과,0,2,1,1
a4e92305-f03e-11ef-b35b-010101010000,외과,0,289,278,318
a4e94a15-f03e-11ef-a6a8-010101010000,외과,1,2,2,18
a4e94a16-f03e-11ef-afeb-010101010000,피부과,0,2,6,8
a4ead0d3-f03e-11ef-a399-010101010000,내과,0,3,6,3
a4eb6d13-f03e-11ef-9573-010101010000,내과,1,5,3,6
a4eca591-f03e-11ef-a439-010101010000,피부과,0,1,1,1
a4ed8ff9-f03e-11ef-be8c-010101010000,외과,1,998,1333,1830
a4ee7a54-f03e-11ef-b2b6-010101010000,내과,0,1,1,1
a4f027fe-f03e-11ef-b1f7-010101010000,내과,1,3,2,4
a4f02800-f03e-11ef-91a5-010101010000,외과,1,8,7,12
a4f09d33-f03e-11ef-bc3a-010101010000,내과,1,1,1,1
a4f18792-f03e-11ef-95ed-010101010000,외과,0,40,33,59
a4f1d5b2-f03e-11ef-bbe6-010101010000,내과,1,284,101,462
a4f1fca4-f03e-11ef-9095-010101010000,내과,1,7,17,12
a4f30e6e-f03e-11ef-9a9c-010101010000,외과,0,63,70,146
a4f38399-f03e-11ef-bc3f-010101010000,내과,1,75,69,162
a4f3aaaf-f03e-11ef-88e3-010101010000,내과,1,2,6,12
a4f3d1b8-f03e-11ef-b563-010101010000,피부과,0,3,4,6
a4f5937f-f03e-11ef-ae37-010101010000,치과,0,328,9,559
a4f6cbfc-f03e-11ef-b43c-010101010000,안과,0,9,7,19
a4f71a10-f03e-11ef-8b6b-010101010000,내과,1,1,1,1
a4f80464-f03e-11ef-9028-010101010000,치과,1,4,2,5
a4f85284-f03e-11ef-85af-010101010000,외과,1,166,744,195
a4f93cdf-f03e-11ef-a5c8-010101010000,내과,0,1,2,1
a4fa2744-f03e-11ef-9386-010101010000,내과,0,4,3,9
a4faea98-f03e-11ef-a70e-010101010000,외과,1,36,33,92
a4fb86f4-f03e-11ef-a869-010101010000,피부과,0,3,3,3
a4fda9ce-f03e-11ef-b8fd-010101010000,외과,1,5,7,6
a4fdd0de-f03e-11ef-a33b-010101010000,외과,1,1,2,5
a4fe1ef9-f03e-11ef-b92f-010101010000,외과,1,2,3,2
a4ff0957-f03e-11ef-9a46-010101010000,내과,0,1,1,1
a4ff0959-f03e-11ef-b86a-010101010000,내과,1,1,1,1
a5008ff7-f03e-11ef-94d4-010101010000,외과,1,1,1,1
a5015344-f03e-11ef-8da4-010101010000,내과,0,1,1,1
a5017a52-f03e-11ef-a622-010101010000,외과,0,2,2,14
a502da21-f03e-11ef-8ad3-010101010000,외과,0,2,1,1
a5039d6b-f03e-11ef-ba72-010101010000,내과,1,40,226,139
a5042693-f03e-11ef-a764-010101010000,외과,0,2,1,2
a5055f1b-f03e-11ef-a1a6-010101010000,내과,1,70,521,128
a50670a7-f03e-11ef-80a0-010101010000,내과,0,3,5,30
a50670a8-f03e-11ef-b268-010101010000,내과,0,6,9,11
a5070cb1-f03e-11ef-9795-010101010000,내과,1,1,1,1
a50733da-f03e-11ef-9d32-010101010000,피부과,1,37,638,48
a507a904-f03e-11ef-9437-010101010000,외과,1,35,23,136
a507d01a-f03e-11ef-ac5d-010101010000,내과,0,1,18,1
a507f72a-f03e-11ef-9c43-010101010000,내과,1,2,53,2
a5081e20-f03e-11ef-a06c-010101010000,내과,1,1222,671,3338
a50a8f3c-f03e-11ef-96d5-010101010000,외과,1,28,16,35
a50ba0aa-f03e-11ef-a5f6-010101010000,내과,0,6,22,16
a50bc7bc-f03e-11ef-93b0-010101010000,외과,0,2,2,2
a50d2747-f03e-11ef-8e79-010101010000,내과,0,1,1,1
a50d4e58-f03e-11ef-b3e3-010101010000,내과,1,312,113,722
a50e5fc9-f03e-11ef-ac82-010101010000,외과,0,9,4,10
a50ed4f6-f03e-11ef-bae7-010101010000,피부과,0,6,8,23
a50ed4f7-f03e-11ef-8ef9-010101010000,내과,1,17,21,21
a50f4a2c-f03e-11ef-b7cd-010101010000,내과,0,7,41,23
a50f984e-f03e-11ef-8ba3-010101010000,내과,1,16,3,48
a510a9b9-f03e-11ef-ac03-010101010000,외과,1,9,165,14
a510f820-f03e-11ef-9fa8-010101010000,내과,0,47,59,92
a511bb71-f03e-11ef-91bd-010101010000,내과,0,8,4,46
a511e280-f03e-11ef-86f0-010101010000,내과,1,23,26,397
a511e281-f03e-11ef-92d7-010101010000,내과,1,1,1,1
a5120995-f03e-11ef-9f25-010101010000,내과,0,1,1,1
a51257b3-f03e-11ef-9382-010101010000,안과,1,1,1,1
a5137d25-f03e-11ef-ad51-010101010000,외과,0,1,2,2
a513a434-f03e-11ef-9e6d-010101010000,외과,0,2,2,2
a513cb48-f03e-11ef-a022-010101010000,내과,1,21,103,39
a514b5a7-f03e-11ef-a442-010101010000,외과,0,2,2,2
a51503c5-f03e-11ef-9bc3-010101010000,외과,1,83,9,297
a5152ad4-f03e-11ef-9cbe-010101010000,내과,1,6,1,6
a51551e4-f03e-11ef-ba0b-010101010000,치과,0,1,1,1
a51726a2-f03e-11ef-b31e-010101010000,내과,1,38,13,65
a5179bb5-f03e-11ef-9c0b-010101010000,외과,1,489,111,653
a51810e7-f03e-11ef-be2d-010101010000,내과,0,63,502,168
a5185efb-f03e-11ef-b11d-010101010000,내과,1,199,308,1035
a51b1e47-f03e-11ef-a1b7-010101010000,외과,1,3,1,2
a51b1e48-f03e-11ef-9a38-010101010000,내과,1,5,2,4
a51bba86-f03e-11ef-b723-010101010000,치과,0,1,4,1
a51c7ddd-f03e-11ef-9a03-010101010000,내과,1,6,1,33
a51ca4e5-f03e-11ef-93d2-010101010000,내과,1,117,114,157
a51d4128-f03e-11ef-bb57-010101010000,내과,1,10,38,30
a51db656-f03e-11ef-bcb4-010101010000,내과,1,3,21,3
a51ddd6a-f03e-11ef-a797-010101010000,외과,1,18,213,40
a51e2b8a-f03e-11ef-9ac1-010101010000,내과,1,1,1,1
a52111fb-f03e-11ef-afd8-010101010000,내과,1,19,9,50
a5218792-f03e-11ef-a8cf-010101010000,외과,1,100,56,290
a5225e39-f03e-11ef-807e-010101010000,내과,1,4,45,127
a5228593-f03e-11ef-b49d-010101010000,내과,1,4,25,10
a523e52e-f03e-11ef-aca2-010101010000,외과,1,3,4,3
a524cf7c-f03e-11ef-b116-010101010000,내과,1,11,6,71
a5262f1b-f03e-11ef-9a74-010101010000,내과,1,2,3,11
a5267d36-f03e-11ef-92c7-010101010000,내과,1,100,457,340
a526a44d-f03e-11ef-93bf-010101010000,내과,0,30,100,58
a526f26d-f03e-11ef-a7c9-010101010000,내과,1,752,834,1552
a5278eaf-f03e-11ef-a7c0-010101010000,내과,0,2125,616,5479
a527dcce-f03e-11ef-a353-010101010000,내과,1,71,219,172
a5293c41-f03e-11ef-9534-010101010000,내과,1,194,266,977
a52a26b3-f03e-11ef-8bb9-010101010000,피부과,0,72,514,96
a52a26b5-f03e-11ef-905c-010101010000,내과,0,79,219,232
a52b5f34-f03e-11ef-8456-010101010000,내과,1,10336,14349,13955
a52c7092-f03e-11ef-9fb8-010101010000,외과,0,1454,1244,3343
a52d5aeb-f03e-11ef-89e7-010101010000,내과,0,5065,894,7387
a52e1e3b-f03e-11ef-b177-010101010000,내과,0,71,27,100
a52ee1ab-f03e-11ef-adfb-010101010000,내과,0,155,873,400
a530ddc2-f03e-11ef-ac03-010101010000,내과,1,1648,1701,2370
a531a108-f03e-11ef-a5ed-010101010000,피부과,0,723,44,1682
a53266bd-f03e-11ef-b59a-010101010000,내과,0,650,3810,1367
a53266be-f03e-11ef-adfd-010101010000,외과,1,32,1,101
a5328dcf-f03e-11ef-9cc4-010101010000,내과,0,112,187,325
a533782c-f03e-11ef-9126-010101010000,내과,0,45,80,103
a5339f3a-f03e-11ef-bbda-010101010000,내과,1,21,106,26
a5341460-f03e-11ef-b7e7-010101010000,외과,0,2,1,2
a534b0a9-f03e-11ef-bbe2-010101010000,내과,0,11,39,10
a534d7bf-f03e-11ef-9e16-010101010000,치과,0,1,2,1
a534fecd-f03e-11ef-9544-010101010000,내과,1,6514,932,11712
a5354ce9-f03e-11ef-8cdd-010101010000,외과,0,1,1,1
a5359b0f-f03e-11ef-ba5b-010101010000,외과,0,118,326,51
a5368567-f03e-11ef-8579-010101010000,피부과,0,326,455,3020
a536fa9c-f03e-11ef-913e-010101010000,내과,0,15,74,57
a5376fca-f03e-11ef-bbcd-010101010000,내과,1,1346,2016,3926
a5385a2b-f03e-11ef-bd02-010101010000,외과,0,2048,1177,4186
a539447b-f03e-11ef-8a32-010101010000,내과,0,207,99,185
a5399297-f03e-11ef-8306-010101010000,내과,0,634,1277,289
a53af239-f03e-11ef-a4d5-010101010000,내과,0,917,2234,1773
a53b405c-f03e-11ef-9da5-010101010000,내과,0,649,552,1586
a53bb5a5-f03e-11ef-87e5-010101010000,내과,0,440,162,109
a53bdc9c-f03e-11ef-8d07-010101010000,내과,1,358,1502,1203
a53c78db-f03e-11ef-9ba4-010101010000,내과,0,10453,9860,8086
a53c9fec-f03e-11ef-a696-010101010000,피부과,0,6,9,5
a53f5f52-f03e-11ef-bf2e-010101010000,내과,0,19,14,43
a540e5da-f03e-11ef-9594-010101010000,외과,0,123,319,160
a54220a6-f03e-11ef-8a82-010101010000,외과,0,4646,343,7142
a5426ec4-f03e-11ef-8e3a-010101010000,내과,0,70,1,48
a543a742-f03e-11ef-adfa-010101010000,피부과,1,99,172,106
a54491a3-f03e-11ef-9c7a-010101010000,피부과,0,6158,3637,5611
a544dfc3-f03e-11ef-b8bb-010101010000,외과,0,94,520,112
a5452de4-f03e-11ef-9cb6-010101010000,외과,0,702,648,607
a545a312-f03e-11ef-b40f-010101010000,내과,0,15,7,25
a5466661-f03e-11ef-b8bf-010101010000,내과,1,2,5,4
a546b484-f03e-11ef-a806-010101010000,내과,0,2,23,15
a5492584-f03e-11ef-a858-010101010000,내과,0,30,52,25
a5494c92-f03e-11ef-9982-010101010000,내과,0,1860,1362,1508
a549e8d2-f03e-11ef-a2e1-010101010000,내과,0,40,24,80
a549e8d4-f03e-11ef-a33b-010101010000,내과,1,1,1,2
a54b9681-f03e-11ef-badd-010101010000,내과,1,33,21,62
a54c32c4-f03e-11ef-8ae6-010101010000,내과,0,74,71,45
a54ccee4-f03e-11ef-b659-010101010000,내과,1,2986,4321,10676
a54e078b-f03e-11ef-be4c-010101010000,내과,0,202,401,258
a54f8e2e-f03e-11ef-b919-010101010000,외과,0,4,8,1
a5502a6a-f03e-11ef-8680-010101010000,치과,1,1,2,1
a550a3ba-f03e-11ef-ab34-010101010000,피부과,0,7597,14297,13309
a550cac0-f03e-11ef-b8bc-010101010000,내과,0,172,800,473
a55314c2-f03e-11ef-a289-010101010000,내과,0,47,4482,79
a5569726-f03e-11ef-889c-010101010000,피부과,0,1690,4259,1615
a556be35-f03e-11ef-85ed-010101010000,내과,0,1581,1569,2545
a557818f-f03e-11ef-9cea-010101010000,내과,0,21,6,23
a557cfa7-f03e-11ef-bb0d-010101010000,내과,0,1067,826,2459
a5581dcb-f03e-11ef-b31b-010101010000,내과,0,3,2,1
a5586bf2-f03e-11ef-b0a4-010101010000,내과,0,1901,861,1761
a559f28c-f03e-11ef-8fc5-010101010000,내과,0,14558,13526,19653
a55a40aa-f03e-11ef-a7c2-010101010000,외과,1,1605,1292,4329
a55ab5d9-f03e-11ef-8d88-010101010000,내과,1,373,2237,1730
a55b2b07-f03e-11ef-9542-010101010000,피부과,0,30,40,28
a55c1566-f03e-11ef-b00c-010101010000,내과,0,788,2779,2710
a55e3861-f03e-11ef-97ee-010101010000,내과,1,2361,406,4445
a55ead98-f03e-11ef-a876-010101010000,내과,0,26,53,96
a55f70f9-f03e-11ef-82ac-010101010000,내과,0,7,31,18
a5601082-f03e-11ef-93b7-010101010000,피부과,0,1,21,2
a560d3d9-f03e-11ef-aeba-010101010000,외과,0,148,655,187
a56121f3-f03e-11ef-bf30-010101010000,피부과,0,3555,5585,3872
a56148ff-f03e-11ef-864b-010101010000,내과,0,6,3,3
a562cfa1-f03e-11ef-932d-010101010000,내과,0,276,356,288
a56344d9-f03e-11ef-b59d-010101010000,내과,0,275,210,901
a5636be6-f03e-11ef-b732-010101010000,내과,0,468,107,594
a56392ef-f03e-11ef-ba15-010101010000,내과,1,475,453,625
a563ba04-f03e-11ef-9b06-010101010000,내과,0,1,1,1
a5640823-f03e-11ef-8590-010101010000,내과,0,6,31,18
a5640824-f03e-11ef-8262-010101010000,외과,0,90,313,136
a564cbc3-f03e-11ef-beb1-010101010000,외과,1,1105,699,2218
a564f28c-f03e-11ef-b61d-010101010000,내과,0,232,659,109
a5662b03-f03e-11ef-a06f-010101010000,내과,0,2,2,2
a5665214-f03e-11ef-8c1c-010101010000,치과,0,20,4,18
a5673c77-f03e-11ef-be81-010101010000,내과,0,3,11,2
a5676385-f03e-11ef-bb61-010101010000,피부과,0,858,725,1236
a567ffd5-f03e-11ef-8426-010101010000,외과,0,293,126,402
a56826e6-f03e-11ef-8d39-010101010000,외과,0,671,616,4469
a5684df3-f03e-11ef-a089-010101010000,피부과,0,113,10,61
a568750b-f03e-11ef-8946-010101010000,내과,0,1,1,1
a5689c12-f03e-11ef-ad78-010101010000,외과,0,416,201,394
a569ad95-f03e-11ef-973e-010101010000,내과,0,86,208,110
a56a2326-f03e-11ef-81fa-010101010000,외과,1,423,796,337
a56b0d10-f03e-11ef-8b66-010101010000,피부과,0,2376,1265,1385
a56bf781-f03e-11ef-a0da-010101010000,내과,0,98,37,20
a56c1e94-f03e-11ef-bcd9-010101010000,내과,0,1,1,1
a56c6ca3-f03e-11ef-ad12-010101010000,외과,0,340,325,207
a56c93e9-f03e-11ef-bfbc-010101010000,내과,0,91,84,49
a56d7e46-f03e-11ef-b1df-010101010000,내과,0,81,372,68
a56da558-f03e-11ef-864f-010101010000,내과,0,657,292,1485
a56df373-f03e-11ef-aa45-010101010000,내과,0,192,431,428
a56eca98-f03e-11ef-acbc-010101010000,피부과,0,10,32,8
a56ef1dd-f03e-11ef-8654-010101010000,외과,0,192,55,160
a56f3ffd-f03e-11ef-9eff-010101010000,안과,0,4,14,6
a56fdc3c-f03e-11ef-93c9-010101010000,외과,0,73,41,49
a570787b-f03e-11ef-ab59-010101010000,내과,0,400,601,775
a571b0fb-f03e-11ef-a338-010101010000,외과,0,1001,1204,917
a572744f-f03e-11ef-b424-010101010000,외과,0,69,65,51
a573108f-f03e-11ef-86ea-010101010000,내과,0,1,1,1
a5735eb4-f03e-11ef-b168-010101010000,내과,0,11974,11447,15755
a57385c0-f03e-11ef-aab2-010101010000,외과,0,228,96,210
a57385c1-f03e-11ef-b442-010101010000,외과,1,1469,3072,2901
a5749733-f03e-11ef-8925-010101010000,피부과,1,1,1,4
a5755a83-f03e-11ef-be9f-010101010000,외과,0,320,104,221
a5758194-f03e-11ef-8f69-010101010000,외과,0,51,17,42
a575a8a3-f03e-11ef-8a03-010101010000,내과,0,39,68,42
a575cfab-f03e-11ef-a39e-010101010000,외과,1,277,62,238
a5761dd4-f03e-11ef-abb8-010101010000,치과,0,34,26,31
a5766bfa-f03e-11ef-8978-010101010000,외과,1,134,196,126
